PathFileType	4	(X/Y/Z)	D:\Documents\Paper\paper_03\paper_step_1_data\data_step_3\marker\BD\subject_01.tsv
DataRate	CameraRate	NumFrames	NumMarkers	Units	OrigDataRate	OrigDataStartFrame	OrigNumFrames
200	200	804	43	mm	200	0	200
Frame#	Time	Top.Head			L.Acromium			R.Acromium			Sternum			L.ASIS			R.ASIS			V.Sacral			R.Knee.Lat			R.Knee.Med			L.Knee.Lat			L.Knee.Med			L.Ankle.Lat			L.Toe.Tip			R.Heel			R.Ankle.Med			R.Ankle.Lat			L.Toe.Med			L.Toe.Lat			L.Heel			L.Ankle.Med			L.Shank1			L.Shank2			R.Toe.Tip			R.Toe.Med			R.Toe.Lat			L.Thigh2			L.Thigh1			L.Thigh3			R.Thigh3			R.Thigh1			R.Thigh2			R.Shank1			R.Shank2			R.Shank3			L.Shank3			L.Shank4			R.Shank4			L.Thigh4			R.Thigh4			R.Heel.Lat			R.Heel.Med			L.Heel.Lat			L.Heel.Med		
		X1	Y1	Z1	X2	Y2	Z2	X3	Y3	Z3	X4	Y4	Z4	X5	Y5	Z5	X6	Y6	Z6	X7	Y7	Z7	X8	Y8	Z8	X9	Y9	Z9	X10	Y10	Z10	X11	Y11	Z11	X12	Y12	Z12	X13	Y13	Z13	X14	Y14	Z14	X15	Y15	Z15	X16	Y16	Z16	X17	Y17	Z17	X18	Y18	Z18	X19	Y19	Z19	X20	Y20	Z20	X21	Y21	Z21	X22	Y22	Z22	X23	Y23	Z23	X24	Y24	Z24	X25	Y25	Z25	X26	Y26	Z26	X27	Y27	Z27	X28	Y28	Z28	X29	Y29	Z29	X30	Y30	Z30	X31	Y31	Z31	X32	Y32	Z32	X33	Y33	Z33	X34	Y34	Z34	X35	Y35	Z35	X36	Y36	Z36	X37	Y37	Z37	X38	Y38	Z38	X39	Y39	Z39	X40	Y40	Z40	X41	Y41	Z41	X42	Y42	Z42	X43	Y43	Z43
1397	6.98	927.193	1692.83	-994.95	934.089	1410.636	-818.497	1093.929	1399.271	-1090.187	902.228	1358.6	-1019.958	804.71	911.924	-933.135	928.409	931.723	-1134.664	1009.207	964.191	-953.402	1003.576	474.92	-1166.034	948.632	454.752	-1065.918	849.468	476.397	-847.474	885.961	456.721	-950.59	906.995	102.798	-808.734	726.803	56.499	-869.447	1104.97	34.223	-1104.194	990.316	103.268	-1115.324	1060.666	104.756	-1174.015	786.821	45.287	-908.079	793.467	46.363	-802.845	1001.352	31.458	-814.585	927.101	104.49	-894.675	831.645	388.248	-837.016	829.277	307.635	-819.702	875.996	54.659	-1277.271	900.027	44.535	-1205.411	986.506	37.466	-1275.042	791.427	612.943	-879.499	792.634	695.892	-875.774	836.81	692.298	-830.281	1031.885	656.466	-1156.201	977.265	647.959	-1189.464	978.132	564.939	-1182.4	987.925	390.173	-1205.161	1003.357	303.927	-1210.665	1047.136	399.323	-1181.94	883.38	396.015	-801.776	885.237	309.907	-785.26	1062.461	317.236	-1187.555	838.144	603.538	-834.122	1031.525	568.069	-1149.547	1098.329	32.088	-1172.718	1024.832	25.267	-1101.026	935.333	22.352	-780.042	956.502	27.264	-883.618
1398	6.985	927.147	1692.836	-994.989	934.105	1410.636	-818.515	1093.92	1399.289	-1090.224	902.203	1358.618	-1019.969	804.697	911.919	-933.115	928.414	931.752	-1134.685	1009.172	964.19	-953.434	1003.58	474.94	-1166.048	948.634	454.741	-1065.964	849.516	476.428	-847.43	885.992	456.696	-950.555	906.971	102.805	-808.729	726.769	56.56	-869.535	1104.933	34.218	-1104.226	990.344	103.245	-1115.329	1060.663	104.713	-1174.008	786.775	45.258	-908.139	793.453	46.384	-802.846	1001.383	31.468	-814.544	927.12	104.52	-894.681	831.581	388.263	-837.06	829.252	307.612	-819.685	875.993	54.643	-1277.267	900.021	44.549	-1205.408	986.479	37.477	-1275.026	791.422	612.958	-879.489	792.632	695.862	-875.77	836.797	692.292	-830.307	1031.903	656.451	-1156.179	977.256	647.973	-1189.47	978.152	564.933	-1182.38	987.935	390.179	-1205.153	1003.353	303.895	-1210.656	1047.144	399.327	-1181.943	883.398	395.98	-801.77	885.222	309.908	-785.251	1062.45	317.274	-1187.55	838.13	603.543	-834.13	1031.513	568.064	-1149.541	1098.321	32.09	-1172.74	1024.811	25.26	-1101.015	935.344	22.302	-780.081	956.479	27.289	-883.638
1399	6.99	927.127	1692.835	-994.991	934.063	1410.632	-818.504	1093.917	1399.279	-1090.22	902.205	1358.637	-1019.996	804.666	911.937	-933.129	928.434	931.708	-1134.642	1009.141	964.242	-953.414	1003.59	474.923	-1166.008	948.61	454.756	-1065.918	849.494	476.416	-847.414	885.992	456.699	-950.564	906.987	102.792	-808.777	726.693	56.524	-869.642	1104.937	34.211	-1104.196	990.303	103.266	-1115.328	1060.809	104.947	-1174.004	786.69	45.29	-908.219	793.471	46.369	-802.829	1001.366	31.437	-814.581	927.081	104.54	-894.658	831.515	388.23	-837.148	829.262	307.621	-819.692	875.95	54.691	-1277.305	900.049	44.534	-1205.396	986.494	37.424	-1275.033	791.42	612.963	-879.531	792.623	695.861	-875.774	836.8	692.298	-830.307	1031.896	656.455	-1156.177	977.252	647.97	-1189.447	978.155	564.926	-1182.404	987.93	390.146	-1205.145	1003.362	303.899	-1210.649	1047.142	399.329	-1181.972	883.376	396.014	-801.763	885.201	309.916	-785.279	1062.434	317.277	-1187.553	838.14	603.549	-834.192	1031.503	568.045	-1149.461	1098.296	32.077	-1172.732	1024.849	25.262	-1101.001	935.281	22.285	-780.092	956.459	27.317	-883.637
1400	6.995	927.094	1692.837	-995.019	934.071	1410.655	-818.517	1093.901	1399.271	-1090.24	902.189	1358.618	-1019.975	804.674	911.964	-933.129	928.426	931.747	-1134.662	1009.147	964.188	-953.42	1003.569	474.946	-1166.042	948.588	454.765	-1065.941	849.487	476.356	-847.42	885.974	456.712	-950.56	906.989	102.807	-808.731	726.674	56.575	-869.696	1104.92	34.245	-1104.203	990.323	103.207	-1115.273	1060.728	104.722	-1173.984	786.673	45.275	-908.27	793.467	46.366	-802.859	1001.374	31.496	-814.599	927.133	104.527	-894.637	831.474	388.261	-837.244	829.238	307.639	-819.69	875.945	54.672	-1277.312	900.026	44.553	-1205.395	986.485	37.43	-1275.024	791.411	612.947	-879.49	792.614	695.889	-875.785	836.777	692.31	-830.293	1031.898	656.44	-1156.193	977.268	647.994	-1189.457	978.128	564.912	-1182.37	987.887	390.164	-1205.153	1003.318	303.901	-1210.665	1047.111	399.341	-1181.956	883.341	396.003	-801.765	885.222	309.912	-785.243	1062.458	317.303	-1187.576	838.113	603.53	-834.201	1031.488	568.043	-1149.523	1098.308	32.105	-1172.703	1024.809	25.265	-1100.981	935.33	22.287	-780.079	956.491	27.322	-883.63
1401	7	927.079	1692.841	-995.062	934.06	1410.631	-818.533	1093.918	1399.286	-1090.246	902.18	1358.663	-1020.036	804.654	911.963	-933.132	928.418	931.721	-1134.652	1009.143	964.174	-953.408	1003.554	474.962	-1166.039	948.603	454.728	-1065.927	849.689	476.215	-846.983	885.974	456.725	-950.588	906.974	102.791	-808.766	726.706	56.603	-869.724	1104.934	34.248	-1104.216	990.284	103.199	-1115.272	1060.785	104.766	-1173.966	786.708	45.294	-908.245	793.465	46.359	-802.837	1001.385	31.478	-814.574	927.091	104.506	-894.653	831.44	388.259	-837.298	829.243	307.647	-819.688	875.904	54.727	-1277.348	900.018	44.564	-1205.401	986.492	37.433	-1275.036	791.4	612.988	-879.521	792.599	695.91	-875.799	836.777	692.325	-830.296	1031.893	656.454	-1156.205	977.266	647.982	-1189.467	978.125	564.94	-1182.391	987.899	390.182	-1205.151	1003.313	303.911	-1210.656	1047.09	399.366	-1181.964	883.33	396.001	-801.78	885.238	309.927	-785.26	1062.41	317.306	-1187.591	838.08	603.515	-834.216	1031.505	567.984	-1149.493	1098.307	32.095	-1172.712	1024.845	25.254	-1101.01	935.321	22.302	-780.076	956.492	27.298	-883.606
1402	7.005	927.032	1692.876	-995.086	934.055	1410.618	-818.526	1093.906	1399.29	-1090.264	902.163	1358.68	-1020.024	804.67	911.977	-933.144	928.416	931.741	-1134.662	1009.126	964.184	-953.39	1003.562	474.983	-1166.04	948.582	454.762	-1065.921	849.729	476.132	-846.844	886.046	456.772	-950.572	906.982	102.83	-808.732	726.775	56.682	-869.631	1104.921	34.247	-1104.207	990.303	103.225	-1115.259	1060.832	104.862	-1173.972	786.727	45.327	-908.193	793.469	46.388	-802.844	1001.365	31.466	-814.58	927.093	104.577	-894.631	831.38	388.252	-837.38	829.242	307.644	-819.688	875.909	54.734	-1277.337	900.032	44.55	-1205.417	986.495	37.442	-1275.024	791.406	612.974	-879.514	792.594	695.898	-875.795	836.752	692.313	-830.306	1031.881	656.467	-1156.192	977.246	648.007	-1189.465	978.119	564.918	-1182.372	987.899	390.17	-1205.151	1003.281	303.907	-1210.665	1047.092	399.376	-1181.939	883.331	396.025	-801.774	885.263	309.868	-785.244	1062.406	317.305	-1187.565	838.038	603.515	-834.248	1031.479	568.052	-1149.53	1098.302	32.085	-1172.691	1024.83	25.29	-1100.977	935.337	22.315	-780.073	956.484	27.349	-883.633
1403	7.01	927.034	1692.863	-995.11	934.028	1410.619	-818.536	1093.896	1399.263	-1090.268	902.157	1358.687	-1020.05	804.663	911.976	-933.16	928.417	931.755	-1134.681	1009.143	964.215	-953.412	1003.506	474.983	-1166.049	948.533	454.782	-1065.941	849.734	476.115	-846.745	886.013	456.749	-950.578	906.988	102.789	-808.725	726.903	56.668	-869.443	1104.942	34.224	-1104.201	990.293	103.232	-1115.308	1060.649	104.75	-1174.038	786.77	45.34	-908.176	793.485	46.374	-802.829	1001.375	31.467	-814.584	927.105	104.524	-894.656	831.323	388.293	-837.414	829.239	307.647	-819.682	875.899	54.681	-1277.365	900.001	44.59	-1205.409	986.513	37.478	-1275.006	791.375	612.981	-879.519	792.581	695.879	-875.797	836.737	692.318	-830.306	1031.876	656.466	-1156.216	977.233	648.011	-1189.473	978.102	564.98	-1182.371	987.885	390.194	-1205.142	1003.297	303.931	-1210.684	1047.093	399.345	-1181.952	883.351	396.022	-801.796	885.243	309.929	-785.238	1062.4	317.291	-1187.592	838.036	603.508	-834.264	1031.487	568.077	-1149.52	1098.294	32.124	-1172.683	1024.819	25.261	-1101.014	935.315	22.327	-780.083	956.504	27.343	-883.599
1404	7.015	927.002	1692.867	-995.127	934.014	1410.641	-818.56	1093.886	1399.281	-1090.264	902.136	1358.702	-1020.026	804.656	911.988	-933.148	928.42	931.728	-1134.665	1009.101	964.161	-953.364	1003.507	474.989	-1166.03	948.524	454.781	-1065.937	849.735	476.074	-846.735	886.002	456.755	-950.572	906.983	102.813	-808.75	727.168	56.656	-868.977	1104.922	34.248	-1104.212	990.254	103.244	-1115.292	1060.626	104.694	-1174.062	787.142	45.467	-907.69	793.456	46.389	-802.834	1001.358	31.48	-814.56	927.105	104.538	-894.669	831.287	388.282	-837.483	829.238	307.628	-819.698	875.877	54.702	-1277.366	900.022	44.557	-1205.375	986.503	37.473	-1275.022	791.381	612.968	-879.527	792.579	695.894	-875.805	836.711	692.29	-830.294	1031.841	656.483	-1156.221	977.227	648.008	-1189.475	978.092	564.942	-1182.403	987.842	390.183	-1205.152	1003.274	303.94	-1210.691	1047.082	399.341	-1181.966	883.337	396.031	-801.793	885.202	309.894	-785.244	1062.389	317.321	-1187.596	838.001	603.496	-834.324	1031.446	568.044	-1149.541	1098.303	32.112	-1172.698	1024.808	25.259	-1101	935.33	22.309	-780.099	956.516	27.35	-883.632
1405	7.02	926.996	1692.873	-995.118	933.979	1410.635	-818.559	1093.889	1399.286	-1090.308	902.118	1358.696	-1020.054	804.655	911.953	-933.122	928.391	931.737	-1134.654	1009.057	964.149	-953.356	1003.493	474.991	-1166.019	948.505	454.807	-1065.945	849.82	476.142	-846.68	885.993	456.731	-950.556	907.227	103.209	-808.464	727.169	56.672	-868.991	1104.935	34.262	-1104.184	990.281	103.24	-1115.259	1060.73	104.758	-1173.97	787.127	45.437	-907.667	793.469	46.361	-802.823	1001.334	31.439	-814.572	927.105	104.537	-894.637	831.237	388.279	-837.552	829.225	307.633	-819.685	875.881	54.7	-1277.361	900.014	44.567	-1205.408	986.477	37.505	-1275.025	791.363	612.976	-879.516	792.567	695.91	-875.8	836.684	692.301	-830.3	1031.837	656.493	-1156.211	977.198	647.992	-1189.461	978.072	564.966	-1182.399	987.835	390.192	-1205.176	1003.235	303.905	-1210.666	1047.064	399.334	-1181.937	883.323	396.017	-801.785	885.238	309.891	-785.249	1062.37	317.332	-1187.594	837.995	603.475	-834.337	1031.437	568.029	-1149.551	1098.298	32.097	-1172.68	1024.825	25.28	-1100.997	935.35	22.334	-780.084	956.49	27.319	-883.599
1406	7.025	926.995	1692.895	-995.166	933.965	1410.658	-818.556	1093.865	1399.264	-1090.279	902.126	1358.718	-1020.076	804.649	911.949	-933.125	928.386	931.724	-1134.639	1009.062	964.155	-953.367	1003.494	474.996	-1166.059	948.527	454.769	-1065.927	849.82	476.053	-846.635	885.993	456.772	-950.567	906.964	102.774	-808.744	727.171	56.676	-868.962	1104.925	34.279	-1104.224	990.28	103.231	-1115.27	1060.688	104.76	-1173.981	787.1	45.442	-907.67	793.444	46.384	-802.832	1001.371	31.485	-814.577	927.072	104.486	-894.659	831.251	388.284	-837.6	829.228	307.623	-819.694	875.878	54.714	-1277.37	900.008	44.603	-1205.407	986.482	37.447	-1275.012	791.362	612.994	-879.521	792.546	695.889	-875.827	836.68	692.277	-830.302	1031.807	656.506	-1156.232	977.204	648.006	-1189.464	978.064	564.934	-1182.379	987.825	390.193	-1205.155	1003.255	303.896	-1210.655	1047.05	399.364	-1181.973	883.312	396.006	-801.783	885.188	309.885	-785.27	1062.362	317.309	-1187.606	837.985	603.469	-834.393	1031.44	568.073	-1149.507	1098.301	32.124	-1172.697	1024.823	25.3	-1100.991	935.327	22.306	-780.089	956.466	27.336	-883.604
1407	7.03	926.973	1692.872	-995.153	933.956	1410.622	-818.589	1093.872	1399.277	-1090.305	902.112	1358.702	-1020.063	804.635	911.957	-933.14	928.38	931.755	-1134.673	1009.081	964.17	-953.331	1003.496	475.01	-1166.038	948.502	454.773	-1065.933	849.772	476.04	-846.654	885.979	456.722	-950.575	906.98	102.817	-808.696	727.164	56.651	-868.966	1104.928	34.298	-1104.208	990.254	103.25	-1115.28	1060.609	104.706	-1174.007	787.152	45.435	-907.664	793.458	46.392	-802.832	1001.346	31.441	-814.591	927.067	104.56	-894.656	831.167	388.263	-837.639	829.198	307.644	-819.697	875.906	54.711	-1277.326	900.013	44.569	-1205.398	986.465	37.447	-1275.012	791.345	613.007	-879.501	792.537	695.897	-875.797	836.66	692.288	-830.29	1031.81	656.492	-1156.227	977.187	648.013	-1189.479	978.038	564.953	-1182.376	987.854	390.184	-1205.144	1003.213	303.937	-1210.673	1047.044	399.381	-1181.97	883.297	396.007	-801.783	885.191	309.904	-785.241	1062.362	317.323	-1187.591	837.934	603.447	-834.42	1031.439	568.102	-1149.537	1098.297	32.097	-1172.68	1024.791	25.281	-1101.002	935.319	22.315	-780.064	956.498	27.29	-883.593
1408	7.035	926.966	1692.857	-995.162	933.929	1410.64	-818.606	1093.847	1399.267	-1090.335	902.081	1358.694	-1020.092	804.624	911.954	-933.11	928.378	931.716	-1134.656	1009.04	964.168	-953.387	1003.487	474.992	-1166.045	948.512	454.764	-1065.91	849.758	476.016	-846.605	885.917	456.744	-950.574	906.959	102.78	-808.762	727.418	56.705	-868.597	1104.912	34.285	-1104.196	990.279	103.218	-1115.242	1060.688	104.84	-1173.997	786.881	45.34	-907.954	793.441	46.369	-802.837	1001.331	31.49	-814.589	927.073	104.497	-894.693	831.143	388.281	-837.672	829.208	307.64	-819.718	875.954	54.665	-1277.283	900.023	44.539	-1205.39	986.472	37.466	-1275.006	791.329	612.956	-879.495	792.517	695.868	-875.785	836.669	692.255	-830.29	1031.799	656.47	-1156.215	977.171	647.982	-1189.476	978.044	564.982	-1182.383	987.811	390.183	-1205.143	1003.236	303.883	-1210.636	1047.037	399.374	-1181.975	883.285	396.013	-801.78	885.19	309.899	-785.259	1062.357	317.295	-1187.591	837.934	603.434	-834.45	1031.411	568.028	-1149.489	1098.302	32.111	-1172.674	1024.807	25.272	-1101.001	935.341	22.319	-780.08	956.495	27.286	-883.591
1409	7.04	926.967	1692.857	-995.159	933.909	1410.647	-818.62	1093.837	1399.244	-1090.333	902.085	1358.702	-1020.114	804.63	911.952	-933.116	928.349	931.733	-1134.667	1009.064	964.201	-953.363	1003.492	474.977	-1166.028	948.513	454.751	-1065.942	849.727	475.987	-846.622	885.979	456.768	-950.569	906.934	102.819	-808.723	727.465	56.69	-868.506	1104.925	34.257	-1104.193	990.283	103.231	-1115.296	1060.713	104.86	-1174.016	786.887	45.312	-907.935	793.465	46.367	-802.819	1001.332	31.479	-814.561	927.074	104.515	-894.647	831.1	388.28	-837.723	829.21	307.619	-819.692	876.017	54.608	-1277.236	900.015	44.544	-1205.409	986.47	37.499	-1275.047	791.335	612.973	-879.507	792.535	695.855	-875.774	836.628	692.28	-830.299	1031.823	656.466	-1156.178	977.165	648.02	-1189.467	978.049	564.974	-1182.379	987.815	390.193	-1205.123	1003.223	303.894	-1210.624	1047.049	399.347	-1181.95	883.288	395.995	-801.769	885.183	309.905	-785.264	1062.364	317.276	-1187.592	837.928	603.444	-834.476	1031.405	568.056	-1149.492	1098.298	32.142	-1172.688	1024.818	25.286	-1100.98	935.29	22.276	-780.08	956.461	27.331	-883.623
1410	7.045	926.936	1692.903	-995.208	933.902	1410.637	-818.598	1093.813	1399.261	-1090.363	902.068	1358.72	-1020.129	804.603	911.958	-933.141	928.314	931.708	-1134.661	1009.085	964.189	-953.366	1003.491	474.997	-1166.035	948.512	454.782	-1065.94	849.701	475.969	-846.637	886.011	456.747	-950.543	907.19	103.212	-808.473	727.453	56.695	-868.498	1104.917	34.247	-1104.196	990.296	103.201	-1115.236	1060.743	104.874	-1173.947	786.869	45.297	-907.926	793.448	46.381	-802.836	1001.345	31.475	-814.583	927.099	104.473	-894.691	831.075	388.304	-837.746	829.21	307.624	-819.711	876.04	54.613	-1277.2	900.024	44.523	-1205.381	986.495	37.473	-1275.042	791.329	612.979	-879.492	792.512	695.854	-875.785	836.634	692.267	-830.264	1031.801	656.485	-1156.168	977.173	648.01	-1189.451	978.029	564.963	-1182.366	987.824	390.18	-1205.131	1003.234	303.924	-1210.663	1047.045	399.37	-1181.963	883.341	395.997	-801.77	885.173	309.894	-785.235	1062.369	317.31	-1187.584	837.894	603.452	-834.491	1031.406	568.096	-1149.51	1098.291	32.075	-1172.704	1024.834	25.273	-1100.991	935.318	22.287	-780.104	956.473	27.327	-883.611
1411	7.05	926.929	1692.879	-995.226	933.894	1410.675	-818.649	1093.808	1399.248	-1090.363	902.055	1358.706	-1020.154	804.581	911.944	-933.117	928.302	931.674	-1134.652	1009.038	964.177	-953.364	1003.499	474.977	-1166.044	948.529	454.748	-1065.919	849.7	475.983	-846.643	885.978	456.774	-950.553	906.954	102.808	-808.707	727.47	56.714	-868.548	1104.923	34.279	-1104.208	990.275	103.285	-1115.29	1060.732	104.802	-1173.959	786.873	45.292	-907.945	793.447	46.386	-802.851	1001.35	31.456	-814.566	927.035	104.482	-894.691	831.06	388.281	-837.783	829.205	307.658	-819.687	876.079	54.597	-1277.213	900.014	44.578	-1205.39	986.461	37.435	-1275.012	791.316	613.007	-879.524	792.507	695.872	-875.778	836.642	692.285	-830.271	1031.806	656.447	-1156.198	977.172	648.033	-1189.455	978.047	564.949	-1182.356	987.818	390.204	-1205.14	1003.239	303.921	-1210.657	1047.041	399.363	-1181.955	883.314	396.009	-801.765	885.223	309.913	-785.247	1062.374	317.291	-1187.589	837.869	603.492	-834.537	1031.402	568.122	-1149.501	1098.291	32.157	-1172.713	1024.789	25.299	-1101.015	935.304	22.305	-780.081	956.465	27.32	-883.602
1412	7.055	926.948	1692.877	-995.205	933.874	1410.692	-818.648	1093.796	1399.214	-1090.351	902.026	1358.73	-1020.169	804.571	911.961	-933.132	928.273	931.665	-1134.671	1009.018	964.18	-953.406	1003.51	474.991	-1166.015	948.489	454.771	-1065.895	849.725	476.012	-846.657	885.968	456.747	-950.528	906.962	102.812	-808.763	727.423	56.645	-868.545	1104.916	34.3	-1104.219	990.293	103.192	-1115.279	1060.664	104.794	-1174.036	786.877	45.332	-907.969	793.459	46.384	-802.841	1001.35	31.475	-814.593	927.1	104.569	-894.676	831.03	388.275	-837.804	829.234	307.634	-819.695	876.111	54.585	-1277.151	900.013	44.577	-1205.418	986.486	37.465	-1275.04	791.31	612.983	-879.479	792.501	695.876	-875.781	836.648	692.291	-830.279	1031.794	656.494	-1156.154	977.168	647.988	-1189.432	978.067	564.979	-1182.342	987.848	390.183	-1205.129	1003.25	303.907	-1210.634	1047.027	399.393	-1181.964	883.307	395.991	-801.765	885.172	309.898	-785.275	1062.362	317.297	-1187.573	837.902	603.463	-834.603	1031.424	568.098	-1149.549	1098.3	32.127	-1172.709	1024.797	25.285	-1101.015	935.333	22.325	-780.047	956.499	27.34	-883.634
1413	7.06	926.953	1692.841	-995.218	933.85	1410.689	-818.659	1093.791	1399.253	-1090.364	902.01	1358.713	-1020.144	804.555	911.935	-933.127	928.25	931.69	-1134.652	1009.042	964.195	-953.399	1003.503	474.981	-1166.005	948.541	454.764	-1065.924	849.704	476.002	-846.671	885.98	456.737	-950.55	907.2	103.249	-808.489	727.407	56.63	-868.567	1104.93	34.278	-1104.204	990.304	103.229	-1115.26	1060.803	104.879	-1173.925	786.897	45.39	-908.011	793.465	46.375	-802.85	1001.338	31.472	-814.571	927.08	104.543	-894.666	831.035	388.276	-837.821	829.231	307.647	-819.673	876.113	54.577	-1277.158	900.003	44.556	-1205.404	986.476	37.442	-1275.037	791.306	612.998	-879.495	792.523	695.879	-875.749	836.656	692.303	-830.261	1031.795	656.483	-1156.201	977.169	648.01	-1189.433	978.066	564.958	-1182.361	987.846	390.174	-1205.119	1003.26	303.92	-1210.632	1047.056	399.364	-1181.945	883.326	395.992	-801.734	885.208	309.897	-785.24	1062.393	317.282	-1187.546	837.897	603.476	-834.582	1031.405	568.077	-1149.491	1098.31	32.117	-1172.719	1024.797	25.277	-1101.015	935.334	22.306	-780.059	956.505	27.299	-883.584
1414	7.065	926.956	1692.865	-995.245	933.821	1410.683	-818.666	1093.781	1399.251	-1090.377	901.993	1358.736	-1020.172	804.547	911.959	-933.123	928.225	931.661	-1134.664	1008.985	964.167	-953.397	1003.508	474.988	-1165.987	948.56	454.746	-1065.873	849.654	476.005	-846.693	885.94	456.704	-950.542	906.959	102.846	-808.727	727.348	56.577	-868.577	1104.941	34.25	-1104.212	990.282	103.249	-1115.292	1060.751	104.824	-1173.918	786.906	45.445	-908.081	793.458	46.406	-802.833	1001.328	31.468	-814.567	927.074	104.567	-894.661	831.04	388.286	-837.807	829.226	307.644	-819.67	876.136	54.528	-1277.16	900.01	44.546	-1205.374	986.481	37.441	-1275.029	791.314	612.973	-879.489	792.497	695.893	-875.754	836.636	692.286	-830.257	1031.772	656.506	-1156.161	977.16	647.997	-1189.437	978.076	564.971	-1182.357	987.843	390.202	-1205.097	1003.259	303.913	-1210.633	1047.071	399.35	-1181.92	883.341	396.029	-801.746	885.21	309.937	-785.256	1062.382	317.28	-1187.539	837.883	603.501	-834.603	1031.429	568.115	-1149.456	1098.302	32.134	-1172.7	1024.809	25.305	-1100.991	935.328	22.333	-780.063	956.467	27.288	-883.595
1415	7.07	926.976	1692.861	-995.227	933.825	1410.679	-818.637	1093.78	1399.252	-1090.371	901.981	1358.749	-1020.195	804.546	911.935	-933.117	928.202	931.662	-1134.661	1008.985	964.158	-953.405	1003.528	474.985	-1166	948.541	454.771	-1065.878	849.668	476.033	-846.725	885.928	456.741	-950.554	906.95	102.824	-808.708	727.3	56.563	-868.637	1104.928	34.269	-1104.204	990.311	103.167	-1115.245	1060.691	104.793	-1173.986	786.888	45.534	-908.199	793.458	46.368	-802.818	1001.346	31.479	-814.551	927.086	104.572	-894.635	831.006	388.297	-837.838	829.228	307.646	-819.678	876.138	54.54	-1277.144	900.043	44.554	-1205.404	986.47	37.468	-1275.012	791.305	613.007	-879.491	792.497	695.877	-875.743	836.679	692.292	-830.238	1031.766	656.515	-1156.155	977.153	647.976	-1189.42	978.077	564.977	-1182.35	987.847	390.197	-1205.11	1003.249	303.899	-1210.634	1047.087	399.353	-1181.919	883.356	396.002	-801.747	885.188	309.916	-785.252	1062.396	317.303	-1187.557	837.888	603.525	-834.614	1031.404	568.097	-1149.443	1098.32	32.127	-1172.701	1024.802	25.302	-1100.992	935.308	22.326	-780.066	956.479	27.319	-883.615
1416	7.075	926.953	1692.843	-995.241	933.804	1410.691	-818.655	1093.768	1399.236	-1090.384	901.973	1358.738	-1020.191	804.512	911.934	-933.103	928.184	931.634	-1134.635	1009.006	964.209	-953.405	1003.531	474.972	-1165.976	948.521	454.761	-1065.865	849.646	476.018	-846.713	885.926	456.742	-950.529	907.22	103.229	-808.458	727.243	56.492	-868.696	1104.945	34.229	-1104.218	990.314	103.247	-1115.271	1060.634	104.698	-1174.006	786.84	45.577	-908.343	793.456	46.376	-802.837	1001.355	31.466	-814.563	927.085	104.517	-894.661	831.041	388.296	-837.834	829.223	307.611	-819.66	876.1	54.553	-1277.165	900.032	44.543	-1205.427	986.485	37.425	-1275.003	791.293	612.983	-879.483	792.487	695.858	-875.735	836.679	692.292	-830.238	1031.754	656.489	-1156.137	977.145	647.989	-1189.426	978.043	564.937	-1182.33	987.854	390.167	-1205.088	1003.267	303.88	-1210.602	1047.055	399.352	-1181.906	883.323	395.998	-801.724	885.199	309.904	-785.234	1062.395	317.261	-1187.525	837.849	603.537	-834.636	1031.387	568.071	-1149.524	1098.323	32.116	-1172.72	1024.84	25.284	-1101.008	935.307	22.323	-780.081	956.495	27.289	-883.611
1417	7.08	926.962	1692.872	-995.27	933.79	1410.694	-818.664	1093.761	1399.252	-1090.392	901.964	1358.755	-1020.207	804.506	911.929	-933.086	928.15	931.633	-1134.633	1008.973	964.206	-953.397	1003.493	474.977	-1165.975	948.519	454.77	-1065.845	849.574	476.025	-846.742	885.967	456.739	-950.509	906.944	102.818	-808.731	727.192	56.477	-868.743	1104.947	34.254	-1104.198	990.297	103.17	-1115.25	1060.616	104.772	-1174.034	786.788	45.634	-908.512	793.45	46.384	-802.821	1001.348	31.467	-814.602	927.077	104.546	-894.657	831.001	388.279	-837.823	829.237	307.634	-819.668	876.103	54.557	-1277.182	900.016	44.558	-1205.402	986.471	37.457	-1275.041	791.303	613.006	-879.484	792.479	695.874	-875.741	836.64	692.269	-830.255	1031.739	656.473	-1156.145	977.127	647.981	-1189.421	978.044	564.964	-1182.341	987.861	390.196	-1205.087	1003.258	303.909	-1210.609	1047.044	399.352	-1181.908	883.336	396.009	-801.725	885.201	309.89	-785.232	1062.379	317.264	-1187.528	837.882	603.525	-834.634	1031.371	568.101	-1149.466	1098.289	32.113	-1172.716	1024.82	25.293	-1101.014	935.278	22.286	-780.077	956.48	27.271	-883.591
1418	7.085	926.96	1692.907	-995.318	933.803	1410.698	-818.678	1093.765	1399.256	-1090.39	901.949	1358.774	-1020.213	804.5	911.926	-933.107	928.145	931.631	-1134.642	1008.931	964.22	-953.356	1003.509	474.959	-1165.979	948.532	454.751	-1065.87	849.575	476.016	-846.79	885.905	456.756	-950.525	906.957	102.812	-808.728	727.16	56.476	-868.781	1104.931	34.255	-1104.227	990.306	103.18	-1115.271	1060.647	104.706	-1174.031	786.73	45.697	-908.644	793.445	46.383	-802.845	1001.349	31.44	-814.596	927.068	104.535	-894.648	830.993	388.264	-837.833	829.223	307.625	-819.657	876.087	54.551	-1277.175	900.043	44.531	-1205.402	986.454	37.446	-1275.043	791.285	613.002	-879.485	792.487	695.851	-875.754	836.655	692.282	-830.254	1031.735	656.487	-1156.142	977.104	647.965	-1189.404	978.018	564.97	-1182.329	987.866	390.198	-1205.091	1003.271	303.909	-1210.622	1047.071	399.326	-1181.915	883.334	396.018	-801.731	885.197	309.905	-785.232	1062.377	317.272	-1187.524	837.867	603.489	-834.676	1031.365	568.092	-1149.495	1098.28	32.08	-1172.733	1024.824	25.292	-1101.004	935.307	22.314	-780.078	956.49	27.317	-883.626
1419	7.09	926.971	1692.895	-995.354	933.775	1410.688	-818.669	1093.745	1399.255	-1090.369	901.936	1358.78	-1020.206	804.496	911.921	-933.084	928.119	931.623	-1134.655	1008.916	964.188	-953.396	1003.475	474.973	-1165.978	948.494	454.76	-1065.899	849.567	476	-846.78	885.936	456.729	-950.516	907.187	103.201	-808.468	727.139	56.471	-868.824	1104.904	34.239	-1104.234	990.267	103.231	-1115.302	1060.695	104.827	-1173.99	786.684	45.696	-908.73	793.46	46.374	-802.84	1001.328	31.458	-814.58	927.057	104.499	-894.645	831.001	388.271	-837.815	829.216	307.634	-819.662	876.049	54.582	-1277.223	900	44.525	-1205.411	986.461	37.452	-1275.04	791.288	613.001	-879.498	792.489	695.87	-875.748	836.66	692.316	-830.224	1031.696	656.488	-1156.175	977.098	647.959	-1189.411	977.998	564.976	-1182.358	987.855	390.199	-1205.091	1003.249	303.934	-1210.607	1047.039	399.35	-1181.93	883.331	396.03	-801.712	885.203	309.914	-785.231	1062.372	317.27	-1187.541	837.054	604.587	-833.963	1031.348	568.089	-1149.52	1098.288	32.115	-1172.721	1024.793	25.291	-1100.992	935.301	22.293	-780.097	956.481	27.289	-883.601
1420	7.095	926.963	1692.906	-995.348	933.751	1410.656	-818.703	1093.727	1399.261	-1090.404	901.917	1358.786	-1020.206	804.473	911.914	-933.099	928.123	931.6	-1134.659	1008.942	964.25	-953.394	1003.471	474.977	-1165.986	948.501	454.765	-1065.844	849.551	476.017	-846.8	885.923	456.763	-950.493	907.189	103.229	-808.463	727.111	56.468	-868.877	1104.931	34.271	-1104.23	990.277	103.181	-1115.269	1060.847	104.966	-1173.88	786.672	45.743	-908.784	793.457	46.376	-802.855	1001.372	31.459	-814.578	927.023	104.541	-894.679	830.951	388.305	-837.84	829.197	307.642	-819.661	876.058	54.603	-1277.221	900.014	44.533	-1205.425	986.477	37.423	-1275.042	791.266	613.035	-879.502	792.49	695.882	-875.74	836.646	692.267	-830.232	1031.71	656.497	-1156.137	977.081	647.973	-1189.409	977.985	564.983	-1182.355	987.812	390.182	-1205.1	1003.206	303.897	-1210.623	1047.019	399.365	-1181.937	883.326	395.994	-801.727	885.196	309.885	-785.231	1062.373	317.289	-1187.522	837.849	603.548	-834.663	1031.338	568.043	-1149.484	1098.286	32.115	-1172.747	1024.824	25.288	-1100.984	935.349	22.281	-780.083	956.479	27.301	-883.613
1421	7.1	927.452	1693.775	-995.674	933.735	1410.66	-818.683	1093.729	1399.261	-1090.39	901.903	1358.839	-1020.243	804.468	911.921	-933.098	928.102	931.582	-1134.636	1008.945	964.225	-953.392	1003.471	474.994	-1165.993	948.484	454.734	-1065.874	849.551	476.008	-846.812	885.915	456.735	-950.494	907.191	103.234	-808.455	727.055	56.438	-868.901	1104.91	34.278	-1104.228	990.272	103.226	-1115.279	1060.688	104.76	-1173.981	786.683	45.809	-908.858	793.449	46.364	-802.848	1001.34	31.485	-814.586	927.042	104.561	-894.673	830.982	388.262	-837.817	829.196	307.604	-819.666	876.051	54.57	-1277.221	900.029	44.524	-1205.392	986.488	37.421	-1275.046	791.265	612.985	-879.505	792.48	695.86	-875.711	836.631	692.314	-830.232	1031.697	656.513	-1156.16	977.03	647.963	-1189.393	977.989	564.953	-1182.316	987.807	390.17	-1205.096	1003.223	303.903	-1210.604	1047.012	399.311	-1181.913	883.322	396.025	-801.743	885.18	309.917	-785.235	1062.344	317.29	-1187.56	837.032	604.596	-833.928	1031.334	568.081	-1149.558	1098.284	32.076	-1172.725	1024.81	25.274	-1101.004	935.32	22.293	-780.095	956.471	27.294	-883.63
1422	7.105	927.483	1693.784	-995.677	933.726	1410.667	-818.683	1093.72	1399.28	-1090.396	901.885	1358.839	-1020.233	804.455	911.922	-933.09	928.098	931.587	-1134.639	1008.896	964.204	-953.403	1003.452	474.998	-1166.001	948.495	454.75	-1065.868	849.513	476.001	-846.87	885.945	456.744	-950.513	906.944	102.803	-808.726	727.038	56.394	-868.917	1104.928	34.263	-1104.244	990.278	103.203	-1115.231	1060.765	104.852	-1173.965	786.683	45.851	-908.921	793.451	46.358	-802.831	1001.342	31.453	-814.563	927.072	104.531	-894.672	830.986	388.282	-837.844	829.195	307.631	-819.671	876.049	54.579	-1277.235	900.013	44.546	-1205.419	986.455	37.425	-1275.033	791.271	612.988	-879.488	792.452	695.862	-875.716	836.618	692.304	-830.241	1031.679	656.494	-1156.162	977.045	647.97	-1189.401	977.954	564.97	-1182.343	987.816	390.19	-1205.09	1003.216	303.925	-1210.626	1047.01	399.349	-1181.937	883.287	396.015	-801.723	885.168	309.922	-785.221	1062.341	317.275	-1187.549	837.016	604.601	-833.921	1031.358	568.095	-1149.484	1098.302	32.108	-1172.724	1024.808	25.293	-1101.014	935.335	22.303	-780.108	956.453	27.349	-883.643
1423	7.11	927.47	1693.803	-995.681	933.723	1410.664	-818.714	1093.721	1399.286	-1090.417	901.873	1358.88	-1020.253	804.471	911.896	-933.09	928.076	931.61	-1134.656	1008.87	964.215	-953.355	1003.458	474.977	-1166	948.483	454.757	-1065.845	849.492	476.054	-846.853	885.913	456.768	-950.487	906.963	102.807	-808.736	727.001	56.411	-868.978	1104.905	34.249	-1104.223	990.286	103.212	-1115.271	1060.694	104.846	-1174.013	786.687	45.821	-908.859	793.468	46.355	-802.835	1001.363	31.484	-814.595	927.095	104.512	-894.656	830.967	388.259	-837.853	829.198	307.624	-819.68	876.032	54.587	-1277.247	900.021	44.507	-1205.421	986.497	37.422	-1275.036	791.226	613.027	-879.47	792.442	695.876	-875.705	836.586	692.288	-830.226	1031.66	656.483	-1156.178	977.039	647.951	-1189.402	977.949	564.958	-1182.316	987.786	390.181	-1205.08	1003.192	303.914	-1210.619	1046.986	399.313	-1181.901	883.298	396.011	-801.719	885.167	309.923	-785.214	1062.315	317.256	-1187.56	837.795	603.593	-834.621	1031.352	568.09	-1149.526	1098.302	32.089	-1172.728	1024.825	25.267	-1100.983	935.301	22.287	-780.092	956.468	27.299	-883.62
1424	7.115	926.953	1692.937	-995.4	933.684	1410.636	-818.687	1093.713	1399.297	-1090.403	901.847	1358.857	-1020.24	804.446	911.888	-933.083	928.056	931.57	-1134.637	1008.857	964.183	-953.382	1003.434	474.958	-1165.998	948.467	454.735	-1065.849	849.524	476.016	-846.865	885.926	456.757	-950.509	906.953	102.784	-808.75	726.963	56.397	-869.008	1104.912	34.26	-1104.232	990.29	103.19	-1115.245	1060.771	104.838	-1173.958	786.75	45.808	-908.776	793.454	46.35	-802.855	1001.375	31.48	-814.571	927.086	104.591	-894.653	830.977	388.262	-837.823	829.183	307.609	-819.689	876.022	54.606	-1277.249	900.008	44.547	-1205.451	986.485	37.412	-1275.02	791.242	613.021	-879.492	792.423	695.863	-875.742	836.61	692.292	-830.245	1031.671	656.524	-1156.208	977.023	647.939	-1189.382	977.954	564.948	-1182.347	987.765	390.188	-1205.103	1003.2	303.94	-1210.639	1046.984	399.347	-1181.932	883.27	395.986	-801.725	885.14	309.899	-785.231	1062.324	317.266	-1187.563	837.01	604.608	-833.93	1031.325	568.06	-1149.491	1098.296	32.09	-1172.726	1024.833	25.285	-1101.006	935.31	22.293	-780.108	956.494	27.289	-883.629
1425	7.12	926.965	1692.931	-995.402	933.703	1410.649	-818.681	1093.693	1399.284	-1090.396	901.842	1358.867	-1020.227	804.43	911.926	-933.112	928.051	931.608	-1134.673	1008.851	964.205	-953.373	1003.429	474.99	-1165.979	948.455	454.718	-1065.857	849.506	476.021	-846.888	885.914	456.772	-950.496	906.971	102.807	-808.75	726.955	56.385	-869.005	1104.938	34.261	-1104.239	990.267	103.211	-1115.26	1060.809	104.984	-1173.98	786.75	45.756	-908.68	793.449	46.358	-802.849	1001.345	31.478	-814.602	927.086	104.546	-894.683	830.95	388.246	-837.841	829.194	307.614	-819.668	876.025	54.562	-1277.235	900.023	44.507	-1205.383	986.49	37.411	-1275.044	791.232	612.997	-879.463	792.395	695.863	-875.718	836.576	692.308	-830.21	1031.665	656.52	-1156.158	977.009	647.936	-1189.398	977.924	564.948	-1182.346	987.793	390.195	-1205.092	1003.204	303.953	-1210.628	1046.998	399.339	-1181.924	883.276	395.982	-801.734	885.152	309.893	-785.233	1062.316	317.251	-1187.523	836.998	604.618	-833.908	1031.302	568.088	-1149.519	1098.315	32.077	-1172.739	1024.836	25.285	-1101.003	935.297	22.335	-780.109	956.47	27.325	-883.639
1426	7.125	926.969	1692.911	-995.373	933.672	1410.638	-818.686	1093.697	1399.289	-1090.416	901.81	1358.885	-1020.252	804.409	911.947	-933.098	928.039	931.596	-1134.651	1008.867	964.198	-953.366	1003.411	474.965	-1165.996	948.448	454.717	-1065.87	849.451	476.02	-846.915	885.935	456.75	-950.48	906.983	102.796	-808.757	726.949	56.388	-869.029	1104.921	34.276	-1104.231	990.274	103.214	-1115.266	1060.668	104.577	-1173.996	787.458	44.889	-906.504	793.463	46.345	-802.861	1001.339	31.468	-814.592	927.044	104.541	-894.691	830.935	388.275	-837.863	829.171	307.638	-819.676	876.011	54.611	-1277.267	899.995	44.541	-1205.42	986.466	37.444	-1275.022	791.22	613	-879.475	792.389	695.873	-875.73	836.554	692.26	-830.215	1031.66	656.464	-1156.15	977	647.937	-1189.391	977.923	564.98	-1182.339	987.753	390.169	-1205.091	1003.177	303.911	-1210.629	1046.97	399.326	-1181.936	883.278	395.99	-801.727	885.157	309.906	-785.222	1062.308	317.283	-1187.551	836.99	604.622	-833.916	1031.316	568.104	-1149.472	1098.296	32.097	-1172.71	1024.813	25.292	-1101.001	935.317	22.313	-780.115	956.476	27.349	-883.634
1427	7.13	926.971	1692.927	-995.368	933.672	1410.628	-818.682	1093.676	1399.28	-1090.409	901.806	1358.912	-1020.255	804.401	911.921	-933.088	928.007	931.577	-1134.652	1008.818	964.245	-953.37	1003.434	474.943	-1165.965	948.453	454.71	-1065.874	849.441	476.012	-846.927	885.864	456.735	-950.488	906.954	102.827	-808.751	726.943	56.389	-869.047	1104.922	34.278	-1104.238	990.288	103.142	-1115.2	1060.766	104.769	-1173.967	787.476	44.905	-906.547	793.447	46.36	-802.867	1001.338	31.468	-814.624	927.075	104.53	-894.704	830.945	388.276	-837.841	829.201	307.62	-819.663	876.001	54.592	-1277.262	900.003	44.54	-1205.412	986.468	37.435	-1275.039	791.194	613.034	-879.487	792.39	695.864	-875.72	836.533	692.287	-830.226	1031.632	656.508	-1156.158	977	647.948	-1189.407	977.923	564.926	-1182.318	987.764	390.159	-1205.105	1003.167	303.938	-1210.605	1046.989	399.326	-1181.928	883.265	395.967	-801.74	885.157	309.906	-785.223	1062.291	317.3	-1187.545	836.985	604.629	-833.885	1031.311	568.089	-1149.507	1098.285	32.106	-1172.72	1024.811	25.273	-1101.002	935.319	22.258	-780.132	956.48	27.299	-883.605
1428	7.135	926.98	1692.946	-995.374	933.657	1410.608	-818.71	1093.661	1399.291	-1090.399	901.806	1358.906	-1020.236	804.372	911.923	-933.103	927.976	931.585	-1134.642	1008.851	964.217	-953.384	1003.398	474.991	-1165.975	948.424	454.739	-1065.882	849.445	476.02	-846.922	885.883	456.75	-950.474	907.153	103.204	-808.472	726.937	56.392	-869.041	1104.914	34.252	-1104.215	990.27	103.211	-1115.255	1060.654	104.738	-1174	787.432	44.874	-906.591	793.45	46.37	-802.844	1001.313	31.442	-814.608	927.088	104.534	-894.668	830.943	388.246	-837.84	829.19	307.606	-819.648	875.994	54.63	-1277.253	900.019	44.509	-1205.397	986.465	37.444	-1275.021	791.205	613.009	-879.498	792.385	695.844	-875.709	836.511	692.267	-830.204	1031.636	656.514	-1156.134	976.985	647.923	-1189.371	977.929	564.945	-1182.316	987.749	390.177	-1205.075	1003.163	303.946	-1210.633	1046.974	399.351	-1181.918	883.263	395.999	-801.719	885.173	309.902	-785.207	1062.291	317.3	-1187.545	836.98	604.635	-833.883	1031.295	568.123	-1149.48	1098.278	32.126	-1172.709	1024.811	25.253	-1101.004	935.308	22.26	-780.12	956.471	27.315	-883.622
1429	7.14	926.971	1692.952	-995.371	933.65	1410.622	-818.692	1093.655	1399.29	-1090.423	901.773	1358.908	-1020.236	804.368	911.919	-933.109	927.957	931.56	-1134.654	1008.785	964.204	-953.371	1003.406	474.95	-1165.947	948.424	454.703	-1065.863	849.412	476.011	-846.955	885.904	456.732	-950.468	907.187	103.227	-808.462	726.918	56.392	-869.053	1104.913	34.28	-1104.2	990.263	103.175	-1115.281	1060.776	104.844	-1173.937	787.404	44.887	-906.633	793.444	46.368	-802.851	1001.345	31.483	-814.583	927.088	104.489	-894.697	830.949	388.26	-837.825	829.182	307.618	-819.663	875.993	54.589	-1277.249	900.024	44.511	-1205.399	986.477	37.418	-1275.04	791.2	613.024	-879.473	792.359	695.854	-875.719	836.485	692.257	-830.218	1031.63	656.5	-1156.131	976.985	647.936	-1189.375	977.935	564.95	-1182.312	987.771	390.146	-1205.082	1003.179	303.904	-1210.603	1046.95	399.323	-1181.914	883.251	396.012	-801.697	885.139	309.901	-785.244	1062.298	317.294	-1187.531	836.969	604.67	-833.866	1031.288	568.059	-1149.478	1098.267	32.104	-1172.721	1024.783	25.299	-1101.004	935.304	22.287	-780.119	956.498	27.299	-883.607
1430	7.145	926.997	1692.921	-995.344	933.615	1410.608	-818.691	1093.639	1399.304	-1090.403	901.766	1358.918	-1020.231	804.363	911.901	-933.098	927.942	931.565	-1134.638	1008.775	964.205	-953.412	1003.404	474.978	-1165.98	948.423	454.699	-1065.864	849.427	476.01	-846.95	885.918	456.744	-950.485	906.954	102.8	-808.765	726.94	56.399	-869.045	1104.926	34.256	-1104.212	990.253	103.199	-1115.267	1060.752	104.842	-1173.953	787.361	44.931	-906.703	793.452	46.356	-802.841	1001.344	31.468	-814.586	927.031	104.486	-894.679	830.97	388.266	-837.818	829.171	307.616	-819.648	875.999	54.587	-1277.238	900	44.546	-1205.403	986.454	37.444	-1275.032	791.182	613.032	-879.474	792.358	695.866	-875.709	836.494	692.264	-830.214	1031.627	656.504	-1156.112	976.988	647.968	-1189.389	977.909	564.985	-1182.316	987.755	390.174	-1205.081	1003.152	303.938	-1210.628	1046.953	399.354	-1181.919	883.26	395.994	-801.724	885.15	309.852	-785.221	1062.293	317.281	-1187.517	836.976	604.647	-833.848	1031.298	568.098	-1149.47	1098.288	32.071	-1172.704	1024.824	25.257	-1101.021	935.315	22.311	-780.071	956.482	27.353	-883.621
1431	7.15	926.992	1692.947	-995.356	933.608	1410.603	-818.697	1093.623	1399.293	-1090.439	901.763	1358.947	-1020.275	804.326	911.918	-933.098	927.944	931.562	-1134.663	1008.745	964.193	-953.417	1003.427	474.973	-1165.96	948.392	454.74	-1065.87	849.413	476.02	-846.971	885.912	456.761	-950.468	906.97	102.813	-808.751	726.932	56.412	-869.056	1104.919	34.284	-1104.223	990.298	103.181	-1115.247	1060.82	104.926	-1173.974	787.322	44.908	-906.771	793.443	46.371	-802.823	1001.377	31.477	-814.597	927.042	104.527	-894.676	830.966	388.259	-837.823	829.172	307.626	-819.64	875.984	54.629	-1277.24	899.994	44.556	-1205.411	986.456	37.416	-1275	791.155	613.05	-879.472	792.332	695.846	-875.693	836.461	692.296	-830.19	1031.614	656.512	-1156.105	976.968	647.946	-1189.386	977.913	564.955	-1182.281	987.747	390.188	-1205.097	1003.169	303.933	-1210.625	1046.965	399.344	-1181.904	883.259	395.992	-801.705	885.171	309.871	-785.22	1062.309	317.309	-1187.527	836.944	604.661	-833.874	1031.305	568.06	-1149.434	1098.299	32.137	-1172.71	1024.821	25.237	-1101.018	935.328	22.294	-780.094	956.493	27.296	-883.602
1432	7.155	926.999	1692.923	-995.321	933.596	1410.601	-818.688	1093.611	1399.319	-1090.427	901.741	1358.94	-1020.249	804.314	911.92	-933.102	927.928	931.549	-1134.653	1008.707	964.173	-953.396	1003.395	474.975	-1165.962	948.429	454.735	-1065.87	849.39	476.018	-846.956	885.894	456.75	-950.464	906.946	102.801	-808.749	726.912	56.415	-869.051	1104.913	34.266	-1104.21	990.293	103.21	-1115.275	1060.817	105.004	-1173.94	787.301	44.91	-906.801	793.445	46.378	-802.838	1001.348	31.467	-814.604	927.115	104.578	-894.651	830.957	388.283	-837.828	829.191	307.626	-819.637	875.979	54.618	-1277.266	899.992	44.595	-1205.43	986.448	37.44	-1275.03	791.173	613.033	-879.473	792.334	695.845	-875.702	836.472	692.281	-830.201	1031.594	656.494	-1156.099	976.979	647.955	-1189.359	977.92	564.986	-1182.295	987.755	390.197	-1205.074	1003.16	303.931	-1210.598	1046.97	399.347	-1181.905	883.289	396.014	-801.693	885.161	309.893	-785.202	1062.273	317.314	-1187.51	836.968	604.687	-833.839	1031.294	568.11	-1149.422	1098.302	32.112	-1172.709	1024.801	25.26	-1101.027	935.325	22.366	-780.101	956.476	27.351	-883.631
1433	7.16	927.01	1692.911	-995.304	933.558	1410.61	-818.693	1093.595	1399.308	-1090.432	901.745	1358.944	-1020.237	804.297	911.944	-933.133	927.893	931.584	-1134.661	1008.74	964.218	-953.409	1003.389	474.988	-1165.946	948.416	454.722	-1065.877	849.372	476.021	-846.996	885.892	456.737	-950.462	906.953	102.808	-808.736	726.912	56.416	-869.056	1104.933	34.291	-1104.216	990.264	103.233	-1115.273	1060.808	104.822	-1173.929	787.28	44.949	-906.906	793.451	46.361	-802.856	1001.323	31.488	-814.59	927.068	104.534	-894.66	830.988	388.237	-837.799	829.182	307.638	-819.652	876.001	54.581	-1277.251	899.997	44.556	-1205.415	986.472	37.458	-1275.023	791.169	613.059	-879.485	792.328	695.858	-875.718	836.452	692.285	-830.203	1031.576	656.477	-1156.065	976.973	647.963	-1189.352	977.9	564.955	-1182.283	987.752	390.193	-1205.075	1003.175	303.92	-1210.591	1046.969	399.381	-1181.902	883.282	395.991	-801.682	885.144	309.895	-785.177	1062.302	317.315	-1187.538	836.956	604.702	-833.858	1031.281	568.104	-1149.413	1098.305	32.11	-1172.71	1024.828	25.292	-1101.028	935.323	22.341	-780.098	956.458	27.322	-883.619
1434	7.165	927.017	1692.944	-995.322	933.577	1410.603	-818.67	1093.578	1399.321	-1090.439	901.723	1358.945	-1020.228	804.275	911.932	-933.135	927.895	931.569	-1134.666	1008.683	964.241	-953.408	1003.405	474.951	-1165.942	948.391	454.713	-1065.857	849.345	475.987	-846.961	885.914	456.796	-950.469	906.946	102.801	-808.749	726.946	56.417	-869.051	1104.925	34.272	-1104.239	990.271	103.263	-1115.284	1060.681	104.765	-1173.987	787.276	45.001	-906.932	793.447	46.391	-802.835	1001.337	31.483	-814.594	927.058	104.516	-894.672	830.946	388.25	-837.816	829.159	307.637	-819.66	876.014	54.624	-1277.25	900.003	44.568	-1205.404	986.49	37.454	-1275.029	791.161	613.05	-879.479	792.304	695.864	-875.709	836.419	692.316	-830.206	1031.563	656.544	-1156.097	976.958	647.971	-1189.365	977.904	564.957	-1182.272	987.768	390.195	-1205.056	1003.166	303.908	-1210.603	1046.972	399.366	-1181.89	883.276	396.019	-801.689	885.165	309.92	-785.208	1062.31	317.29	-1187.502	837.642	603.8	-834.47	1031.26	568.122	-1149.453	1098.289	32.131	-1172.718	1024.828	25.272	-1101.027	935.334	22.328	-780.105	956.486	27.333	-883.611
1435	7.17	927.017	1692.956	-995.298	933.548	1410.588	-818.668	1093.567	1399.335	-1090.438	901.706	1358.943	-1020.271	804.259	911.916	-933.118	927.871	931.54	-1134.638	1008.698	964.231	-953.399	1003.389	474.966	-1165.945	948.478	454.728	-1065.83	849.355	476.02	-846.968	885.946	456.788	-950.445	906.956	102.789	-808.724	726.928	56.422	-869.068	1104.941	34.273	-1104.219	990.294	103.252	-1115.279	1060.747	104.765	-1173.96	787.274	45.018	-906.985	793.447	46.385	-802.862	1001.341	31.478	-814.58	927.027	104.491	-894.679	830.936	388.277	-837.805	829.192	307.598	-819.629	876.007	54.619	-1277.253	900.009	44.559	-1205.407	986.464	37.455	-1275.028	791.139	613.051	-879.477	792.299	695.856	-875.725	836.427	692.293	-830.216	1031.56	656.509	-1156.082	976.941	647.976	-1189.371	977.9	564.974	-1182.281	987.746	390.19	-1205.057	1003.169	303.955	-1210.607	1046.964	399.358	-1181.888	883.281	396.014	-801.689	885.159	309.92	-785.204	1062.293	317.349	-1187.526	837.632	603.802	-834.477	1031.262	568.101	-1149.432	1098.316	32.109	-1172.698	1024.832	25.297	-1101.009	935.32	22.293	-780.117	956.495	27.327	-883.604
1436	7.175	927.024	1692.926	-995.298	933.567	1410.573	-818.699	1093.555	1399.352	-1090.45	901.701	1358.958	-1020.267	804.243	911.911	-933.135	927.842	931.561	-1134.677	1008.678	964.236	-953.396	1003.39	474.992	-1165.952	948.419	454.696	-1065.866	849.336	476.011	-846.972	885.891	456.775	-950.438	907.173	103.208	-808.478	726.94	56.42	-869.047	1104.932	34.289	-1104.21	990.272	103.274	-1115.301	1060.614	104.676	-1174.048	787.24	45.007	-907.025	793.451	46.36	-802.836	1001.365	31.491	-814.584	927.049	104.56	-894.667	830.943	388.259	-837.803	829.172	307.631	-819.605	875.99	54.669	-1277.268	900.01	44.57	-1205.398	986.45	37.494	-1275.041	791.14	613.01	-879.469	792.295	695.851	-875.723	836.424	692.317	-830.184	1031.547	656.515	-1156.093	976.956	647.983	-1189.35	977.867	564.972	-1182.306	987.74	390.192	-1205.064	1003.17	303.952	-1210.616	1046.991	399.361	-1181.858	883.283	395.995	-801.696	885.158	309.907	-785.208	1062.304	317.309	-1187.502	837.633	603.803	-834.448	1031.261	568.113	-1149.397	1098.301	32.144	-1172.682	1024.841	25.289	-1101.018	935.311	22.299	-780.09	956.505	27.348	-883.61
1437	7.18	927.042	1692.928	-995.269	933.557	1410.588	-818.673	1093.541	1399.361	-1090.45	901.692	1358.969	-1020.248	804.223	911.933	-933.116	927.826	931.548	-1134.658	1008.633	964.228	-953.384	1003.386	474.946	-1165.931	948.407	454.737	-1065.839	849.327	475.99	-846.977	885.889	456.743	-950.447	906.954	102.823	-808.722	726.938	56.4	-869.052	1104.93	34.276	-1104.214	990.286	103.249	-1115.26	1060.751	104.824	-1173.919	787.21	45.001	-907.056	793.463	46.36	-802.839	1001.361	31.467	-814.593	927.075	104.533	-894.673	830.96	388.271	-837.784	829.162	307.636	-819.613	875.997	54.627	-1277.262	900.007	44.516	-1205.412	986.474	37.433	-1275.022	791.089	613.028	-879.446	792.291	695.857	-875.71	836.419	692.306	-830.186	1031.541	656.491	-1156.064	976.935	647.955	-1189.343	977.877	564.966	-1182.294	987.753	390.205	-1205.061	1003.162	303.92	-1210.581	1046.946	399.348	-1181.881	883.259	395.995	-801.691	885.184	309.886	-785.209	1062.286	317.271	-1187.471	837.646	603.787	-834.462	1031.234	568.087	-1149.412	1098.289	32.117	-1172.705	1024.813	25.285	-1101.032	935.321	22.305	-780.058	956.492	27.356	-883.625
1438	7.185	927.041	1692.929	-995.239	933.564	1410.555	-818.688	1093.519	1399.353	-1090.456	901.65	1359.002	-1020.271	804.214	911.915	-933.129	927.81	931.524	-1134.654	1008.619	964.212	-953.403	1003.383	474.99	-1165.949	948.39	454.733	-1065.835	849.314	475.986	-846.978	885.857	456.793	-950.455	906.942	102.802	-808.723	726.925	56.404	-869.069	1104.939	34.279	-1104.218	990.246	103.262	-1115.247	1060.621	104.85	-1174.027	787.184	44.999	-907.105	793.444	46.391	-802.824	1001.336	31.468	-814.595	927.042	104.517	-894.672	830.913	388.269	-837.778	829.177	307.644	-819.646	875.995	54.609	-1277.242	900.01	44.564	-1205.389	986.452	37.47	-1275.037	791.098	613.04	-879.473	792.265	695.835	-875.7	836.401	692.299	-830.205	1031.512	656.497	-1156.09	976.932	647.955	-1189.346	977.871	564.951	-1182.277	987.732	390.188	-1205.055	1003.149	303.926	-1210.603	1046.941	399.348	-1181.857	883.237	396.019	-801.71	885.131	309.906	-785.191	1062.274	317.276	-1187.5	836.904	604.729	-833.811	1031.217	568.13	-1149.396	1098.285	32.102	-1172.72	1024.821	25.295	-1100.994	935.311	22.304	-780.082	956.494	27.36	-883.599
1439	7.19	927.037	1692.928	-995.229	933.546	1410.56	-818.674	1093.502	1399.343	-1090.452	901.648	1358.99	-1020.275	804.197	911.907	-933.124	927.794	931.503	-1134.642	1008.563	964.198	-953.403	1003.353	474.961	-1165.91	948.362	454.739	-1065.818	849.32	476.023	-847.007	885.859	456.774	-950.465	906.952	102.808	-808.764	726.945	56.381	-869.036	1104.923	34.293	-1104.223	990.298	103.177	-1115.207	1060.603	104.889	-1173.996	787.177	45.016	-907.139	793.456	46.397	-802.828	1001.374	31.468	-814.589	927.031	104.54	-894.674	830.905	388.252	-837.79	829.171	307.626	-819.636	875.987	54.652	-1277.244	900.006	44.529	-1205.396	986.476	37.459	-1275.004	791.085	613.048	-879.439	792.254	695.845	-875.717	836.362	692.299	-830.193	1031.515	656.548	-1156.08	976.904	647.989	-1189.363	977.829	564.925	-1182.272	987.719	390.189	-1205.055	1003.185	303.907	-1210.591	1046.922	399.361	-1181.873	883.224	396.008	-801.705	885.13	309.917	-785.179	1062.291	317.295	-1187.505	836.897	604.731	-833.821	1031.223	568.121	-1149.416	1098.3	32.128	-1172.708	1024.789	25.291	-1101.019	935.28	22.298	-780.112	956.508	27.321	-883.585
1440	7.195	927.042	1692.902	-995.209	933.529	1410.542	-818.704	1093.504	1399.334	-1090.459	901.282	1359.087	-1020.361	804.187	911.918	-933.128	927.787	931.508	-1134.634	1008.572	964.239	-953.375	1003.354	474.974	-1165.932	948.375	454.737	-1065.851	849.281	475.978	-847.011	885.816	456.751	-950.48	907.184	103.25	-808.468	726.929	56.404	-869.053	1104.896	34.289	-1104.215	990.251	103.249	-1115.276	1060.704	104.695	-1173.957	787.174	45.063	-907.171	793.459	46.381	-802.836	1001.321	31.469	-814.596	927.012	104.563	-894.648	830.94	388.251	-837.786	829.148	307.624	-819.639	875.98	54.636	-1277.251	900.008	44.571	-1205.397	986.5	37.488	-1275.024	791.073	613.05	-879.452	792.239	695.856	-875.699	836.348	692.277	-830.192	1031.498	656.523	-1156.094	976.89	647.956	-1189.354	977.814	564.93	-1182.276	987.691	390.168	-1205.053	1003.154	303.917	-1210.58	1046.91	399.359	-1181.867	883.23	396.002	-801.703	885.121	309.915	-785.185	1062.279	317.296	-1187.507	836.875	604.739	-833.797	1031.197	568.108	-1149.446	1098.264	32.147	-1172.731	1024.816	25.268	-1101.004	935.313	22.294	-780.113	956.499	27.348	-883.622
1441	7.2	927.054	1692.924	-995.198	933.521	1410.542	-818.665	1093.487	1399.323	-1090.449	901.273	1359.107	-1020.368	804.168	911.914	-933.114	927.751	931.499	-1134.653	1008.552	964.198	-953.399	1003.335	474.976	-1165.939	948.318	454.742	-1065.849	849.239	476	-847.032	885.751	456.746	-950.476	906.922	102.811	-808.753	726.921	56.387	-869.063	1104.914	34.287	-1104.206	990.264	103.233	-1115.273	1060.643	104.89	-1174.033	787.17	45.044	-907.227	793.469	46.384	-802.824	1001.329	31.478	-814.617	927.069	104.546	-894.674	830.887	388.225	-837.802	829.139	307.632	-819.658	876.003	54.594	-1277.232	899.998	44.583	-1205.412	986.486	37.52	-1275.022	791.052	613.031	-879.481	792.237	695.838	-875.705	836.335	692.284	-830.207	1031.462	656.49	-1156.049	976.865	647.952	-1189.379	977.818	564.933	-1182.297	987.683	390.205	-1205.061	1003.154	303.887	-1210.58	1046.908	399.342	-1181.864	883.164	396.006	-801.699	885.128	309.92	-785.196	1062.258	317.286	-1187.496	836.86	604.719	-833.816	1031.179	568.139	-1149.448	1098.291	32.135	-1172.69	1024.809	25.254	-1101.012	935.299	22.323	-780.092	956.484	27.336	-883.622
1442	7.205	927.051	1692.915	-995.197	933.506	1410.54	-818.665	1093.467	1399.325	-1090.465	901.601	1359.014	-1020.262	804.161	911.887	-933.104	927.74	931.488	-1134.661	1008.585	964.23	-953.401	1003.343	474.945	-1165.918	948.277	454.75	-1065.853	849.228	475.973	-847.019	885.807	456.764	-950.492	906.933	102.828	-808.737	726.908	56.414	-869.059	1104.922	34.3	-1104.215	990.217	103.257	-1115.311	1060.676	104.776	-1173.923	787.159	45.027	-907.229	793.45	46.378	-802.845	1001.342	31.475	-814.579	927.062	104.559	-894.696	830.835	388.272	-837.793	829.108	307.618	-819.646	876.023	54.589	-1277.252	899.996	44.599	-1205.415	986.468	37.478	-1275.011	791.046	613.049	-879.493	792.209	695.864	-875.739	836.331	692.283	-830.209	1031.447	656.503	-1156.112	976.843	647.951	-1189.375	977.797	564.949	-1182.306	987.703	390.175	-1205.057	1003.127	303.868	-1210.584	1046.895	399.368	-1181.874	883.186	396.009	-801.716	885.072	309.93	-785.197	1062.24	317.315	-1187.519	836.823	604.758	-833.795	1031.146	568.089	-1149.456	1098.27	32.144	-1172.706	1024.782	25.301	-1101.022	935.298	22.321	-780.114	956.476	27.324	-883.602
1443	7.21	927.033	1692.909	-995.165	933.48	1410.508	-818.66	1093.463	1399.338	-1090.495	901.615	1359.017	-1020.233	804.164	911.876	-933.141	927.703	931.482	-1134.632	1008.551	964.209	-953.377	1003.3	474.963	-1165.956	948.299	454.739	-1065.842	849.179	475.991	-847.058	885.839	456.769	-950.475	907.177	103.228	-808.444	726.916	56.413	-869.04	1104.919	34.296	-1104.235	990.258	103.226	-1115.296	1060.684	104.807	-1173.993	787.123	45.062	-907.246	793.457	46.376	-802.845	1001.341	31.537	-814.573	927.083	104.532	-894.686	830.88	388.263	-837.798	829.093	307.619	-819.686	875.995	54.58	-1277.251	900.029	44.508	-1205.386	986.47	37.508	-1275.032	791.013	613.062	-879.492	792.218	695.845	-875.711	836.334	692.268	-830.226	1031.443	656.492	-1156.094	976.825	647.951	-1189.378	977.759	564.95	-1182.295	987.679	390.182	-1205.069	1003.115	303.901	-1210.611	1046.885	399.341	-1181.891	883.187	396.002	-801.726	885.073	309.891	-785.202	1062.22	317.29	-1187.522	836.829	604.716	-833.799	1031.16	568.121	-1149.473	1098.279	32.163	-1172.725	1024.794	25.316	-1101.014	935.302	22.313	-780.108	956.461	27.322	-883.615
1444	7.215	927.039	1692.885	-995.134	933.471	1410.526	-818.634	1093.449	1399.307	-1090.441	901.588	1359.011	-1020.235	804.162	911.881	-933.122	927.712	931.477	-1134.655	1008.569	964.22	-953.429	1003.286	474.949	-1165.954	948.321	454.734	-1065.831	849.181	475.991	-847.047	885.784	456.773	-950.48	906.944	102.839	-808.716	726.921	56.393	-869.06	1104.896	34.28	-1104.234	990.248	103.267	-1115.307	1060.689	104.785	-1173.966	787.137	45.068	-907.262	793.457	46.371	-802.831	1001.36	31.469	-814.581	927.039	104.53	-894.684	830.833	388.248	-837.822	829.061	307.599	-819.676	876.006	54.615	-1277.248	899.994	44.524	-1205.398	986.501	37.468	-1275.009	791.01	613.054	-879.504	792.191	695.849	-875.721	836.303	692.241	-830.21	1031.432	656.483	-1156.108	976.831	647.931	-1189.379	977.761	564.969	-1182.323	987.643	390.156	-1205.075	1003.094	303.887	-1210.596	1046.851	399.352	-1181.909	883.147	395.98	-801.723	885.051	309.903	-785.207	1062.21	317.282	-1187.518	836.882	605.35	-833.863	1031.107	568.074	-1149.476	1098.293	32.143	-1172.693	1024.814	25.29	-1101.023	935.329	22.342	-780.072	956.466	27.292	-883.591
1445	7.22	927.033	1692.898	-995.116	933.47	1410.511	-818.617	1093.451	1399.322	-1090.43	901.561	1359.033	-1020.243	804.136	911.859	-933.113	927.669	931.467	-1134.639	1008.551	964.181	-953.432	1003.268	474.966	-1165.979	948.273	454.729	-1065.881	849.149	475.958	-847.071	885.752	456.755	-950.469	907.168	103.264	-808.462	726.931	56.385	-869.067	1104.917	34.3	-1104.236	990.282	103.215	-1115.281	1060.779	105.004	-1173.929	787.121	45.031	-907.287	793.451	46.359	-802.852	1001.366	31.514	-814.591	927.047	104.52	-894.676	830.818	388.282	-837.833	829.066	307.598	-819.66	875.999	54.623	-1277.258	900.018	44.521	-1205.401	986.46	37.472	-1275.01	790.992	613.045	-879.494	792.186	695.839	-875.71	836.291	692.269	-830.205	1031.402	656.473	-1156.128	976.776	647.93	-1189.389	977.734	564.904	-1182.292	987.632	390.16	-1205.081	1003.109	303.86	-1210.594	1046.873	399.341	-1181.884	883.116	395.979	-801.724	885.045	309.915	-785.216	1062.195	317.278	-1187.528	836.777	604.737	-833.792	1031.119	568.083	-1149.461	1098.291	32.097	-1172.717	1024.806	25.28	-1101.013	935.298	22.308	-780.1	956.506	27.292	-883.603
1446	7.225	927.029	1692.883	-995.095	933.437	1410.486	-818.647	1093.445	1399.316	-1090.437	901.552	1359.024	-1020.245	804.136	911.858	-933.111	927.662	931.451	-1134.67	1008.485	964.185	-953.412	1003.265	474.975	-1165.957	948.29	454.717	-1065.856	849.111	475.945	-847.087	885.785	456.764	-950.487	906.915	102.811	-808.759	726.906	56.402	-869.065	1104.923	34.29	-1104.23	990.287	103.182	-1115.245	1060.62	104.85	-1174.027	787.119	45.063	-907.289	793.459	46.372	-802.856	1001.345	31.472	-814.595	927.097	104.542	-894.674	830.799	388.244	-837.83	829.086	307.571	-819.688	876.017	54.594	-1277.254	899.999	44.495	-1205.398	986.471	37.436	-1275.023	790.981	613.032	-879.53	792.182	695.869	-875.762	836.297	692.256	-830.225	1031.388	656.521	-1156.131	976.792	647.918	-1189.403	977.708	564.937	-1182.319	987.622	390.135	-1205.08	1003.081	303.919	-1210.619	1046.834	399.342	-1181.93	883.097	395.979	-801.723	885.026	309.907	-785.232	1062.201	317.246	-1187.541	836.844	605.32	-833.884	1031.085	568.06	-1149.462	1098.294	32.131	-1172.711	1024.806	25.313	-1100.995	935.306	22.34	-780.089	956.456	27.299	-883.612
1447	7.23	927.04	1692.903	-995.064	933.403	1410.506	-818.621	1093.417	1399.31	-1090.422	901.529	1359.025	-1020.228	804.113	911.874	-933.116	927.633	931.469	-1134.674	1008.507	964.163	-953.41	1003.239	474.957	-1165.98	948.246	454.72	-1065.872	849.119	475.957	-847.075	885.752	456.714	-950.484	906.923	102.821	-808.757	726.932	56.373	-869.067	1104.922	34.292	-1104.228	990.245	103.235	-1115.264	1060.696	104.791	-1173.963	787.113	45.026	-907.314	793.463	46.367	-802.848	1001.331	31.473	-814.606	927.055	104.485	-894.723	830.776	388.227	-837.836	829.061	307.571	-819.694	875.998	54.599	-1277.258	900.009	44.521	-1205.389	986.454	37.468	-1275.028	790.955	613.023	-879.53	792.142	695.846	-875.758	836.273	692.255	-830.231	1031.396	656.489	-1156.124	976.771	647.908	-1189.403	977.696	564.969	-1182.331	987.63	390.132	-1205.09	1003.066	303.921	-1210.612	1046.821	399.334	-1181.907	883.087	395.983	-801.724	885.04	309.888	-785.239	1062.182	317.276	-1187.563	836.862	605.3	-833.92	1031.073	568.037	-1149.461	1098.301	32.12	-1172.704	1024.795	25.276	-1101.02	935.312	22.287	-780.113	956.469	27.3	-883.623
1448	7.235	927.016	1692.889	-995.058	933.351	1410.497	-818.618	1093.416	1399.277	-1090.39	901.512	1359.04	-1020.236	804.091	911.833	-933.107	927.622	931.466	-1134.682	1008.492	964.166	-953.421	1003.236	474.972	-1165.987	948.233	454.711	-1065.875	849.115	475.951	-847.084	885.724	456.735	-950.508	907.189	103.241	-808.474	726.911	56.396	-869.074	1104.926	34.261	-1104.238	990.239	103.204	-1115.285	1060.711	104.754	-1173.964	787.103	45.056	-907.343	793.439	46.353	-802.856	1001.324	31.475	-814.603	927.048	104.498	-894.711	830.803	388.213	-837.838	829.05	307.566	-819.707	875.985	54.632	-1277.274	900.002	44.515	-1205.403	986.471	37.457	-1275.028	790.965	613.027	-879.544	792.137	695.833	-875.747	836.259	692.237	-830.236	1031.36	656.507	-1156.147	976.754	647.932	-1189.394	977.705	564.905	-1182.324	987.607	390.116	-1205.084	1003.07	303.907	-1210.616	1046.831	399.31	-1181.906	883.099	395.959	-801.746	885.036	309.896	-785.235	1062.172	317.293	-1187.537	836.725	604.687	-833.838	1031.055	568.065	-1149.486	1098.296	32.097	-1172.722	1024.766	25.282	-1101.001	935.298	22.304	-780.136	956.496	27.301	-883.616
1449	7.24	927.038	1692.882	-995.017	933.373	1410.469	-818.598	1093.383	1399.284	-1090.402	901.5	1359.061	-1020.256	804.089	911.842	-933.127	927.62	931.459	-1134.669	1008.486	964.169	-953.42	1003.229	474.908	-1165.964	948.253	454.716	-1065.886	849.09	475.924	-847.103	885.723	456.736	-950.483	906.917	102.768	-808.758	726.923	56.388	-869.074	1104.928	34.278	-1104.229	990.278	103.19	-1115.292	1060.652	104.785	-1174.024	787.09	45.064	-907.335	793.445	46.366	-802.845	1001.33	31.457	-814.608	927.058	104.543	-894.676	830.769	388.209	-837.85	829.052	307.564	-819.686	876.009	54.572	-1277.251	900.013	44.509	-1205.412	986.479	37.436	-1275.044	790.96	613.001	-879.526	792.113	695.806	-875.763	836.218	692.253	-830.222	1031.344	656.496	-1156.147	976.739	647.923	-1189.404	977.683	564.904	-1182.309	987.627	390.103	-1205.082	1003.071	303.915	-1210.617	1046.827	399.331	-1181.91	883.087	395.972	-801.737	885.044	309.86	-785.247	1062.192	317.297	-1187.556	836.734	604.683	-833.841	1031.032	568.071	-1149.514	1098.287	32.094	-1172.691	1024.782	25.261	-1101.042	935.272	22.28	-780.127	956.489	27.29	-883.62
1450	7.245	927.019	1692.881	-994.982	933.324	1410.466	-818.559	1093.375	1399.313	-1090.387	901.163	1359.151	-1020.346	804.061	911.884	-933.146	927.581	931.446	-1134.674	1008.49	964.162	-953.421	1003.215	474.951	-1165.979	948.245	454.709	-1065.853	849.114	475.959	-847.082	885.741	456.747	-950.486	907.163	103.208	-808.474	726.917	56.371	-869.068	1104.931	34.251	-1104.21	990.253	103.208	-1115.263	1060.655	104.836	-1173.969	787.112	45.017	-907.325	793.443	46.349	-802.848	1001.325	31.479	-814.589	927.084	104.492	-894.697	830.805	388.226	-837.831	829.055	307.54	-819.713	875.987	54.601	-1277.271	899.987	44.52	-1205.407	986.498	37.427	-1275.036	790.948	612.992	-879.528	792.105	695.833	-875.744	836.222	692.238	-830.217	1031.354	656.508	-1156.132	976.748	647.918	-1189.388	977.676	564.941	-1182.33	987.607	390.146	-1205.072	1003.085	303.867	-1210.591	1046.842	399.338	-1181.928	883.109	395.971	-801.713	885.015	309.876	-785.23	1062.179	317.292	-1187.563	836.722	604.672	-833.838	1031.047	568.091	-1149.45	1098.302	32.082	-1172.697	1024.807	25.265	-1100.995	935.338	22.293	-780.09	956.48	27.264	-883.598
1451	7.25	927.024	1692.888	-994.969	933.298	1410.464	-818.544	1093.339	1399.315	-1090.384	901.449	1359.076	-1020.221	804.022	911.865	-933.16	927.585	931.458	-1134.692	1008.464	964.183	-953.44	1003.218	474.931	-1165.995	948.23	454.677	-1065.864	849.123	475.929	-847.096	885.722	456.719	-950.471	907.195	103.197	-808.478	726.923	56.387	-869.055	1104.915	34.233	-1104.232	990.237	103.194	-1115.281	1060.642	104.756	-1174.025	787.096	45.062	-907.33	793.454	46.353	-802.829	1001.323	31.44	-814.628	927.043	104.489	-894.665	830.775	388.197	-837.82	829.073	307.563	-819.673	876.03	54.565	-1277.257	900.003	44.51	-1205.416	986.485	37.453	-1275.025	790.949	613.016	-879.556	792.108	695.824	-875.75	836.213	692.227	-830.221	1031.327	656.51	-1156.135	976.726	647.931	-1189.392	977.654	564.914	-1182.317	987.614	390.145	-1205.098	1003.076	303.889	-1210.618	1046.807	399.335	-1181.897	883.104	395.988	-801.722	885.079	309.878	-785.223	1062.173	317.306	-1187.525	836.817	605.295	-833.895	1031.024	568.133	-1149.471	1098.3	32.116	-1172.701	1024.783	25.255	-1101.02	935.286	22.281	-780.093	956.5	27.29	-883.613
1452	7.255	927	1692.879	-994.946	933.31	1410.457	-818.538	1093.326	1399.321	-1090.394	901.435	1359.095	-1020.208	804.009	911.852	-933.136	927.562	931.444	-1134.703	1008.462	964.181	-953.448	1003.214	474.961	-1165.984	948.253	454.693	-1065.846	849.114	475.967	-847.075	885.712	456.705	-950.474	906.959	102.781	-808.742	726.911	56.379	-869.068	1104.924	34.259	-1104.206	990.265	103.182	-1115.264	1060.74	104.745	-1173.929	787.104	45.021	-907.312	793.449	46.369	-802.832	1001.365	31.46	-814.592	927.041	104.468	-894.711	830.814	388.238	-837.791	829.09	307.566	-819.658	876.017	54.587	-1277.24	900.015	44.497	-1205.394	986.456	37.471	-1275.035	790.942	612.974	-879.504	792.1	695.809	-875.751	836.234	692.236	-830.236	1031.321	656.487	-1156.131	976.715	647.897	-1189.38	977.658	564.943	-1182.33	987.616	390.143	-1205.072	1003.065	303.91	-1210.596	1046.801	399.335	-1181.906	883.124	395.993	-801.727	885.074	309.885	-785.193	1062.182	317.308	-1187.536	836.831	605.288	-833.876	1031.053	568.052	-1149.503	1098.309	32.141	-1172.703	1024.804	25.241	-1101.004	935.298	22.31	-780.109	956.504	27.288	-883.618
1453	7.26	927.001	1692.871	-994.919	933.272	1410.425	-818.523	1093.307	1399.322	-1090.372	901.422	1359.084	-1020.19	804.002	911.841	-933.158	927.546	931.448	-1134.698	1008.424	964.191	-953.421	1003.209	474.941	-1165.961	948.234	454.708	-1065.835	849.131	475.942	-847.078	885.755	456.708	-950.499	907.165	103.204	-808.478	726.925	56.394	-869.058	1104.9	34.242	-1104.226	990.257	103.164	-1115.246	1060.568	104.618	-1174.018	787.115	45.06	-907.336	793.468	46.332	-802.84	1001.329	31.442	-814.591	927.09	104.471	-894.663	830.777	388.24	-837.784	829.065	307.577	-819.659	875.988	54.611	-1277.27	900.004	44.52	-1205.39	986.46	37.478	-1275.009	790.943	613.008	-879.515	792.101	695.809	-875.728	836.203	692.237	-830.238	1031.319	656.574	-1156.127	976.712	647.934	-1189.397	977.654	564.937	-1182.294	987.6	390.119	-1205.086	1003.048	303.921	-1210.612	1046.812	399.35	-1181.905	883.096	395.963	-801.719	885.048	309.835	-785.215	1062.17	317.319	-1187.558	836.708	604.689	-833.832	1031.042	568.093	-1149.483	1098.318	32.099	-1172.689	1024.816	25.28	-1100.991	935.283	22.26	-780.108	956.485	27.301	-883.619
1454	7.265	926.989	1692.864	-994.863	933.274	1410.435	-818.489	1093.279	1399.355	-1090.41	901.048	1359.204	-1020.293	803.996	911.873	-933.17	927.542	931.466	-1134.691	1008.402	964.161	-953.423	1003.207	474.961	-1165.961	948.243	454.687	-1065.853	849.137	475.931	-847.075	885.703	456.755	-950.462	906.923	102.77	-808.742	726.905	56.37	-869.053	1104.919	34.286	-1104.224	990.237	103.176	-1115.299	1060.59	104.568	-1174.011	787.096	45.053	-907.303	793.447	46.381	-802.84	1001.344	31.48	-814.598	927.031	104.5	-894.671	830.821	388.213	-837.795	829.085	307.56	-819.66	876.005	54.599	-1277.25	899.984	44.547	-1205.396	986.457	37.454	-1275.028	790.949	613.011	-879.495	792.084	695.801	-875.752	836.237	692.234	-830.236	1031.3	656.518	-1156.113	976.73	647.92	-1189.383	977.661	564.921	-1182.304	987.584	390.162	-1205.086	1003.059	303.939	-1210.61	1046.812	399.354	-1181.891	883.112	395.996	-801.7	885.066	309.892	-785.213	1062.177	317.313	-1187.546	836.727	604.703	-833.807	1031.047	568.089	-1149.456	1098.29	32.124	-1172.727	1024.827	25.259	-1100.982	935.292	22.305	-780.066	956.487	27.299	-883.605
1455	7.27	926.973	1692.888	-994.855	933.279	1410.416	-818.469	1093.256	1399.345	-1090.37	901.033	1359.21	-1020.286	803.964	911.878	-933.182	927.511	931.457	-1134.692	1008.389	964.227	-953.426	1003.198	474.961	-1165.976	948.223	454.686	-1065.861	849.141	475.959	-847.058	885.733	456.752	-950.452	906.947	102.797	-808.736	726.911	56.381	-869.064	1104.916	34.271	-1104.226	990.258	103.244	-1115.26	1060.735	104.756	-1173.948	787.114	45.038	-907.291	793.446	46.376	-802.824	1001.337	31.451	-814.599	927.043	104.477	-894.683	830.797	388.242	-837.81	829.075	307.571	-819.678	876.005	54.585	-1277.247	899.976	44.558	-1205.418	986.478	37.442	-1275.035	790.922	613.014	-879.511	792.094	695.827	-875.73	836.201	692.268	-830.234	1031.295	656.55	-1156.111	976.716	647.905	-1189.374	977.653	564.94	-1182.303	987.591	390.134	-1205.076	1003.048	303.95	-1210.603	1046.824	399.354	-1181.89	883.137	395.985	-801.701	885.059	309.871	-785.206	1062.165	317.332	-1187.56	836.816	605.306	-833.886	1031.025	568.066	-1149.453	1098.274	32.183	-1172.712	1024.805	25.263	-1100.994	935.332	22.257	-780.129	956.492	27.302	-883.615
1456	7.275	926.944	1692.902	-994.826	933.244	1410.38	-818.465	1093.226	1399.351	-1090.36	901.023	1359.213	-1020.281	803.943	911.88	-933.154	927.493	931.472	-1134.688	1008.351	964.197	-953.452	1003.197	474.969	-1165.985	948.211	454.706	-1065.839	849.129	475.95	-847.052	885.786	456.764	-950.487	906.941	102.814	-808.749	726.904	56.386	-869.07	1104.906	34.287	-1104.235	990.246	103.179	-1115.253	1060.712	104.827	-1173.978	787.13	45.057	-907.286	793.462	46.393	-802.829	1001.331	31.468	-814.578	927.029	104.509	-894.654	830.811	388.246	-837.793	829.087	307.571	-819.665	875.988	54.631	-1277.252	900.001	44.542	-1205.398	986.457	37.452	-1275.03	790.915	613.016	-879.514	792.076	695.829	-875.748	836.207	692.265	-830.224	1031.304	656.516	-1156.141	976.708	647.933	-1189.402	977.669	564.951	-1182.313	987.583	390.139	-1205.085	1003.048	303.921	-1210.581	1046.797	399.317	-1181.898	883.127	395.966	-801.708	885.055	309.892	-785.215	1062.15	317.347	-1187.551	836.85	605.299	-833.878	1031.027	568.068	-1149.477	1098.298	32.109	-1172.692	1024.791	25.283	-1100.985	935.306	22.268	-780.126	956.496	27.308	-883.598
1457	7.28	926.929	1692.916	-994.816	933.225	1410.369	-818.437	1093.213	1399.367	-1090.345	901.002	1359.228	-1020.225	803.945	911.873	-933.146	927.481	931.469	-1134.695	1008.359	964.205	-953.43	1003.192	474.989	-1165.967	948.233	454.711	-1065.875	849.146	475.994	-847.051	885.764	456.778	-950.484	907.144	103.217	-808.461	726.912	56.383	-869.056	1104.884	34.276	-1104.222	990.247	103.304	-1115.319	1060.767	104.799	-1173.953	787.119	45.06	-907.273	793.459	46.379	-802.836	1001.345	31.485	-814.606	927.052	104.547	-894.695	830.8	388.262	-837.783	829.072	307.607	-819.656	875.983	54.616	-1277.261	900.007	44.535	-1205.395	986.488	37.472	-1275.023	790.92	613.028	-879.489	792.064	695.832	-875.739	836.202	692.256	-830.229	1031.307	656.502	-1156.111	976.704	647.92	-1189.353	977.66	564.938	-1182.328	987.578	390.155	-1205.074	1003.065	303.92	-1210.589	1046.82	399.35	-1181.889	883.138	395.98	-801.704	885.046	309.879	-785.179	1062.151	317.328	-1187.527	836.855	605.322	-833.871	1031.04	568.115	-1149.456	1098.277	32.102	-1172.716	1024.802	25.269	-1100.983	935.323	22.269	-780.098	956.494	27.303	-883.61
1458	7.285	926.907	1692.913	-994.785	933.201	1410.38	-818.416	1093.172	1399.365	-1090.347	900.963	1359.244	-1020.243	803.936	911.868	-933.167	927.464	931.465	-1134.695	1008.369	964.215	-953.444	1003.224	475.006	-1165.979	948.23	454.682	-1065.83	849.111	475.978	-847.041	885.785	456.721	-950.44	906.934	102.811	-808.721	726.898	56.374	-869.054	1104.906	34.298	-1104.216	990.24	103.217	-1115.261	1060.646	104.718	-1173.97	787.118	45.047	-907.249	793.455	46.373	-802.841	1001.288	31.451	-814.605	927.089	104.509	-894.66	830.81	388.288	-837.753	829.063	307.594	-819.622	876	54.616	-1277.243	899.978	44.552	-1205.411	986.46	37.454	-1275.016	790.918	613.016	-879.506	792.069	695.812	-875.733	836.21	692.26	-830.244	1031.281	656.524	-1156.12	976.7	647.935	-1189.372	977.663	564.936	-1182.311	987.585	390.147	-1205.074	1003.045	303.966	-1210.602	1046.796	399.363	-1181.892	883.111	395.983	-801.687	885.076	309.902	-785.206	1062.145	317.341	-1187.529	836.739	604.719	-833.798	1031.019	568.076	-1149.469	1098.267	32.125	-1172.736	1024.794	25.271	-1100.986	935.327	22.301	-780.093	956.491	27.297	-883.592
1459	7.29	926.899	1692.897	-994.747	933.203	1410.361	-818.391	1093.158	1399.39	-1090.333	900.939	1359.247	-1020.194	803.913	911.871	-933.152	927.458	931.443	-1134.707	1008.34	964.233	-953.439	1003.209	474.957	-1165.958	948.212	454.708	-1065.852	849.13	475.957	-847.031	885.748	456.745	-950.48	907.158	103.224	-808.45	726.922	56.383	-869.037	1104.934	34.289	-1104.205	990.224	103.24	-1115.293	1060.675	104.851	-1174.009	787.137	45.064	-907.236	793.443	46.371	-802.838	1001.344	31.498	-814.587	927.017	104.507	-894.679	830.847	388.257	-837.766	829.11	307.59	-819.632	875.974	54.601	-1277.238	899.995	44.515	-1205.387	986.472	37.469	-1275.015	790.898	613.04	-879.452	792.067	695.852	-875.735	836.219	692.273	-830.244	1031.282	656.528	-1156.126	976.7	647.954	-1189.401	977.636	564.948	-1182.33	987.581	390.136	-1205.061	1003.024	303.909	-1210.583	1046.802	399.365	-1181.898	883.131	395.982	-801.675	885.042	309.877	-785.183	1062.168	317.311	-1187.535	836.825	605.301	-833.865	1030.992	568.044	-1149.443	1098.301	32.166	-1172.684	1024.807	25.296	-1100.984	935.283	22.278	-780.111	956.503	27.312	-883.604
1460	7.295	926.856	1692.943	-994.728	933.165	1410.339	-818.384	1093.138	1399.404	-1090.323	900.901	1359.267	-1020.177	803.905	911.853	-933.16	927.447	931.473	-1134.705	1008.31	964.253	-953.447	1003.204	474.989	-1165.978	948.18	454.713	-1065.888	849.177	475.977	-847.027	885.796	456.798	-950.468	907.166	103.232	-808.441	726.909	56.394	-869.048	1104.914	34.305	-1104.21	990.252	103.253	-1115.284	1060.715	104.806	-1173.921	787.143	45.021	-907.187	793.448	46.365	-802.829	1001.347	31.466	-814.594	927.065	104.496	-894.648	830.813	388.241	-837.78	829.083	307.6	-819.63	875.995	54.58	-1277.251	899.989	44.562	-1205.401	986.479	37.455	-1275.018	790.913	613.014	-879.478	792.063	695.848	-875.726	836.195	692.246	-830.225	1031.252	656.543	-1156.115	976.681	647.933	-1189.372	977.651	564.936	-1182.321	987.585	390.179	-1205.065	1003.04	303.914	-1210.594	1046.807	399.374	-1181.894	883.132	395.979	-801.689	885.041	309.899	-785.173	1062.181	317.335	-1187.551	836.809	605.316	-833.855	1031.001	568.106	-1149.476	1098.277	32.115	-1172.683	1024.818	25.267	-1101.01	935.289	22.267	-780.076	956.49	27.342	-883.628
1461	7.3	926.825	1692.926	-994.673	933.174	1410.357	-818.328	1093.12	1399.425	-1090.317	900.904	1359.274	-1020.175	803.903	911.842	-933.162	927.444	931.483	-1134.704	1008.296	964.212	-953.492	1003.228	474.988	-1165.955	948.226	454.703	-1065.859	849.113	475.999	-847.006	885.767	456.76	-950.466	906.941	102.829	-808.733	726.902	56.376	-869.056	1104.911	34.303	-1104.194	990.232	103.217	-1115.282	1060.625	104.811	-1173.971	787.145	45.058	-907.193	793.462	46.364	-802.809	1001.336	31.472	-814.599	927.039	104.531	-894.654	830.851	388.226	-837.774	829.076	307.577	-819.627	876.009	54.593	-1277.225	899.996	44.536	-1205.375	986.488	37.428	-1275.009	790.916	613.003	-879.473	792.05	695.83	-875.729	836.169	692.259	-830.227	1031.254	656.513	-1156.108	976.664	647.938	-1189.378	977.634	564.945	-1182.324	987.587	390.159	-1205.089	1003.042	303.943	-1210.594	1046.81	399.376	-1181.887	883.111	395.995	-801.683	885.056	309.893	-785.187	1062.164	317.346	-1187.545	836.823	605.303	-833.874	1030.991	568.104	-1149.46	1098.288	32.088	-1172.669	1024.802	25.278	-1101.02	935.29	22.276	-780.111	956.46	27.319	-883.621
1462	7.305	926.799	1692.945	-994.658	933.147	1410.313	-818.332	1093.093	1399.417	-1090.277	900.863	1359.295	-1020.171	803.914	911.851	-933.15	927.444	931.468	-1134.691	1008.281	964.222	-953.456	1003.181	475.02	-1165.967	948.223	454.72	-1065.858	849.152	475.993	-847.044	885.722	456.778	-950.494	906.914	102.798	-808.712	726.924	56.406	-869.059	1104.896	34.317	-1104.214	990.251	103.227	-1115.243	1060.778	104.907	-1173.879	787.175	45.039	-907.142	793.443	46.362	-802.837	1001.322	31.46	-814.598	927.055	104.533	-894.663	830.794	388.254	-837.787	829.074	307.621	-819.614	875.988	54.583	-1277.226	899.98	44.56	-1205.42	986.464	37.422	-1274.987	790.903	613.018	-879.493	792.046	695.828	-875.723	836.174	692.27	-830.238	1031.252	656.551	-1156.12	976.674	647.935	-1189.36	977.648	564.928	-1182.296	987.59	390.166	-1205.062	1003.064	303.896	-1210.582	1046.802	399.364	-1181.893	883.124	395.978	-801.67	885.021	309.908	-785.173	1062.164	317.353	-1187.537	836.8	605.298	-833.859	1030.984	568.167	-1149.444	1098.269	32.115	-1172.651	1024.803	25.29	-1100.995	935.28	22.272	-780.098	956.48	27.329	-883.639
1463	7.31	926.791	1692.943	-994.608	933.137	1410.303	-818.298	1093.06	1399.441	-1090.268	900.845	1359.289	-1020.127	803.905	911.833	-933.14	927.43	931.472	-1134.692	1008.276	964.235	-953.469	1003.234	474.986	-1165.969	948.219	454.737	-1065.816	849.133	476.015	-847.032	885.72	456.766	-950.466	907.178	103.226	-808.45	726.891	56.376	-869.05	1104.94	34.296	-1104.192	990.258	103.226	-1115.234	1060.638	104.749	-1173.982	787.197	45.004	-907.108	793.45	46.373	-802.843	1001.361	31.493	-814.586	927.016	104.56	-894.649	830.809	388.246	-837.767	829.064	307.618	-819.62	875.994	54.6	-1277.232	899.992	44.521	-1205.404	986.468	37.448	-1275.017	790.896	613.011	-879.502	792.051	695.841	-875.744	836.177	692.279	-830.244	1031.24	656.566	-1156.129	976.65	647.938	-1189.379	977.635	564.946	-1182.313	987.605	390.165	-1205.066	1003.058	303.93	-1210.599	1046.796	399.377	-1181.899	883.138	396.007	-801.682	885.029	309.925	-785.192	1062.169	317.366	-1187.552	836.797	605.317	-833.889	1030.976	568.116	-1149.491	1098.286	32.157	-1172.682	1024.8	25.271	-1101.008	935.294	22.303	-780.103	956.502	27.313	-883.587
1464	7.315	926.755	1692.93	-994.571	933.087	1410.33	-818.291	1093.038	1399.428	-1090.252	900.832	1359.312	-1020.13	803.911	911.838	-933.13	927.422	931.459	-1134.697	1008.281	964.197	-953.467	1003.208	475.005	-1165.959	948.241	454.733	-1065.835	849.141	475.983	-847.034	885.709	456.735	-950.458	906.929	102.85	-808.71	726.904	56.385	-869.059	1104.896	34.289	-1104.21	990.211	103.305	-1115.302	1060.59	104.746	-1173.995	787.193	45.012	-907.102	793.444	46.366	-802.808	1001.34	31.485	-814.591	927.061	104.557	-894.672	830.776	388.259	-837.792	829.07	307.621	-819.639	876.028	54.608	-1277.246	900	44.548	-1205.411	986.457	37.468	-1275.027	790.88	613.029	-879.507	792.04	695.84	-875.757	836.16	692.253	-830.252	1031.253	656.564	-1156.129	976.644	647.931	-1189.361	977.632	564.967	-1182.323	987.591	390.157	-1205.061	1003.05	303.933	-1210.598	1046.791	399.362	-1181.914	883.112	395.995	-801.713	885.031	309.946	-785.193	1062.171	317.359	-1187.556	836.804	605.301	-833.873	1030.941	568.105	-1149.45	1098.298	32.123	-1172.704	1024.791	25.283	-1101.023	935.321	22.328	-780.065	956.482	27.362	-883.643
1465	7.32	926.724	1692.962	-994.516	933.081	1410.287	-818.28	1093.005	1399.449	-1090.248	900.771	1359.307	-1020.119	803.915	911.85	-933.159	927.41	931.492	-1134.687	1008.331	964.259	-953.447	1003.218	475.016	-1165.978	948.237	454.726	-1065.838	849.125	475.996	-847.015	885.7	456.788	-950.481	906.931	102.824	-808.734	726.921	56.401	-869.025	1104.909	34.304	-1104.201	990.258	103.237	-1115.264	1060.64	104.813	-1173.987	787.204	45.011	-907.039	793.448	46.372	-802.819	1001.352	31.515	-814.57	927.031	104.531	-894.671	830.776	388.244	-837.817	829.054	307.598	-819.652	876.021	54.584	-1277.237	900.005	44.545	-1205.404	986.464	37.481	-1275.013	790.888	613.02	-879.488	792.04	695.849	-875.743	836.174	692.252	-830.238	1031.224	656.523	-1156.109	976.644	647.923	-1189.368	977.597	564.987	-1182.317	987.593	390.198	-1205.095	1003.077	303.944	-1210.606	1046.804	399.371	-1181.923	883.079	396.018	-801.706	884.986	309.943	-785.196	1062.175	317.374	-1187.53	836.763	605.312	-833.892	1030.976	568.137	-1149.508	1098.273	32.163	-1172.706	1024.776	25.299	-1101.024	935.312	22.348	-780.076	956.487	27.367	-883.616
1466	7.325	926.718	1692.935	-994.447	933.024	1410.298	-818.25	1092.962	1399.448	-1090.242	900.755	1359.34	-1020.109	803.899	911.859	-933.137	927.411	931.469	-1134.681	1008.265	964.216	-953.498	1003.189	475.006	-1165.986	948.248	454.749	-1065.833	849.117	475.999	-847.037	885.7	456.742	-950.487	907.179	103.24	-808.452	726.897	56.416	-869.044	1104.913	34.292	-1104.186	990.236	103.247	-1115.246	1060.673	104.843	-1173.97	787.237	44.988	-907.007	793.448	46.366	-802.823	1001.339	31.49	-814.61	927.072	104.595	-894.645	830.776	388.27	-837.812	829.032	307.594	-819.652	876.018	54.616	-1277.238	899.998	44.555	-1205.401	986.469	37.462	-1275.015	790.877	613.048	-879.51	792.049	695.835	-875.762	836.147	692.244	-830.25	1031.235	656.552	-1156.149	976.654	647.919	-1189.386	977.637	564.961	-1182.307	987.587	390.197	-1205.089	1003.049	303.961	-1210.613	1046.791	399.382	-1181.927	883.07	395.995	-801.706	885.017	309.928	-785.217	1062.166	317.352	-1187.538	836.76	605.285	-833.9	1030.963	568.1	-1149.452	1098.291	32.131	-1172.677	1024.82	25.287	-1100.978	935.317	22.319	-780.086	956.48	27.362	-883.612
1467	7.33	926.691	1692.943	-994.404	933.022	1410.265	-818.206	1092.931	1399.459	-1090.246	900.748	1359.338	-1020.097	803.905	911.861	-933.122	927.411	931.471	-1134.679	1008.295	964.186	-953.479	1003.174	474.992	-1165.976	948.227	454.75	-1065.843	849.101	476.018	-847.018	885.712	456.773	-950.494	906.929	102.844	-808.717	726.928	56.406	-869.057	1104.922	34.316	-1104.187	990.24	103.254	-1115.253	1060.685	104.897	-1173.96	787.234	44.975	-906.971	793.439	46.366	-802.838	1001.329	31.511	-814.577	927.019	104.591	-894.659	830.758	388.268	-837.821	829.024	307.586	-819.67	875.969	54.649	-1277.27	900.035	44.516	-1205.383	986.47	37.491	-1275.02	790.849	613.027	-879.534	792.053	695.86	-875.772	836.155	692.242	-830.254	1031.227	656.573	-1156.148	976.651	647.942	-1189.4	977.604	564.957	-1182.327	987.577	390.168	-1205.089	1003.042	303.946	-1210.615	1046.793	399.405	-1181.926	883.052	395.976	-801.733	885.02	309.9	-785.211	1062.157	317.342	-1187.537	836.737	605.3	-833.892	1030.944	568.154	-1149.471	1098.278	32.153	-1172.698	1024.792	25.28	-1100.992	935.276	22.331	-780.068	956.475	27.324	-883.648
1468	7.335	926.656	1692.958	-994.389	932.974	1410.283	-818.208	1092.893	1399.483	-1090.255	900.706	1359.342	-1020.107	803.922	911.843	-933.135	927.416	931.476	-1134.679	1008.31	964.202	-953.46	1003.183	474.989	-1165.966	948.2	454.772	-1065.859	849.07	475.983	-847.021	885.649	456.747	-950.552	907.167	103.251	-808.46	726.912	56.388	-869.043	1104.907	34.292	-1104.195	990.247	103.241	-1115.25	1060.656	104.721	-1173.926	787.256	44.977	-906.967	793.456	46.369	-802.823	1001.335	31.501	-814.598	927.043	104.552	-894.662	830.764	388.235	-837.834	829.01	307.577	-819.681	876.001	54.579	-1277.235	899.991	44.56	-1205.381	986.448	37.455	-1275.001	790.86	612.989	-879.536	792.024	695.846	-875.775	836.114	692.244	-830.241	1031.21	656.557	-1156.167	976.635	647.921	-1189.398	977.598	564.947	-1182.33	987.56	390.175	-1205.084	1003.037	303.942	-1210.615	1046.783	399.402	-1181.937	883.055	395.978	-801.751	884.989	309.901	-785.222	1062.162	317.363	-1187.544	836.633	604.687	-833.835	1030.946	568.108	-1149.472	1098.283	32.14	-1172.709	1024.821	25.297	-1100.987	935.323	22.352	-780.082	956.481	27.345	-883.613
1469	7.34	926.636	1692.948	-994.343	932.926	1410.287	-818.198	1092.854	1399.481	-1090.277	900.637	1359.325	-1020.098	803.906	911.837	-933.139	927.409	931.469	-1134.672	1008.291	964.183	-953.469	1003.146	474.982	-1165.986	948.179	454.761	-1065.868	849.043	475.977	-847.025	885.667	456.768	-950.523	906.946	102.846	-808.729	726.905	56.378	-869.052	1104.923	34.337	-1104.207	990.252	103.2	-1115.221	1060.719	104.921	-1173.935	787.282	44.933	-906.91	793.441	46.364	-802.831	1001.367	31.481	-814.577	927.044	104.601	-894.664	830.731	388.24	-837.847	828.989	307.601	-819.701	876.016	54.611	-1277.246	900.005	44.502	-1205.391	986.463	37.44	-1275.029	790.85	613.002	-879.518	792.023	695.819	-875.789	836.154	692.249	-830.253	1031.214	656.544	-1156.181	976.616	647.913	-1189.406	977.585	564.962	-1182.345	987.565	390.181	-1205.115	1003.029	303.923	-1210.599	1046.767	399.384	-1181.948	883.02	395.996	-801.764	884.996	309.915	-785.222	1062.138	317.377	-1187.597	836.636	604.695	-833.848	1030.935	568.109	-1149.516	1098.316	32.105	-1172.692	1024.807	25.299	-1100.979	935.308	22.336	-780.068	956.496	27.316	-883.623
1470	7.345	926.611	1692.941	-994.272	932.893	1410.221	-818.184	1092.812	1399.478	-1090.262	900.646	1359.327	-1020.099	803.918	911.837	-933.141	927.421	931.493	-1134.673	1008.318	964.187	-953.475	1003.158	474.97	-1165.995	948.226	454.712	-1065.851	849.081	475.963	-847.04	885.649	456.774	-950.561	907.149	103.261	-808.455	726.919	56.362	-869.047	1104.925	34.296	-1104.199	990.236	103.209	-1115.26	1060.747	104.975	-1173.959	787.283	44.891	-906.862	793.444	46.359	-802.848	1001.361	31.488	-814.599	926.992	104.491	-894.691	830.715	388.242	-837.874	828.974	307.585	-819.709	875.991	54.594	-1277.267	900.026	44.517	-1205.385	986.491	37.543	-1275.041	790.832	612.971	-879.552	792.008	695.818	-875.791	836.112	692.236	-830.245	1031.207	656.563	-1156.215	976.617	647.928	-1189.428	977.589	564.957	-1182.356	987.55	390.162	-1205.105	1003.021	303.906	-1210.613	1046.746	399.411	-1181.939	883.017	395.976	-801.764	884.965	309.891	-785.249	1062.143	317.411	-1187.592	836.619	604.67	-833.857	1030.909	568.12	-1149.503	1098.273	32.141	-1172.693	1024.797	25.287	-1101.004	935.29	22.321	-780.094	956.483	27.333	-883.602
1471	7.35	926.579	1692.945	-994.233	932.875	1410.25	-818.132	1092.771	1399.474	-1090.239	900.597	1359.311	-1020.064	803.889	911.816	-933.14	927.416	931.476	-1134.679	1008.302	964.14	-953.468	1003.13	474.986	-1166.009	948.179	454.723	-1065.889	849.056	475.942	-847.037	885.659	456.771	-950.542	906.931	102.839	-808.718	726.917	56.364	-869.063	1104.926	34.307	-1104.222	990.246	103.267	-1115.291	1060.629	104.801	-1173.993	787.288	44.873	-906.82	793.451	46.368	-802.829	1001.312	31.512	-814.578	927.073	104.616	-894.683	830.699	388.235	-837.876	828.984	307.595	-819.709	875.966	54.608	-1277.276	899.99	44.501	-1205.385	986.467	37.468	-1275.024	790.83	612.996	-879.566	791.976	695.825	-875.782	836.111	692.208	-830.244	1031.196	656.541	-1156.203	976.617	647.948	-1189.447	977.564	564.953	-1182.366	987.54	390.158	-1205.11	1002.986	303.903	-1210.609	1046.75	399.367	-1181.932	882.997	395.958	-801.764	884.94	309.896	-785.266	1062.12	317.326	-1187.579	836.628	604.675	-833.873	1030.924	568.099	-1149.518	1098.274	32.153	-1172.714	1024.79	25.289	-1101.009	935.317	22.3	-780.096	956.468	27.313	-883.63
1472	7.355	926.549	1692.946	-994.169	932.825	1410.216	-818.17	1092.731	1399.498	-1090.275	900.56	1359.31	-1020.063	803.884	911.813	-933.176	927.396	931.45	-1134.674	1008.297	964.159	-953.477	1003.12	474.986	-1166.03	948.176	454.738	-1065.877	849.058	475.946	-847.047	885.68	456.744	-950.542	906.945	102.798	-808.76	726.927	56.38	-869.069	1104.904	34.278	-1104.194	990.237	103.174	-1115.226	1060.657	104.892	-1173.991	787.317	44.848	-906.776	793.444	46.353	-802.839	1001.334	31.491	-814.584	927.044	104.593	-894.631	830.701	388.227	-837.878	828.981	307.579	-819.709	875.985	54.584	-1277.265	899.991	44.511	-1205.392	986.475	37.456	-1275.048	790.815	612.979	-879.552	791.991	695.819	-875.751	836.117	692.23	-830.275	1031.192	656.512	-1156.187	976.611	647.915	-1189.425	977.541	564.956	-1182.385	987.502	390.172	-1205.122	1002.998	303.895	-1210.628	1046.732	399.363	-1181.95	882.984	395.977	-801.755	884.961	309.887	-785.248	1062.101	317.321	-1187.563	836.616	604.668	-833.869	1030.914	568.082	-1149.532	1098.251	32.116	-1172.684	1024.815	25.261	-1101.018	935.332	22.338	-780.08	956.503	27.321	-883.593
1473	7.36	926.516	1692.927	-994.128	932.775	1410.223	-818.119	1092.683	1399.497	-1090.271	900.511	1359.307	-1020.061	803.897	911.804	-933.137	927.406	931.477	-1134.683	1008.328	964.175	-953.477	1003.12	474.97	-1166.047	948.168	454.711	-1065.903	849.072	475.974	-847.027	885.662	456.774	-950.576	907.153	103.23	-808.46	726.913	56.368	-869.067	1104.904	34.303	-1104.202	990.226	103.152	-1115.24	1060.683	104.908	-1173.945	787.35	44.878	-906.743	793.417	46.364	-802.84	1001.328	31.453	-814.628	927.021	104.529	-894.686	830.739	388.209	-837.877	828.97	307.576	-819.732	876.008	54.562	-1277.264	900.014	44.492	-1205.387	986.475	37.439	-1275.042	790.82	612.979	-879.539	791.998	695.796	-875.762	836.083	692.261	-830.259	1031.201	656.54	-1156.185	976.616	647.922	-1189.421	977.567	564.979	-1182.392	987.517	390.119	-1205.108	1003	303.924	-1210.635	1046.718	399.368	-1181.924	883.014	395.953	-801.782	884.923	309.916	-785.285	1062.113	317.332	-1187.593	836.625	604.681	-833.879	1030.897	568.121	-1149.547	1098.279	32.127	-1172.699	1024.815	25.283	-1100.981	935.316	22.312	-780.108	956.47	27.336	-883.66
1474	7.365	926.483	1692.927	-994.05	932.762	1410.233	-818.09	1092.644	1399.501	-1090.257	900.474	1359.287	-1020.025	803.873	911.833	-933.17	927.409	931.478	-1134.673	1008.25	964.175	-953.439	1003.105	474.966	-1166.043	948.164	454.712	-1065.914	849.065	475.96	-847.037	885.66	456.769	-950.567	906.891	102.82	-808.742	726.912	56.366	-869.045	1104.92	34.313	-1104.206	990.229	103.188	-1115.258	1060.587	104.766	-1173.982	787.365	44.859	-906.697	793.451	46.385	-802.84	1001.339	31.477	-814.585	927.088	104.55	-894.663	830.7	388.245	-837.876	828.995	307.567	-819.74	875.979	54.588	-1277.256	899.999	44.511	-1205.411	986.474	37.441	-1275.031	790.813	613.003	-879.546	791.995	695.807	-875.772	836.119	692.193	-830.271	1031.185	656.524	-1156.17	976.614	647.959	-1189.446	977.576	564.975	-1182.389	987.518	390.157	-1205.123	1003.013	303.916	-1210.651	1046.746	399.382	-1181.932	883.012	395.953	-801.765	884.962	309.855	-785.259	1062.112	317.297	-1187.553	836.636	604.641	-833.891	1030.921	568.089	-1149.509	1098.279	32.116	-1172.707	1024.767	25.271	-1101.007	935.295	22.285	-780.095	956.491	27.303	-883.614
1475	7.37	926.459	1692.943	-994.035	932.723	1410.201	-818.074	1092.608	1399.502	-1090.245	900.46	1359.284	-1020.021	803.875	911.807	-933.189	927.407	931.455	-1134.676	1008.31	964.18	-953.44	1003.116	474.974	-1166.024	948.18	454.718	-1065.883	849.101	475.951	-847.005	885.681	456.749	-950.525	906.945	102.81	-808.751	726.933	56.351	-869.058	1104.919	34.287	-1104.194	990.221	103.233	-1115.285	1060.636	104.708	-1173.969	787.396	44.895	-906.652	793.442	46.374	-802.829	1001.315	31.469	-814.584	927.046	104.58	-894.628	830.743	388.238	-837.871	829.015	307.564	-819.712	875.997	54.59	-1277.246	899.979	44.518	-1205.414	986.479	37.471	-1275.037	790.831	612.984	-879.536	791.974	695.821	-875.784	836.134	692.215	-830.296	1031.201	656.543	-1156.169	976.633	647.915	-1189.43	977.584	564.961	-1182.372	987.532	390.129	-1205.094	1003.025	303.929	-1210.642	1046.752	399.385	-1181.95	883.057	395.966	-801.779	884.969	309.904	-785.254	1062.128	317.336	-1187.582	836.645	604.672	-833.895	1030.946	568.129	-1149.528	1098.28	32.133	-1172.742	1024.787	25.287	-1101.011	935.344	22.324	-780.065	956.494	27.273	-883.607
1476	7.375	926.42	1692.935	-993.959	932.649	1410.195	-818.084	1092.572	1399.522	-1090.243	900.428	1359.284	-1020.032	803.851	911.822	-933.199	927.411	931.485	-1134.692	1008.306	964.199	-953.449	1003.139	474.966	-1165.998	948.183	454.687	-1065.913	849.141	475.98	-846.977	885.716	456.748	-950.546	906.904	102.803	-808.748	726.938	56.352	-869.05	1104.928	34.311	-1104.209	990.211	103.239	-1115.314	1060.512	104.611	-1174.023	787.417	44.852	-906.573	793.439	46.365	-802.843	1001.334	31.491	-814.585	927.022	104.542	-894.678	830.745	388.218	-837.871	829.009	307.549	-819.713	875.995	54.573	-1277.24	900.009	44.477	-1205.395	986.46	37.435	-1275.022	790.833	612.963	-879.54	791.969	695.775	-875.779	836.095	692.225	-830.25	1031.216	656.562	-1156.153	976.64	647.943	-1189.441	977.607	564.96	-1182.378	987.561	390.122	-1205.111	1003.043	303.886	-1210.612	1046.772	399.391	-1181.928	883.068	395.965	-801.753	885.024	309.907	-785.236	1062.12	317.333	-1187.571	836.645	604.69	-833.882	1030.955	568.147	-1149.478	1098.29	32.128	-1172.7	1024.805	25.273	-1101.009	935.298	22.349	-780.072	956.502	27.31	-883.628
1477	7.38	926.366	1692.948	-993.933	932.599	1410.213	-818.052	1092.525	1399.527	-1090.259	900.397	1359.306	-1020.016	803.831	911.804	-933.207	927.401	931.49	-1134.705	1008.293	964.187	-953.461	1003.189	474.962	-1166.003	948.194	454.732	-1065.868	849.144	475.997	-846.954	885.694	456.713	-950.512	906.974	102.803	-808.721	726.923	56.362	-869.038	1104.921	34.286	-1104.221	990.223	103.217	-1115.266	1060.548	104.721	-1174.07	787.454	44.846	-906.555	793.444	46.366	-802.846	1001.331	31.451	-814.616	927.078	104.523	-894.68	830.761	388.228	-837.852	829.036	307.546	-819.712	876.017	54.558	-1277.235	899.988	44.539	-1205.423	986.502	37.475	-1275.043	790.852	612.965	-879.569	791.991	695.775	-875.822	836.123	692.233	-830.269	1031.211	656.567	-1156.17	976.654	647.945	-1189.416	977.609	564.948	-1182.392	987.579	390.171	-1205.099	1003.049	303.888	-1210.624	1046.771	399.359	-1181.928	883.056	395.981	-801.751	885.07	309.867	-785.241	1062.163	317.31	-1187.55	836.647	604.665	-833.89	1030.96	568.123	-1149.51	1098.294	32.143	-1172.698	1024.789	25.258	-1101.015	935.293	22.277	-780.092	956.474	27.327	-883.654
1478	7.385	926.331	1692.938	-993.853	932.575	1410.194	-818.014	1092.509	1399.557	-1090.233	900.341	1359.296	-1019.965	803.843	911.786	-933.183	927.397	931.497	-1134.685	1008.283	964.174	-953.433	1003.178	474.965	-1166	948.201	454.672	-1065.888	849.177	475.968	-846.976	885.664	456.707	-950.529	906.939	102.784	-808.737	726.946	56.37	-869.044	1104.901	34.276	-1104.223	990.264	103.184	-1115.274	1060.713	104.81	-1173.904	787.485	44.847	-906.515	793.44	46.354	-802.855	1001.354	31.501	-814.575	927.068	104.538	-894.661	830.777	388.214	-837.85	829.025	307.561	-819.702	876.014	54.563	-1277.259	899.991	44.527	-1205.403	986.457	37.451	-1275.037	790.827	612.983	-879.539	792.004	695.774	-875.777	836.125	692.218	-830.262	1031.233	656.549	-1156.155	976.67	647.91	-1189.422	977.614	564.93	-1182.371	987.57	390.152	-1205.088	1003.03	303.911	-1210.63	1046.758	399.361	-1181.905	883.068	395.954	-801.742	885.053	309.891	-785.245	1062.173	317.313	-1187.517	836.661	604.666	-833.922	1030.963	568.106	-1149.507	1098.276	32.141	-1172.696	1024.801	25.269	-1101.032	935.286	22.294	-780.104	956.466	27.317	-883.624
1479	7.39	926.279	1692.928	-993.812	932.526	1410.191	-818.004	1092.463	1399.552	-1090.225	900.33	1359.293	-1019.982	803.825	911.793	-933.196	927.381	931.465	-1134.677	1008.277	964.208	-953.435	1003.21	474.975	-1166.032	948.169	454.721	-1065.872	849.187	476.003	-846.977	885.685	456.703	-950.525	906.962	102.831	-808.728	726.948	56.398	-869.03	1104.926	34.324	-1104.196	990.235	103.16	-1115.27	1060.655	104.784	-1173.99	787.441	44.873	-906.539	793.462	46.345	-802.855	1001.338	31.463	-814.606	927.062	104.534	-894.675	830.774	388.21	-837.845	829.043	307.545	-819.697	876.007	54.576	-1277.253	899.999	44.527	-1205.414	986.459	37.462	-1275.023	790.848	612.961	-879.55	791.984	695.806	-875.816	836.142	692.21	-830.295	1031.229	656.564	-1156.16	976.689	647.923	-1189.422	977.649	564.938	-1182.357	987.608	390.137	-1205.086	1003.063	303.916	-1210.63	1046.792	399.361	-1181.92	883.066	395.97	-801.746	884.999	309.897	-785.247	1062.176	317.34	-1187.56	836.667	604.67	-833.918	1030.996	568.137	-1149.492	1098.299	32.133	-1172.704	1024.807	25.268	-1101.011	935.34	22.311	-780.078	956.478	27.305	-883.641
1480	7.395	926.226	1692.934	-993.788	932.504	1410.196	-818.02	1092.407	1399.569	-1090.246	900.31	1359.29	-1019.973	803.834	911.761	-933.204	927.375	931.502	-1134.703	1008.27	964.198	-953.431	1003.191	474.961	-1166.006	948.175	454.733	-1065.897	849.177	475.981	-846.953	885.716	456.713	-950.518	906.945	102.805	-808.719	726.953	56.357	-869.02	1104.923	34.299	-1104.215	990.212	103.192	-1115.302	1060.606	104.692	-1174.056	787.474	44.875	-906.524	793.466	46.332	-802.842	1001.341	31.451	-814.585	927.061	104.551	-894.662	830.791	388.199	-837.864	829.046	307.548	-819.706	876.013	54.562	-1277.249	900.004	44.535	-1205.406	986.456	37.45	-1275.046	790.858	612.976	-879.535	792.015	695.791	-875.785	836.13	692.213	-830.295	1031.254	656.513	-1156.107	976.679	647.896	-1189.393	977.659	564.926	-1182.348	987.599	390.147	-1205.082	1003.036	303.923	-1210.628	1046.804	399.348	-1181.894	883.069	395.947	-801.746	885.035	309.862	-785.242	1062.166	317.318	-1187.531	836.663	604.66	-833.907	1031.003	568.128	-1149.431	1098.291	32.095	-1172.686	1024.787	25.247	-1100.999	935.329	22.329	-780.084	956.499	27.286	-883.636
1481	7.4	926.187	1692.931	-993.724	932.451	1410.169	-817.986	1092.39	1399.566	-1090.194	900.275	1359.3	-1019.949	803.822	911.793	-933.196	927.38	931.489	-1134.701	1008.241	964.217	-953.459	1003.207	474.977	-1165.983	948.208	454.688	-1065.886	849.207	475.977	-846.975	885.716	456.744	-950.536	906.933	102.82	-808.723	726.935	56.392	-869.009	1104.9	34.292	-1104.204	990.251	103.21	-1115.296	1060.748	104.928	-1173.941	787.492	44.898	-906.509	793.464	46.335	-802.846	1001.351	31.458	-814.571	927.049	104.553	-894.643	830.788	388.192	-837.854	829.041	307.539	-819.712	876.023	54.562	-1277.246	899.999	44.495	-1205.396	986.474	37.438	-1275.037	790.844	612.973	-879.535	792.016	695.801	-875.796	836.132	692.226	-830.294	1031.26	656.545	-1156.143	976.679	647.91	-1189.383	977.663	564.928	-1182.354	987.593	390.175	-1205.106	1003.065	303.905	-1210.621	1046.819	399.356	-1181.91	883.079	395.971	-801.728	885.022	309.868	-785.224	1062.173	317.335	-1187.568	836.682	604.655	-833.927	1031.006	568.097	-1149.449	1098.28	32.155	-1172.72	1024.799	25.27	-1101.002	935.328	22.307	-780.078	956.475	27.281	-883.634
1482	7.405	926.111	1692.921	-993.669	932.405	1410.167	-817.958	1092.357	1399.589	-1090.205	900.596	1359.2	-1019.831	803.831	911.763	-933.208	927.375	931.483	-1134.695	1008.238	964.188	-953.471	1003.235	474.978	-1165.981	948.22	454.699	-1065.874	849.216	475.96	-846.966	885.695	456.717	-950.522	906.94	102.815	-808.749	726.97	56.344	-868.986	1104.919	34.291	-1104.209	990.236	103.159	-1115.283	1060.655	104.73	-1174.017	787.474	44.899	-906.521	793.433	46.345	-802.847	1001.354	31.439	-814.627	927.031	104.48	-894.656	830.784	388.203	-837.875	829.025	307.559	-819.703	876.017	54.557	-1277.257	899.996	44.502	-1205.398	986.477	37.433	-1275.026	790.846	612.993	-879.566	792.005	695.773	-875.811	836.157	692.221	-830.316	1031.285	656.515	-1156.117	976.699	647.947	-1189.434	977.655	564.944	-1182.357	987.593	390.153	-1205.1	1003.05	303.938	-1210.64	1046.809	399.342	-1181.913	883.061	395.946	-801.742	885	309.853	-785.24	1062.169	317.321	-1187.553	836.675	604.642	-833.935	1031.017	568.128	-1149.43	1098.263	32.099	-1172.697	1024.801	25.281	-1101.023	935.318	22.286	-780.106	956.468	27.344	-883.636
1483	7.41	926.06	1692.94	-993.657	932.401	1410.172	-817.936	1092.31	1399.609	-1090.182	900.216	1359.323	-1019.909	803.814	911.784	-933.223	927.365	931.489	-1134.717	1008.242	964.193	-953.438	1003.228	474.952	-1165.971	948.249	454.698	-1065.861	849.227	475.948	-846.949	885.676	456.689	-950.532	906.944	102.792	-808.724	726.986	56.367	-868.983	1104.913	34.286	-1104.215	990.225	103.231	-1115.265	1060.561	104.668	-1174.019	787.441	44.894	-906.583	793.436	46.338	-802.851	1001.369	31.441	-814.602	927.062	104.569	-894.664	830.777	388.186	-837.857	829.03	307.546	-819.697	876.036	54.551	-1277.232	900.011	44.509	-1205.407	986.481	37.433	-1275.046	790.854	612.981	-879.566	792	695.797	-875.803	836.147	692.218	-830.296	1031.263	656.556	-1156.118	976.702	647.921	-1189.415	977.676	564.917	-1182.346	987.599	390.146	-1205.078	1003.068	303.909	-1210.619	1046.817	399.344	-1181.91	883.067	395.962	-801.752	885.02	309.885	-785.252	1062.17	317.334	-1187.542	836.678	604.647	-833.936	1031.019	568.075	-1149.423	1098.292	32.128	-1172.694	1024.799	25.263	-1100.999	935.296	22.316	-780.077	956.477	27.263	-883.616
1484	7.415	926.006	1692.955	-993.637	932.381	1410.162	-817.899	1092.289	1399.626	-1090.173	900.164	1359.36	-1019.897	803.846	911.767	-933.206	927.372	931.51	-1134.71	1008.216	964.218	-953.458	1003.201	474.963	-1165.988	948.202	454.708	-1065.893	849.189	475.95	-846.95	885.665	456.692	-950.552	906.959	102.797	-808.71	726.991	56.37	-868.953	1104.895	34.3	-1104.198	990.218	103.22	-1115.263	1060.695	104.892	-1174.003	787.45	44.951	-906.652	793.455	46.32	-802.828	1001.353	31.449	-814.605	927.051	104.528	-894.658	830.757	388.222	-837.855	829.011	307.568	-819.718	876.017	54.556	-1277.214	900.01	44.525	-1205.408	986.495	37.448	-1275.033	790.85	612.979	-879.549	791.988	695.808	-875.809	836.126	692.228	-830.3	1031.27	656.543	-1156.112	976.72	647.914	-1189.408	977.667	564.95	-1182.342	987.62	390.147	-1205.08	1003.069	303.932	-1210.64	1046.816	399.365	-1181.889	883.069	395.949	-801.737	885.025	309.857	-785.257	1062.19	317.345	-1187.551	836.645	604.659	-833.953	1031.018	568.106	-1149.405	1098.288	32.155	-1172.696	1024.795	25.252	-1101.025	935.316	22.314	-780.091	956.482	27.311	-883.644
1485	7.42	925.938	1692.973	-993.601	932.353	1410.149	-817.897	1092.23	1399.612	-1090.137	900.146	1359.37	-1019.864	803.831	911.789	-933.199	927.375	931.513	-1134.708	1008.214	964.196	-953.441	1003.223	474.97	-1165.992	948.224	454.713	-1065.885	849.247	475.949	-846.945	885.706	456.708	-950.518	906.979	102.809	-808.728	727.027	56.409	-868.948	1104.896	34.313	-1104.206	990.233	103.222	-1115.29	1060.72	104.784	-1173.964	787.388	45.021	-906.842	793.446	46.337	-802.851	1001.378	31.489	-814.593	927.043	104.547	-894.651	830.783	388.222	-837.852	829.032	307.568	-819.705	876.02	54.597	-1277.247	899.994	44.518	-1205.402	986.475	37.429	-1275.04	790.853	612.999	-879.55	791.998	695.803	-875.816	836.097	692.248	-830.287	1031.252	656.568	-1156.151	976.713	647.957	-1189.433	977.672	564.937	-1182.342	987.611	390.154	-1205.12	1003.067	303.907	-1210.627	1046.823	399.36	-1181.889	883.05	395.973	-801.757	885.023	309.878	-785.249	1062.18	317.348	-1187.579	836.654	604.641	-833.936	1031.019	568.115	-1149.449	1098.267	32.136	-1172.699	1024.802	25.297	-1101.015	935.326	22.293	-780.111	956.489	27.302	-883.587
1486	7.425	925.895	1692.977	-993.539	932.306	1410.142	-817.876	1092.222	1399.646	-1090.108	900.13	1359.369	-1019.842	803.83	911.786	-933.196	927.372	931.509	-1134.706	1008.27	964.225	-953.465	1003.217	475.003	-1165.991	948.211	454.701	-1065.891	849.231	475.958	-846.912	885.694	456.717	-950.522	906.956	102.798	-808.735	727.021	56.415	-868.916	1104.906	34.33	-1104.22	990.235	103.175	-1115.265	1060.631	104.754	-1173.987	786.791	45.826	-908.714	793.459	46.364	-802.829	1001.358	31.48	-814.594	927.034	104.536	-894.682	830.77	388.213	-837.874	829.025	307.567	-819.714	876.039	54.552	-1277.207	900.001	44.564	-1205.414	986.478	37.437	-1275.026	790.85	612.98	-879.57	791.994	695.82	-875.815	836.114	692.224	-830.313	1031.281	656.578	-1156.161	976.708	647.932	-1189.427	977.671	564.962	-1182.358	987.61	390.183	-1205.112	1003.056	303.944	-1210.643	1046.806	399.37	-1181.891	883.067	395.98	-801.764	885.031	309.853	-785.228	1062.186	317.311	-1187.554	836.625	604.628	-833.969	1031.019	568.149	-1149.482	1098.294	32.134	-1172.695	1024.833	25.287	-1100.994	935.327	22.344	-780.075	956.497	27.29	-883.615
1487	7.43	925.834	1692.97	-993.506	932.301	1410.137	-817.856	1092.184	1399.653	-1090.078	900.097	1359.37	-1019.799	803.839	911.787	-933.187	927.377	931.51	-1134.699	1008.24	964.23	-953.45	1003.219	474.985	-1165.98	948.236	454.698	-1065.901	849.224	476.004	-846.925	885.644	456.723	-950.561	906.955	102.845	-808.718	727.054	56.441	-868.877	1104.933	34.313	-1104.207	990.244	103.278	-1115.29	1060.662	104.716	-1173.921	786.797	45.808	-908.704	793.467	46.38	-802.832	1001.343	31.529	-814.57	927.071	104.528	-894.647	830.733	388.212	-837.868	829.013	307.571	-819.714	876.048	54.541	-1277.205	899.995	44.546	-1205.385	986.469	37.447	-1275.036	790.831	612.994	-879.556	791.969	695.831	-875.829	836.108	692.239	-830.282	1031.251	656.551	-1156.151	976.685	647.937	-1189.419	977.667	564.944	-1182.346	987.632	390.173	-1205.109	1003.064	303.965	-1210.65	1046.804	399.386	-1181.919	883.047	395.977	-801.741	885.039	309.899	-785.231	1062.191	317.331	-1187.561	836.641	604.626	-833.969	1030.977	568.132	-1149.493	1098.292	32.143	-1172.7	1024.788	25.278	-1100.995	935.309	22.29	-780.094	956.492	27.257	-883.593
1488	7.435	925.777	1692.987	-993.468	932.244	1410.14	-817.825	1092.161	1399.684	-1090.089	900.059	1359.401	-1019.803	803.865	911.771	-933.203	927.373	931.512	-1134.697	1008.224	964.236	-953.445	1003.217	475.002	-1165.999	948.224	454.717	-1065.888	849.21	475.957	-846.905	885.653	456.751	-950.56	906.93	102.822	-808.711	727.089	56.439	-868.842	1104.928	34.327	-1104.198	990.23	103.217	-1115.326	1060.775	104.95	-1173.927	786.778	45.795	-908.667	793.473	46.377	-802.825	1001.354	31.487	-814.574	927.04	104.548	-894.68	830.738	388.22	-837.882	828.996	307.559	-819.731	876.086	54.541	-1277.192	900.004	44.573	-1205.412	986.463	37.483	-1275.038	790.858	612.979	-879.559	791.986	695.816	-875.816	836.095	692.235	-830.288	1031.23	656.567	-1156.147	976.679	647.972	-1189.44	977.652	564.981	-1182.37	987.639	390.189	-1205.101	1003.082	303.952	-1210.64	1046.812	399.389	-1181.905	883.048	395.972	-801.78	884.985	309.891	-785.254	1062.173	317.368	-1187.578	836.601	604.634	-833.945	1031.003	568.144	-1149.483	1098.28	32.169	-1172.716	1024.798	25.284	-1101.002	935.266	22.295	-780.094	956.467	27.287	-883.621
1489	7.44	925.723	1692.997	-993.43	932.225	1410.13	-817.809	1092.119	1399.682	-1090.049	900.024	1359.434	-1019.797	803.87	911.768	-933.207	927.378	931.508	-1134.688	1008.234	964.253	-953.441	1003.22	475.014	-1166.004	948.206	454.729	-1065.909	849.185	475.99	-846.925	885.653	456.716	-950.558	906.937	102.812	-808.736	727.097	56.458	-868.854	1104.911	34.307	-1104.197	990.253	103.27	-1115.322	1060.66	104.861	-1174.002	786.79	45.774	-908.625	793.44	46.38	-802.852	1001.342	31.514	-814.593	927.093	104.612	-894.648	830.739	388.205	-837.886	828.991	307.562	-819.703	876.072	54.52	-1277.167	900.002	44.546	-1205.401	986.468	37.509	-1275.044	790.842	612.966	-879.546	792.004	695.795	-875.8	836.101	692.212	-830.275	1031.26	656.606	-1156.177	976.683	647.949	-1189.415	977.642	565.006	-1182.393	987.584	390.213	-1205.11	1003.063	303.962	-1210.645	1046.811	399.39	-1181.889	883.015	395.97	-801.764	884.971	309.88	-785.275	1062.168	317.387	-1187.572	836.609	604.593	-833.983	1031.011	568.147	-1149.492	1098.276	32.134	-1172.688	1024.786	25.295	-1101.02	935.282	22.307	-780.081	956.472	27.304	-883.605
1490	7.445	925.661	1692.965	-993.366	932.189	1410.119	-817.792	1092.068	1399.694	-1090.056	899.992	1359.385	-1019.747	803.855	911.787	-933.198	927.364	931.537	-1134.698	1008.246	964.246	-953.463	1003.214	475.023	-1165.993	948.254	454.721	-1065.891	849.192	475.945	-846.915	885.685	456.757	-950.543	906.913	102.846	-808.718	727.108	56.453	-868.784	1104.912	34.328	-1104.21	990.22	103.277	-1115.321	1060.702	104.815	-1173.996	786.794	45.758	-908.576	793.436	46.362	-802.817	1001.357	31.486	-814.564	927.086	104.581	-894.648	830.717	388.217	-837.887	828.991	307.56	-819.728	876.081	54.526	-1277.178	900.023	44.566	-1205.406	986.485	37.486	-1275.039	790.857	612.957	-879.562	791.988	695.786	-875.787	836.101	692.217	-830.276	1031.238	656.578	-1156.168	976.665	647.966	-1189.437	977.634	564.99	-1182.374	987.62	390.194	-1205.124	1003.062	303.954	-1210.643	1046.818	399.377	-1181.923	882.994	395.962	-801.763	884.976	309.893	-785.267	1062.18	317.355	-1187.571	836.586	604.642	-833.953	1030.99	568.143	-1149.537	1098.288	32.169	-1172.698	1024.777	25.325	-1101.005	935.326	22.358	-780.06	956.455	27.315	-883.601
1491	7.45	925.605	1692.999	-993.343	932.178	1410.118	-817.791	1092.033	1399.699	-1090.041	899.954	1359.383	-1019.713	803.838	911.77	-933.178	927.385	931.509	-1134.686	1008.239	964.25	-953.47	1003.205	475.005	-1165.994	948.228	454.742	-1065.899	849.174	475.973	-846.894	885.641	456.703	-950.54	906.945	102.875	-808.688	727.121	56.445	-868.78	1104.914	34.33	-1104.188	990.24	103.213	-1115.256	1060.766	105.004	-1173.938	786.811	45.71	-908.539	793.435	46.376	-802.815	1001.333	31.518	-814.576	927.105	104.569	-894.664	830.725	388.218	-837.887	828.962	307.574	-819.725	876.107	54.516	-1277.188	899.995	44.594	-1205.403	986.476	37.46	-1275.015	790.846	612.956	-879.562	791.982	695.822	-875.804	836.09	692.201	-830.289	1031.231	656.585	-1156.164	976.664	647.957	-1189.431	977.641	564.985	-1182.387	987.595	390.195	-1205.116	1003.075	303.958	-1210.647	1046.806	399.381	-1181.911	882.995	395.967	-801.769	884.936	309.887	-785.272	1062.168	317.315	-1187.56	836.575	604.606	-833.947	1030.978	568.119	-1149.507	1098.266	32.191	-1172.714	1024.806	25.317	-1101.003	935.314	22.347	-780.07	956.484	27.321	-883.589
1492	7.455	925.535	1692.989	-993.322	932.117	1410.109	-817.771	1091.988	1399.716	-1090.032	899.898	1359.416	-1019.713	803.851	911.764	-933.179	927.366	931.511	-1134.694	1008.223	964.233	-953.413	1003.227	475.015	-1166.011	948.243	454.728	-1065.905	849.177	475.959	-846.895	885.642	456.705	-950.576	906.923	102.827	-808.695	727.148	56.46	-868.773	1104.917	34.336	-1104.199	990.221	103.269	-1115.293	1060.702	104.913	-1173.964	786.826	45.706	-908.46	793.446	46.379	-802.84	1001.342	31.506	-814.571	927.044	104.588	-894.628	830.68	388.234	-837.894	828.945	307.578	-819.758	876.106	54.516	-1277.145	899.986	44.542	-1205.403	986.467	37.467	-1275.016	790.841	612.973	-879.56	791.978	695.799	-875.81	836.088	692.192	-830.284	1031.232	656.603	-1156.173	976.653	647.974	-1189.416	977.635	565.022	-1182.381	987.608	390.203	-1205.118	1003.07	303.953	-1210.639	1046.797	399.381	-1181.943	883.017	395.975	-801.78	884.961	309.893	-785.279	1062.163	317.345	-1187.588	836.555	604.592	-833.951	1030.986	568.201	-1149.531	1098.298	32.176	-1172.685	1024.787	25.296	-1100.995	935.331	22.356	-780.054	956.493	27.318	-883.596
1493	7.46	925.495	1692.983	-993.254	932.083	1410.109	-817.767	1091.959	1399.728	-1090.024	899.869	1359.392	-1019.686	803.857	911.767	-933.199	927.356	931.515	-1134.683	1008.248	964.224	-953.461	1003.196	474.996	-1166.024	948.238	454.776	-1065.89	849.193	475.946	-846.882	885.63	456.716	-950.553	906.938	102.846	-808.721	727.173	56.474	-868.742	1104.923	34.345	-1104.205	990.232	103.263	-1115.303	1060.722	104.856	-1173.99	786.862	45.682	-908.405	793.44	46.373	-802.81	1001.345	31.497	-814.578	926.987	104.566	-894.658	830.689	388.219	-837.897	828.964	307.57	-819.753	876.106	54.532	-1277.162	900.006	44.556	-1205.409	986.506	37.485	-1275.034	790.83	612.99	-879.562	791.977	695.788	-875.798	836.089	692.209	-830.282	1031.229	656.601	-1156.176	976.643	647.969	-1189.439	977.629	565.018	-1182.408	987.59	390.184	-1205.117	1003.041	303.949	-1210.628	1046.786	399.397	-1181.95	882.977	395.969	-801.785	884.943	309.911	-785.266	1062.164	317.306	-1187.578	836.58	604.598	-833.966	1030.966	568.162	-1149.529	1098.278	32.192	-1172.707	1024.821	25.305	-1100.981	935.311	22.332	-780.051	956.461	27.382	-883.644
1494	7.465	925.461	1692.971	-993.213	932.054	1410.118	-817.764	1091.887	1399.755	-1090.041	899.83	1359.383	-1019.694	803.848	911.756	-933.192	927.364	931.513	-1134.676	1008.262	964.243	-953.424	1003.185	475.022	-1166	948.214	454.767	-1065.922	849.186	475.929	-846.86	885.591	456.723	-950.582	906.952	102.847	-808.712	727.171	56.465	-868.717	1104.918	34.335	-1104.189	990.223	103.261	-1115.281	1060.753	104.861	-1173.918	786.919	45.644	-908.34	793.456	46.384	-802.82	1001.351	31.495	-814.558	927.056	104.602	-894.639	830.657	388.179	-837.926	828.95	307.549	-819.74	876.087	54.516	-1277.175	900.045	44.52	-1205.392	986.459	37.485	-1275.042	790.836	612.928	-879.551	791.978	695.783	-875.8	836.084	692.219	-830.286	1031.214	656.585	-1156.169	976.656	647.968	-1189.429	977.632	564.995	-1182.395	987.577	390.205	-1205.14	1003.044	303.956	-1210.651	1046.795	399.393	-1181.945	882.969	395.962	-801.786	884.954	309.872	-785.275	1062.166	317.305	-1187.582	836.592	604.573	-833.97	1030.983	568.145	-1149.538	1098.258	32.172	-1172.687	1024.8	25.307	-1101.018	935.301	22.339	-780.089	956.487	27.306	-883.626
1495	7.47	925.386	1692.977	-993.183	931.987	1410.097	-817.745	1091.856	1399.755	-1090.026	899.809	1359.374	-1019.676	803.834	911.769	-933.194	927.369	931.519	-1134.686	1008.25	964.216	-953.452	1003.205	475.024	-1166.005	948.169	454.768	-1065.914	849.191	475.945	-846.863	885.664	456.696	-950.588	906.938	102.829	-808.717	727.2	56.5	-868.716	1104.912	34.351	-1104.19	990.213	103.269	-1115.261	1060.687	104.87	-1173.947	786.9	45.63	-908.283	793.454	46.372	-802.824	1001.333	31.473	-814.587	927.054	104.577	-894.674	830.677	388.219	-837.904	828.963	307.574	-819.744	876.103	54.508	-1277.148	900.006	44.556	-1205.408	986.464	37.469	-1275.034	790.837	612.95	-879.567	791.955	695.771	-875.799	836.102	692.191	-830.309	1031.219	656.615	-1156.196	976.665	647.961	-1189.44	977.623	564.983	-1182.374	987.584	390.184	-1205.108	1003.06	303.923	-1210.639	1046.792	399.379	-1181.928	883.005	395.965	-801.782	884.967	309.862	-785.283	1062.16	317.337	-1187.567	836.557	604.574	-833.987	1030.975	568.174	-1149.537	1098.271	32.166	-1172.699	1024.785	25.317	-1101.017	935.288	22.324	-780.079	956.493	27.306	-883.611
1496	7.475	925.327	1692.969	-993.136	931.967	1410.098	-817.764	1091.79	1399.76	-1090.029	899.759	1359.373	-1019.682	803.812	911.76	-933.191	927.354	931.527	-1134.684	1008.27	964.195	-953.431	1003.199	474.993	-1166.01	948.212	454.739	-1065.913	849.201	475.971	-846.833	885.653	456.706	-950.592	906.945	102.838	-808.738	727.236	56.48	-868.684	1104.912	34.343	-1104.221	990.225	103.259	-1115.301	1060.734	104.865	-1173.913	786.906	45.609	-908.281	793.435	46.369	-802.842	1001.36	31.506	-814.571	927.012	104.564	-894.657	830.684	388.213	-837.924	828.965	307.55	-819.758	876.1	54.518	-1277.16	899.994	44.547	-1205.421	986.471	37.456	-1275.043	790.825	612.942	-879.566	791.967	695.771	-875.805	836.118	692.189	-830.306	1031.221	656.59	-1156.189	976.665	647.977	-1189.438	977.639	565.003	-1182.391	987.607	390.191	-1205.128	1003.027	303.953	-1210.638	1046.772	399.402	-1181.936	882.991	395.951	-801.8	884.973	309.872	-785.291	1062.158	317.351	-1187.595	836.615	604.584	-833.997	1030.98	568.178	-1149.531	1098.302	32.112	-1172.675	1024.79	25.294	-1101.033	935.304	22.344	-780.059	956.488	27.343	-883.633
1497	7.48	925.291	1692.954	-993.079	931.93	1410.105	-817.717	1091.736	1399.77	-1090.043	899.732	1359.389	-1019.663	803.815	911.765	-933.208	927.351	931.531	-1134.677	1008.256	964.239	-953.421	1003.189	475.023	-1166.021	948.2	454.724	-1065.908	849.232	475.942	-846.853	885.644	456.688	-950.559	906.973	102.827	-808.724	727.251	56.509	-868.662	1104.904	34.318	-1104.181	990.189	103.272	-1115.33	1060.874	105.043	-1173.852	786.893	45.531	-908.276	793.452	46.353	-802.825	1001.382	31.473	-814.59	927.068	104.538	-894.64	830.715	388.21	-837.908	828.976	307.512	-819.759	876.127	54.513	-1277.162	900.015	44.54	-1205.399	986.501	37.475	-1275.044	790.821	612.937	-879.548	791.955	695.773	-875.793	836.112	692.22	-830.295	1031.203	656.586	-1156.168	976.645	647.994	-1189.44	977.63	565.031	-1182.417	987.597	390.215	-1205.116	1003.054	303.946	-1210.64	1046.797	399.414	-1181.959	882.995	395.944	-801.809	884.955	309.901	-785.294	1062.163	317.371	-1187.602	836.593	604.572	-833.981	1030.99	568.184	-1149.499	1098.298	32.172	-1172.697	1024.783	25.286	-1101.016	935.279	22.311	-780.079	956.474	27.332	-883.615
1498	7.485	925.235	1692.976	-993.06	931.879	1410.101	-817.719	1091.7	1399.782	-1090.027	899.679	1359.377	-1019.655	803.79	911.759	-933.205	927.329	931.51	-1134.666	1008.233	964.208	-953.437	1003.208	475.008	-1166.015	948.2	454.738	-1065.894	849.247	475.961	-846.821	885.633	456.713	-950.604	906.92	102.841	-808.73	727.285	56.528	-868.643	1104.923	34.29	-1104.197	990.211	103.284	-1115.313	1060.494	104.635	-1174.053	786.874	45.511	-908.215	793.455	46.362	-802.833	1001.329	31.468	-814.556	927.046	104.58	-894.649	830.715	388.203	-837.888	828.985	307.557	-819.74	876.126	54.502	-1277.153	900.016	44.522	-1205.429	986.464	37.463	-1275.034	790.821	612.919	-879.553	791.96	695.753	-875.796	836.078	692.205	-830.307	1031.211	656.593	-1156.138	976.66	647.961	-1189.445	977.637	565.009	-1182.389	987.613	390.201	-1205.124	1003.09	303.949	-1210.647	1046.804	399.414	-1181.935	882.999	395.958	-801.809	884.973	309.868	-785.284	1062.156	317.384	-1187.609	836.618	604.542	-834.04	1030.975	568.154	-1149.465	1098.302	32.14	-1172.68	1024.803	25.287	-1101.003	935.31	22.291	-780.062	956.476	27.349	-883.626
1499	7.49	925.172	1692.971	-993.022	931.816	1410.109	-817.704	1091.647	1399.831	-1090.047	899.662	1359.348	-1019.622	803.771	911.754	-933.198	927.322	931.524	-1134.685	1008.262	964.201	-953.42	1003.172	474.995	-1166.022	948.163	454.756	-1065.922	849.286	475.926	-846.81	885.664	456.738	-950.573	906.928	102.832	-808.704	727.304	56.555	-868.602	1104.898	34.32	-1104.194	990.225	103.234	-1115.266	1060.683	104.891	-1174.005	786.864	45.447	-908.207	793.44	46.347	-802.813	1001.337	31.472	-814.599	927.055	104.538	-894.632	830.744	388.183	-837.899	828.961	307.561	-819.753	876.111	54.514	-1277.155	900.013	44.541	-1205.413	986.465	37.439	-1275.03	790.83	612.895	-879.567	791.942	695.754	-875.814	836.119	692.168	-830.324	1031.206	656.606	-1156.139	976.671	647.929	-1189.418	977.641	565.016	-1182.398	987.59	390.21	-1205.134	1003.074	303.927	-1210.642	1046.819	399.389	-1181.925	883.028	395.94	-801.823	884.948	309.895	-785.277	1062.159	317.363	-1187.584	836.606	604.56	-834.025	1030.983	568.178	-1149.499	1098.29	32.165	-1172.69	1024.791	25.295	-1100.989	935.326	22.322	-780.084	956.512	27.339	-883.632
1500	7.495	925.115	1692.973	-993.023	931.799	1410.093	-817.699	1091.603	1399.847	-1090.048	899.634	1359.366	-1019.633	803.777	911.754	-933.193	927.338	931.532	-1134.702	1008.207	964.226	-953.442	1003.186	475.012	-1166.043	948.196	454.737	-1065.896	849.261	475.942	-846.8	885.633	456.727	-950.607	906.919	102.781	-808.732	727.315	56.556	-868.578	1104.92	34.323	-1104.207	990.211	103.288	-1115.284	1060.783	104.988	-1173.91	786.831	45.422	-908.196	793.451	46.347	-802.816	1001.374	31.48	-814.581	927.033	104.572	-894.64	830.712	388.222	-837.887	828.971	307.553	-819.753	876.101	54.503	-1277.161	900.007	44.513	-1205.41	986.476	37.447	-1275.038	790.824	612.877	-879.573	791.938	695.756	-875.82	836.127	692.19	-830.33	1031.22	656.595	-1156.12	976.664	647.95	-1189.416	977.635	564.998	-1182.384	987.587	390.175	-1205.107	1003.047	303.983	-1210.661	1046.786	399.434	-1181.965	882.985	395.94	-801.807	884.954	309.874	-785.311	1062.157	317.396	-1187.597	836.601	604.521	-834.022	1030.965	568.164	-1149.453	1098.296	32.189	-1172.69	1024.783	25.288	-1101.017	935.314	22.336	-780.061	956.487	27.341	-883.598
1501	7.5	925.067	1692.952	-992.962	931.812	1410.105	-817.654	1091.583	1399.845	-1090.046	899.606	1359.365	-1019.613	803.771	911.734	-933.194	927.332	931.531	-1134.688	1008.205	964.199	-953.429	1003.191	475.028	-1166.019	948.18	454.755	-1065.886	849.273	475.916	-846.821	885.623	456.74	-950.619	906.93	102.83	-808.713	727.356	56.522	-868.559	1104.897	34.322	-1104.185	990.209	103.246	-1115.264	1060.713	104.879	-1173.899	786.805	45.4	-908.17	793.431	46.348	-802.822	1001.358	31.501	-814.609	927.081	104.556	-894.648	830.711	388.215	-837.866	828.981	307.545	-819.764	876.088	54.477	-1277.17	900.013	44.529	-1205.415	986.481	37.439	-1275.046	790.822	612.89	-879.585	791.942	695.768	-875.821	836.088	692.192	-830.313	1031.216	656.61	-1156.106	976.668	647.944	-1189.413	977.649	564.975	-1182.376	987.569	390.195	-1205.124	1003.06	303.95	-1210.654	1046.764	399.41	-1181.937	883.011	395.952	-801.824	884.958	309.891	-785.298	1062.151	317.389	-1187.582	836.611	604.521	-834.037	1030.96	568.174	-1149.494	1098.271	32.207	-1172.701	1024.813	25.296	-1100.989	935.295	22.311	-780.076	956.488	27.281	-883.605
1502	7.505	924.997	1692.96	-992.944	931.766	1410.113	-817.661	1091.533	1399.867	-1090.039	899.562	1359.348	-1019.576	803.752	911.753	-933.224	927.305	931.533	-1134.691	1008.231	964.244	-953.448	1003.176	475.021	-1166.035	948.162	454.768	-1065.883	849.266	475.938	-846.807	885.646	456.673	-950.582	907.159	103.21	-808.464	727.379	56.569	-868.578	1104.909	34.321	-1104.206	990.225	103.131	-1115.256	1060.676	104.949	-1173.989	786.806	45.352	-908.149	793.456	46.345	-802.812	1001.317	31.502	-814.559	927.048	104.559	-894.653	830.725	388.199	-837.882	828.97	307.528	-819.748	876.085	54.523	-1277.192	900.004	44.529	-1205.419	986.465	37.446	-1275.031	790.816	612.905	-879.582	791.943	695.764	-875.823	836.102	692.175	-830.317	1031.215	656.575	-1156.11	976.665	647.968	-1189.434	977.656	564.989	-1182.378	987.596	390.199	-1205.137	1003.031	303.976	-1210.643	1046.769	399.403	-1181.93	882.982	395.924	-801.811	884.943	309.898	-785.276	1062.153	317.388	-1187.578	836.595	604.527	-834.053	1030.953	568.158	-1149.439	1098.288	32.174	-1172.703	1024.78	25.283	-1101.004	935.28	22.28	-780.086	956.498	27.247	-883.578
1503	7.51	924.949	1692.973	-992.896	931.729	1410.112	-817.66	1091.509	1399.887	-1090.045	899.527	1359.356	-1019.571	803.746	911.728	-933.24	927.309	931.546	-1134.691	1008.174	964.244	-953.427	1003.178	475.037	-1166.05	948.164	454.752	-1065.89	849.249	475.954	-846.774	885.667	456.704	-950.606	906.938	102.813	-808.739	727.409	56.591	-868.531	1104.896	34.341	-1104.193	990.222	103.248	-1115.306	1060.695	104.971	-1173.949	786.83	45.361	-908.139	793.443	46.355	-802.83	1001.342	31.505	-814.592	927.055	104.576	-894.632	830.73	388.202	-837.88	828.958	307.505	-819.753	876.077	54.525	-1277.214	899.982	44.517	-1205.413	986.461	37.463	-1275.024	790.814	612.889	-879.579	791.951	695.759	-875.843	836.102	692.186	-830.337	1031.194	656.599	-1156.099	976.682	647.95	-1189.43	977.632	564.986	-1182.347	987.582	390.206	-1205.122	1003.014	303.959	-1210.64	1046.786	399.415	-1181.973	883.013	395.938	-801.821	884.937	309.893	-785.284	1062.126	317.376	-1187.588	836.597	604.504	-834.063	1030.952	568.186	-1149.437	1098.277	32.181	-1172.702	1024.811	25.282	-1101.011	935.326	22.283	-780.095	956.503	27.256	-883.601
1504	7.515	924.871	1692.974	-992.906	931.731	1410.097	-817.616	1091.456	1399.9	-1090.028	899.502	1359.358	-1019.574	803.763	911.741	-933.22	927.272	931.545	-1134.694	1008.208	964.258	-953.436	1003.189	474.995	-1166.019	948.169	454.764	-1065.896	849.253	475.923	-846.784	885.678	456.7	-950.586	906.957	102.826	-808.732	727.419	56.596	-868.531	1104.905	34.325	-1104.2	990.186	103.274	-1115.278	1060.699	104.926	-1174.019	786.814	45.326	-908.154	793.438	46.337	-802.832	1001.355	31.506	-814.581	927.039	104.505	-894.658	830.733	388.217	-837.886	828.961	307.558	-819.754	876.044	54.559	-1277.233	899.992	44.506	-1205.411	986.477	37.432	-1275.035	790.809	612.87	-879.583	791.938	695.746	-875.808	836.102	692.171	-830.335	1031.203	656.588	-1156.126	976.663	647.939	-1189.437	977.636	564.982	-1182.363	987.571	390.175	-1205.113	1003.036	303.97	-1210.635	1046.777	399.408	-1181.967	882.983	395.959	-801.824	884.936	309.859	-785.301	1062.133	317.385	-1187.633	836.568	604.521	-834.04	1030.966	568.142	-1149.409	1098.293	32.198	-1172.724	1024.807	25.296	-1101.025	935.319	22.31	-780.087	956.461	27.257	-883.588
1505	7.52	924.796	1692.955	-992.877	931.68	1410.116	-817.635	1091.427	1399.913	-1090.01	899.491	1359.383	-1019.545	803.748	911.734	-933.221	927.267	931.543	-1134.712	1008.232	964.292	-953.422	1003.177	475.008	-1166.016	948.186	454.753	-1065.89	849.27	475.946	-846.769	885.622	456.728	-950.591	906.937	102.81	-808.727	727.415	56.599	-868.552	1104.891	34.312	-1104.213	990.201	103.263	-1115.307	1060.63	104.757	-1173.97	786.792	45.308	-908.141	793.451	46.355	-802.823	1001.384	31.516	-814.592	927.065	104.508	-894.682	830.739	388.204	-837.87	828.948	307.565	-819.772	876.023	54.547	-1277.234	900	44.5	-1205.429	986.495	37.427	-1275.041	790.816	612.898	-879.614	791.923	695.738	-875.832	836.075	692.178	-830.325	1031.196	656.62	-1156.091	976.657	647.95	-1189.449	977.636	564.977	-1182.368	987.575	390.216	-1205.12	1003.029	303.922	-1210.629	1046.786	399.402	-1181.951	882.961	395.968	-801.804	884.931	309.877	-785.301	1062.15	317.362	-1187.609	837.352	603.494	-834.704	1030.956	568.129	-1149.454	1098.287	32.15	-1172.691	1024.832	25.283	-1100.988	935.334	22.313	-780.071	956.473	27.298	-883.618
1506	7.525	924.725	1692.954	-992.84	931.672	1410.098	-817.603	1091.407	1399.933	-1090.004	899.477	1359.381	-1019.556	803.75	911.738	-933.231	927.259	931.526	-1134.687	1008.202	964.24	-953.423	1003.172	475.014	-1166.035	948.187	454.744	-1065.898	849.267	475.927	-846.769	885.61	456.697	-950.583	906.936	102.801	-808.74	727.43	56.607	-868.552	1104.919	34.335	-1104.217	990.243	103.182	-1115.275	1060.765	104.996	-1173.924	786.794	45.315	-908.149	793.442	46.34	-802.846	1001.344	31.482	-814.579	927.069	104.52	-894.685	830.749	388.193	-837.843	828.938	307.528	-819.762	876	54.534	-1277.259	900.018	44.516	-1205.398	986.491	37.417	-1275.04	790.809	612.861	-879.61	791.911	695.766	-875.828	836.071	692.162	-830.318	1031.192	656.574	-1156.119	976.646	647.946	-1189.442	977.609	564.994	-1182.372	987.58	390.171	-1205.113	1003.023	303.948	-1210.632	1046.781	399.386	-1181.936	882.966	395.932	-801.806	884.927	309.911	-785.283	1062.131	317.364	-1187.585	837.34	603.477	-834.697	1030.95	568.175	-1149.482	1098.279	32.151	-1172.693	1024.794	25.282	-1101.038	935.319	22.272	-780.097	956.493	27.277	-883.621
1507	7.53	924.67	1692.977	-992.823	931.675	1410.09	-817.583	1091.404	1399.932	-1089.969	899.427	1359.37	-1019.504	803.714	911.721	-933.208	927.248	931.542	-1134.699	1008.174	964.261	-953.451	1003.173	474.989	-1166.01	948.178	454.761	-1065.898	849.277	475.886	-846.763	885.625	456.639	-950.61	906.943	102.798	-808.724	727.444	56.612	-868.541	1104.904	34.308	-1104.207	990.211	103.197	-1115.238	1060.589	104.748	-1173.997	786.805	45.302	-908.104	793.436	46.365	-802.816	1001.367	31.511	-814.573	927.069	104.5	-894.638	830.735	388.181	-837.847	828.938	307.525	-819.767	875.969	54.585	-1277.294	899.996	44.507	-1205.411	986.485	37.439	-1275.057	790.81	612.871	-879.601	791.899	695.735	-875.804	836.05	692.164	-830.35	1031.169	656.589	-1156.128	976.633	647.935	-1189.44	977.631	564.979	-1182.376	987.604	390.178	-1205.101	1003.047	303.939	-1210.647	1046.77	399.429	-1181.969	882.968	395.943	-801.815	884.911	309.851	-785.29	1062.158	317.405	-1187.619	836.553	604.445	-834.055	1030.953	568.176	-1149.477	1098.292	32.151	-1172.708	1024.803	25.275	-1100.99	935.306	22.298	-780.061	956.467	27.291	-883.609
1508	7.535	924.589	1692.956	-992.794	931.648	1410.102	-817.564	1091.363	1399.932	-1089.953	899.41	1359.376	-1019.493	803.719	911.72	-933.23	927.214	931.529	-1134.701	1008.157	964.249	-953.479	1003.184	474.999	-1166.019	948.182	454.73	-1065.916	849.273	475.945	-846.755	885.592	456.713	-950.588	906.945	102.782	-808.73	727.424	56.623	-868.535	1104.912	34.331	-1104.202	990.21	103.224	-1115.302	1060.808	104.907	-1173.896	786.818	45.299	-908.082	793.461	46.353	-802.799	1001.356	31.482	-814.571	927.057	104.468	-894.675	830.711	388.198	-837.828	828.934	307.522	-819.769	875.943	54.575	-1277.283	899.976	44.503	-1205.409	986.466	37.433	-1275.036	790.803	612.876	-879.596	791.908	695.725	-875.81	836.052	692.173	-830.331	1031.154	656.6	-1156.161	976.633	647.937	-1189.449	977.629	564.979	-1182.378	987.574	390.191	-1205.116	1003.041	303.956	-1210.657	1046.793	399.41	-1181.934	882.972	395.92	-801.829	884.947	309.871	-785.284	1062.158	317.362	-1187.591	836.536	604.463	-834.034	1030.948	568.161	-1149.487	1098.286	32.146	-1172.685	1024.805	25.273	-1101.001	935.335	22.33	-780.079	956.45	27.302	-883.636
1509	7.54	924.528	1692.949	-992.754	931.633	1410.093	-817.562	1091.348	1399.959	-1089.948	899.354	1359.381	-1019.454	803.702	911.704	-933.217	927.207	931.544	-1134.697	1008.149	964.257	-953.468	1003.204	475.011	-1166.022	948.219	454.706	-1065.908	849.284	475.899	-846.738	885.584	456.681	-950.605	906.957	102.805	-808.738	727.447	56.613	-868.521	1104.93	34.342	-1104.185	990.235	103.275	-1115.33	1060.639	104.731	-1173.996	786.807	45.301	-908.067	793.456	46.332	-802.826	1001.351	31.506	-814.563	927.002	104.497	-894.668	830.736	388.172	-837.814	828.928	307.511	-819.757	875.932	54.606	-1277.319	899.998	44.48	-1205.391	986.469	37.457	-1275.026	790.794	612.854	-879.587	791.897	695.74	-875.813	836.008	692.153	-830.312	1031.171	656.598	-1156.173	976.606	647.937	-1189.442	977.611	564.987	-1182.382	987.59	390.218	-1205.112	1003.041	303.922	-1210.642	1046.781	399.398	-1181.942	882.954	395.941	-801.824	884.913	309.86	-785.306	1062.138	317.387	-1187.617	837.333	603.44	-834.676	1030.973	568.16	-1149.463	1098.285	32.159	-1172.716	1024.784	25.284	-1101.008	935.306	22.31	-780.074	956.472	27.299	-883.597
1510	7.545	924.457	1692.974	-992.757	931.569	1410.058	-817.561	1091.319	1399.969	-1089.892	899.35	1359.396	-1019.458	803.7	911.715	-933.209	927.193	931.552	-1134.701	1008.119	964.24	-953.468	1003.197	475.022	-1166.011	948.194	454.75	-1065.909	849.273	475.924	-846.737	885.584	456.69	-950.598	906.952	102.767	-808.753	727.447	56.614	-868.503	1104.913	34.343	-1104.201	990.205	103.268	-1115.302	1060.688	104.85	-1173.967	786.833	45.314	-908.071	793.438	46.331	-802.841	1001.35	31.458	-814.601	927.025	104.52	-894.642	830.724	388.195	-837.831	828.932	307.513	-819.759	875.94	54.602	-1277.317	899.981	44.506	-1205.391	986.479	37.438	-1275.052	790.78	612.876	-879.595	791.87	695.739	-875.811	836.018	692.168	-830.307	1031.157	656.616	-1156.155	976.593	647.943	-1189.46	977.6	565.013	-1182.396	987.602	390.216	-1205.116	1003.024	303.962	-1210.648	1046.778	399.403	-1181.954	882.961	395.944	-801.819	884.942	309.839	-785.28	1062.141	317.353	-1187.604	837.341	603.425	-834.706	1030.938	568.183	-1149.482	1098.258	32.148	-1172.709	1024.797	25.266	-1101.005	935.304	22.308	-780.063	956.506	27.245	-883.581
1511	7.55	924.39	1692.976	-992.691	931.568	1410.041	-817.545	1091.281	1399.959	-1089.884	899.314	1359.394	-1019.448	803.681	911.73	-933.227	927.181	931.541	-1134.703	1008.096	964.255	-953.488	1003.185	475.046	-1166.031	948.209	454.724	-1065.877	849.299	475.919	-846.714	885.605	456.7	-950.601	906.931	102.775	-808.719	727.437	56.62	-868.51	1104.888	34.333	-1104.201	990.199	103.244	-1115.293	1060.753	105.04	-1173.973	786.837	45.331	-908.055	793.455	46.328	-802.83	1001.358	31.489	-814.568	927.053	104.525	-894.627	830.73	388.213	-837.821	828.929	307.509	-819.729	875.91	54.593	-1277.344	899.991	44.528	-1205.391	986.464	37.435	-1275.047	790.782	612.838	-879.585	791.865	695.74	-875.812	836.016	692.154	-830.316	1031.149	656.638	-1156.173	976.598	647.955	-1189.464	977.613	564.974	-1182.386	987.588	390.216	-1205.118	1003.019	303.953	-1210.651	1046.799	399.42	-1181.952	882.94	395.96	-801.795	884.942	309.866	-785.282	1062.13	317.384	-1187.608	837.327	603.407	-834.674	1030.952	568.207	-1149.541	1098.293	32.151	-1172.7	1024.783	25.258	-1101.004	935.292	22.259	-780.104	956.451	27.315	-883.619
1512	7.555	924.314	1692.985	-992.684	931.577	1410.042	-817.538	1091.263	1399.968	-1089.91	899.277	1359.41	-1019.415	803.684	911.704	-933.204	927.179	931.554	-1134.703	1008.071	964.287	-953.46	1003.206	475.004	-1166.029	948.217	454.726	-1065.91	849.276	475.933	-846.732	885.579	456.719	-950.582	906.976	102.802	-808.719	727.463	56.614	-868.502	1104.906	34.309	-1104.192	990.226	103.268	-1115.287	1060.674	104.826	-1173.985	786.853	45.319	-908.021	793.453	46.32	-802.83	1001.359	31.474	-814.568	927.047	104.54	-894.659	830.734	388.205	-837.81	828.902	307.513	-819.738	875.882	54.592	-1277.346	899.977	44.48	-1205.399	986.472	37.431	-1275.042	790.792	612.852	-879.611	791.859	695.753	-875.828	835.999	692.157	-830.29	1031.124	656.632	-1156.166	976.6	647.979	-1189.457	977.599	565.003	-1182.405	987.584	390.235	-1205.104	1003.033	303.986	-1210.651	1046.794	399.411	-1181.962	882.949	395.93	-801.803	884.94	309.858	-785.304	1062.135	317.373	-1187.599	837.311	603.389	-834.679	1030.982	568.218	-1149.488	1098.275	32.166	-1172.709	1024.81	25.262	-1101.004	935.314	22.279	-780.086	956.453	27.286	-883.606
1513	7.56	924.244	1692.974	-992.657	931.541	1410.049	-817.516	1091.243	1399.992	-1089.865	899.268	1359.417	-1019.424	803.66	911.706	-933.229	927.157	931.545	-1134.698	1008.131	964.296	-953.475	1003.211	475.041	-1166.013	948.229	454.763	-1065.913	849.301	475.923	-846.707	885.623	456.679	-950.56	906.956	102.775	-808.728	727.404	56.601	-868.548	1104.92	34.353	-1104.214	990.214	103.285	-1115.323	1060.696	104.874	-1173.993	786.867	45.327	-908.059	793.438	46.333	-802.827	1001.348	31.521	-814.574	927.03	104.502	-894.671	830.745	388.211	-837.792	828.927	307.54	-819.745	875.878	54.623	-1277.375	899.991	44.494	-1205.419	986.469	37.474	-1275.038	790.789	612.809	-879.569	791.868	695.747	-875.815	836.002	692.166	-830.313	1031.138	656.645	-1156.187	976.588	647.989	-1189.459	977.583	565.048	-1182.411	987.577	390.236	-1205.117	1003.034	303.957	-1210.664	1046.796	399.437	-1181.976	882.927	395.952	-801.797	884.896	309.877	-785.297	1062.137	317.407	-1187.638	837.307	603.388	-834.636	1030.972	568.201	-1149.516	1098.282	32.213	-1172.713	1024.805	25.277	-1101.009	935.308	22.323	-780.052	956.453	27.267	-883.625
1514	7.565	924.192	1692.981	-992.642	931.538	1410.047	-817.549	1091.21	1400.01	-1089.854	899.226	1359.421	-1019.399	803.651	911.706	-933.202	927.151	931.553	-1134.724	1008.052	964.299	-953.49	1003.21	475.048	-1166.035	948.214	454.768	-1065.903	849.313	475.957	-846.692	885.614	456.71	-950.584	906.942	102.816	-808.708	727.392	56.617	-868.563	1104.894	34.33	-1104.183	990.221	103.278	-1115.276	1060.763	104.963	-1173.932	786.855	45.314	-908.007	793.454	46.338	-802.796	1001.332	31.482	-814.577	927.054	104.532	-894.64	830.765	388.204	-837.761	828.92	307.524	-819.745	875.874	54.649	-1277.348	899.992	44.503	-1205.414	986.466	37.46	-1275.047	790.778	612.849	-879.57	791.869	695.734	-875.823	835.993	692.163	-830.313	1031.144	656.66	-1156.202	976.588	648.005	-1189.472	977.587	565.021	-1182.392	987.582	390.248	-1205.119	1003.031	303.959	-1210.639	1046.797	399.443	-1181.955	882.936	395.957	-801.794	884.889	309.86	-785.286	1062.149	317.396	-1187.617	837.344	603.389	-834.716	1030.963	568.223	-1149.496	1098.273	32.177	-1172.681	1024.787	25.26	-1101.021	935.282	22.277	-780.08	956.45	27.362	-883.631
1515	7.57	924.141	1692.986	-992.612	931.516	1410.038	-817.504	1091.185	1400.002	-1089.857	899.219	1359.425	-1019.405	803.657	911.723	-933.195	927.164	931.556	-1134.707	1008.064	964.356	-953.497	1003.187	475.078	-1166.049	948.231	454.738	-1065.921	849.315	475.929	-846.691	885.591	456.715	-950.588	906.957	102.781	-808.72	727.332	56.581	-868.558	1104.909	34.371	-1104.2	990.245	103.211	-1115.282	1060.652	104.957	-1174.008	786.843	45.33	-908.032	793.448	46.355	-802.81	1001.356	31.487	-814.546	927.038	104.585	-894.625	830.751	388.221	-837.744	828.927	307.536	-819.729	875.858	54.646	-1277.372	900.015	44.511	-1205.402	986.478	37.487	-1275.057	790.783	612.85	-879.555	791.854	695.727	-875.814	835.993	692.163	-830.313	1031.143	656.627	-1156.181	976.597	648.002	-1189.469	977.593	565.035	-1182.394	987.585	390.241	-1205.11	1003.033	303.993	-1210.664	1046.78	399.429	-1181.95	882.953	395.944	-801.787	884.904	309.866	-785.262	1062.147	317.381	-1187.599	837.327	603.377	-834.651	1030.942	568.218	-1149.541	1098.263	32.214	-1172.733	1024.766	25.272	-1101.007	935.3	22.327	-780.065	956.473	27.306	-883.623
1516	7.575	924.086	1692.977	-992.603	931.504	1410.023	-817.478	1091.163	1400.017	-1089.845	899.193	1359.424	-1019.36	803.646	911.725	-933.203	927.142	931.56	-1134.699	1008.035	964.29	-953.474	1003.187	475.061	-1166.052	948.253	454.765	-1065.89	849.31	475.972	-846.667	885.592	456.741	-950.623	906.937	102.828	-808.708	727.136	56.604	-868.995	1104.9	34.365	-1104.209	990.211	103.288	-1115.284	1060.685	104.928	-1173.992	787.127	45.384	-907.695	793.44	46.365	-802.825	1001.343	31.503	-814.565	927.008	104.516	-894.654	830.758	388.226	-837.774	828.919	307.543	-819.748	875.86	54.646	-1277.387	900.021	44.487	-1205.383	986.466	37.482	-1275.038	790.777	612.85	-879.566	791.867	695.754	-875.82	836.01	692.156	-830.302	1031.111	656.667	-1156.222	976.59	648.003	-1189.468	977.583	565.03	-1182.401	987.57	390.233	-1205.111	1003.027	304.011	-1210.694	1046.795	399.44	-1181.962	882.951	395.93	-801.793	884.898	309.87	-785.28	1062.14	317.386	-1187.613	837.318	603.395	-834.64	1030.931	568.225	-1149.528	1098.267	32.211	-1172.724	1024.819	25.293	-1101.016	935.318	22.324	-780.07	956.437	27.319	-883.61
1517	7.58	924.023	1692.982	-992.567	931.457	1410.037	-817.48	1091.119	1400.019	-1089.854	899.15	1359.404	-1019.365	803.621	911.725	-933.211	927.133	931.575	-1134.726	1008.029	964.342	-953.512	1003.189	475.054	-1166.028	948.191	454.773	-1065.898	849.338	475.965	-846.636	885.601	456.701	-950.576	907.145	103.2	-808.472	727.153	56.581	-868.949	1104.902	34.401	-1104.21	990.215	103.227	-1115.291	1060.653	104.876	-1174.004	787.105	45.413	-907.697	793.447	46.371	-802.822	1001.336	31.523	-814.552	927.027	104.544	-894.681	830.806	388.211	-837.756	828.915	307.539	-819.744	875.873	54.649	-1277.405	899.994	44.515	-1205.409	986.487	37.466	-1275.031	790.764	612.87	-879.532	791.847	695.751	-875.816	835.998	692.186	-830.317	1031.127	656.665	-1156.185	976.549	648.011	-1189.474	977.598	565.026	-1182.391	987.581	390.249	-1205.116	1003.024	303.99	-1210.67	1046.786	399.41	-1181.936	882.96	395.961	-801.803	884.912	309.868	-785.282	1062.14	317.386	-1187.613	837.324	603.386	-834.644	1030.911	568.235	-1149.526	1098.31	32.22	-1172.695	1024.797	25.309	-1101	935.317	22.318	-780.09	956.447	27.31	-883.621
1518	7.585	923.979	1692.985	-992.55	931.445	1410.033	-817.449	1091.073	1400.033	-1089.869	899.109	1359.435	-1019.364	803.611	911.7	-933.199	927.137	931.564	-1134.698	1008.048	964.349	-953.494	1003.194	475.089	-1166.013	948.201	454.759	-1065.906	849.311	475.966	-846.652	885.61	456.697	-950.583	906.927	102.82	-808.718	727.142	56.625	-868.993	1104.873	34.39	-1104.21	990.191	103.269	-1115.31	1060.665	104.859	-1173.979	787.133	45.4	-907.7	793.447	46.358	-802.811	1001.33	31.507	-814.556	927.014	104.587	-894.643	830.779	388.231	-837.735	828.91	307.546	-819.737	875.851	54.614	-1277.375	899.992	44.502	-1205.418	986.472	37.453	-1275.035	790.769	612.807	-879.556	791.845	695.746	-875.816	836.039	692.191	-830.335	1031.141	656.658	-1156.186	976.559	648.014	-1189.472	977.588	565.025	-1182.384	987.585	390.271	-1205.108	1003.027	303.969	-1210.665	1046.769	399.406	-1181.946	882.933	395.973	-801.791	884.895	309.888	-785.268	1062.126	317.396	-1187.605	837.352	603.345	-834.668	1030.924	568.231	-1149.493	1098.28	32.225	-1172.718	1024.8	25.322	-1101.012	935.293	22.321	-780.055	956.492	27.286	-883.593
1519	7.59	923.925	1692.956	-992.501	931.426	1410.028	-817.453	1091.065	1400.034	-1089.838	899.093	1359.393	-1019.323	803.602	911.719	-933.204	927.116	931.57	-1134.726	1008.017	964.326	-953.466	1003.178	475.061	-1166.008	948.145	454.776	-1065.906	849.317	475.956	-846.657	885.675	456.726	-950.56	906.918	102.834	-808.692	727.149	56.582	-868.997	1104.891	34.368	-1104.209	990.219	103.221	-1115.261	1060.778	105.06	-1173.922	787.123	45.427	-907.687	793.453	46.365	-802.826	1001.363	31.49	-814.57	927.032	104.605	-894.627	830.772	388.234	-837.702	828.922	307.559	-819.732	875.834	54.634	-1277.397	900.005	44.513	-1205.418	986.477	37.488	-1275.05	790.766	612.868	-879.567	791.862	695.741	-875.799	835.993	692.18	-830.319	1031.116	656.695	-1156.181	976.6	647.999	-1189.454	977.606	565.017	-1182.38	987.579	390.264	-1205.123	1003.021	303.974	-1210.664	1046.804	399.426	-1181.941	882.937	395.943	-801.78	884.932	309.865	-785.283	1062.133	317.371	-1187.573	837.33	603.371	-834.633	1030.942	568.245	-1149.5	1098.264	32.187	-1172.708	1024.788	25.311	-1101.016	935.313	22.33	-780.061	956.476	27.321	-883.607
1520	7.595	923.894	1692.942	-992.474	931.408	1410.025	-817.457	1091.028	1400.044	-1089.834	899.069	1359.405	-1019.318	803.608	911.709	-933.23	927.097	931.573	-1134.713	1008.042	964.332	-953.481	1003.203	475.077	-1166.013	948.163	454.792	-1065.878	849.313	475.949	-846.648	885.61	456.725	-950.566	906.917	102.812	-808.718	727.12	56.601	-868.974	1104.882	34.379	-1104.172	990.198	103.265	-1115.3	1060.704	105.003	-1174.013	787.12	45.411	-907.666	793.442	46.347	-802.824	1001.363	31.48	-814.602	926.985	104.538	-894.658	830.791	388.257	-837.692	828.902	307.547	-819.732	875.856	54.592	-1277.376	899.985	44.505	-1205.424	986.49	37.485	-1275.042	790.787	612.829	-879.565	791.843	695.75	-875.81	835.993	692.198	-830.319	1031.136	656.654	-1156.173	976.575	647.99	-1189.464	977.631	565.027	-1182.365	987.578	390.248	-1205.1	1003.027	303.991	-1210.662	1046.752	399.445	-1181.924	882.955	395.969	-801.776	884.914	309.868	-785.266	1062.138	317.371	-1187.596	837.352	603.35	-834.659	1030.92	568.214	-1149.486	1098.255	32.223	-1172.725	1024.784	25.283	-1101.009	935.311	22.291	-780.124	956.517	27.285	-883.595
1521	7.6	923.834	1692.955	-992.451	931.428	1410.038	-817.423	1090.991	1400.044	-1089.845	899.042	1359.412	-1019.323	803.558	911.71	-933.207	927.095	931.562	-1134.708	1008.023	964.306	-953.475	1003.207	475.054	-1166.004	948.175	454.779	-1065.888	849.339	475.943	-846.643	885.609	456.725	-950.566	906.954	102.803	-808.713	727.14	56.606	-868.963	1104.899	34.383	-1104.205	990.231	103.255	-1115.307	1060.808	105.182	-1173.894	787.12	45.44	-907.7	793.45	46.359	-802.831	1001.36	31.471	-814.591	927.014	104.534	-894.662	830.771	388.229	-837.684	828.929	307.551	-819.714	875.853	54.626	-1277.401	899.985	44.524	-1205.414	986.485	37.442	-1275.021	790.779	612.84	-879.556	791.856	695.746	-875.807	836.021	692.165	-830.323	1031.127	656.683	-1156.117	976.591	648.003	-1189.457	977.598	565.022	-1182.357	987.591	390.255	-1205.11	1003.043	303.989	-1210.621	1046.8	399.455	-1181.912	882.976	395.953	-801.795	884.94	309.865	-785.284	1062.158	317.39	-1187.56	837.362	603.343	-834.654	1030.914	568.265	-1149.496	1098.286	32.199	-1172.669	1024.774	25.262	-1101.003	935.287	22.336	-780.054	956.491	27.328	-883.615
1522	7.605	923.8	1692.951	-992.439	931.39	1410.025	-817.44	1090.936	1400.058	-1089.846	899.013	1359.395	-1019.297	803.574	911.707	-933.201	927.076	931.572	-1134.713	1008.01	964.316	-953.494	1003.204	475.064	-1165.982	948.204	454.75	-1065.888	849.357	475.949	-846.604	885.611	456.738	-950.567	907.146	103.175	-808.452	727.143	56.601	-868.967	1104.884	34.374	-1104.187	990.191	103.25	-1115.291	1060.665	104.913	-1173.971	787.123	45.41	-907.729	793.459	46.34	-802.809	1001.343	31.49	-814.591	927.051	104.565	-894.625	830.836	388.196	-837.67	828.946	307.524	-819.726	875.848	54.611	-1277.365	900.005	44.488	-1205.391	986.459	37.47	-1275.037	790.768	612.814	-879.55	791.866	695.762	-875.812	836.021	692.17	-830.324	1031.118	656.703	-1156.161	976.609	648.005	-1189.436	977.612	565.005	-1182.335	987.586	390.257	-1205.081	1003.047	303.966	-1210.629	1046.792	399.438	-1181.898	882.976	395.943	-801.78	884.915	309.889	-785.278	1062.165	317.385	-1187.546	837.37	603.33	-834.642	1030.914	568.24	-1149.427	1098.273	32.228	-1172.718	1024.795	25.29	-1101.006	935.333	22.297	-780.076	956.478	27.307	-883.605
1523	7.61	923.761	1692.955	-992.416	931.381	1410.03	-817.417	1090.926	1400.087	-1089.859	899	1359.429	-1019.302	803.544	911.693	-933.204	927.07	931.561	-1134.69	1007.977	964.29	-953.474	1003.202	475.075	-1165.973	948.191	454.777	-1065.865	849.369	475.939	-846.61	885.598	456.731	-950.56	906.938	102.828	-808.677	727.167	56.64	-868.967	1104.894	34.374	-1104.158	990.174	103.287	-1115.342	1060.699	105.006	-1173.966	787.134	45.424	-907.704	793.474	46.347	-802.814	1001.342	31.497	-814.584	927.067	104.538	-894.648	830.796	388.204	-837.668	828.932	307.544	-819.72	875.841	54.592	-1277.379	900.008	44.509	-1205.393	986.499	37.463	-1275.031	790.763	612.804	-879.532	791.838	695.746	-875.814	836.008	692.196	-830.303	1031.102	656.688	-1156.144	976.592	648.013	-1189.438	977.586	565.016	-1182.323	987.599	390.258	-1205.062	1003.057	303.956	-1210.614	1046.792	399.439	-1181.906	882.955	395.958	-801.798	884.923	309.88	-785.26	1062.163	317.411	-1187.567	837.339	603.347	-834.628	1030.911	568.242	-1149.425	1098.272	32.231	-1172.705	1024.778	25.312	-1101.004	935.284	22.323	-780.082	956.492	27.319	-883.597
1524	7.615	923.723	1692.96	-992.422	931.319	1410.037	-817.406	1090.895	1400.113	-1089.843	898.961	1359.399	-1019.264	803.542	911.726	-933.198	927.056	931.555	-1134.7	1007.982	964.296	-953.477	1003.21	475.108	-1165.996	948.226	454.782	-1065.842	849.355	475.957	-846.606	885.6	456.701	-950.576	906.95	102.814	-808.723	727.141	56.6	-868.959	1104.882	34.382	-1104.181	990.228	103.209	-1115.278	1060.735	105.063	-1173.921	787.129	45.381	-907.677	793.466	46.348	-802.793	1001.369	31.517	-814.589	927.061	104.53	-894.661	830.826	388.215	-837.629	828.941	307.549	-819.736	875.853	54.588	-1277.369	900.009	44.516	-1205.433	986.464	37.474	-1275.029	790.766	612.81	-879.527	791.854	695.743	-875.801	836.025	692.17	-830.321	1031.109	656.687	-1156.108	976.574	648.009	-1189.429	977.614	565.043	-1182.326	987.602	390.255	-1205.078	1003.048	303.978	-1210.626	1046.802	399.46	-1181.895	882.975	395.965	-801.804	884.935	309.862	-785.246	1062.16	317.377	-1187.531	837.355	603.339	-834.648	1030.912	568.248	-1149.437	1098.264	32.232	-1172.719	1024.787	25.299	-1100.989	935.328	22.308	-780.07	956.479	27.334	-883.634
1525	7.62	923.652	1692.954	-992.379	931.345	1410.071	-817.408	1090.865	1400.116	-1089.861	898.936	1359.404	-1019.275	803.558	911.705	-933.184	927.035	931.592	-1134.718	1007.983	964.338	-953.482	1003.23	475.065	-1165.956	948.213	454.785	-1065.856	849.374	475.969	-846.584	885.613	456.738	-950.567	906.95	102.79	-808.737	727.152	56.614	-868.935	1104.904	34.356	-1104.178	990.178	103.261	-1115.308	1060.652	105.003	-1173.979	787.14	45.412	-907.707	793.45	46.386	-802.818	1001.355	31.52	-814.579	927.034	104.506	-894.673	830.843	388.213	-837.643	828.943	307.549	-819.727	875.88	54.575	-1277.375	899.998	44.512	-1205.389	986.489	37.495	-1275.053	790.751	612.812	-879.527	791.85	695.74	-875.792	836.019	692.189	-830.333	1031.107	656.702	-1156.104	976.564	647.99	-1189.423	977.606	565.04	-1182.319	987.6	390.255	-1205.077	1003.051	304.004	-1210.618	1046.83	399.455	-1181.891	882.991	395.971	-801.779	884.896	309.88	-785.285	1062.164	317.405	-1187.531	837.375	603.325	-834.634	1030.912	568.245	-1149.435	1098.268	32.208	-1172.691	1024.785	25.302	-1100.995	935.302	22.326	-780.06	956.483	27.314	-883.612
1526	7.625	923.637	1692.95	-992.383	931.327	1410.052	-817.401	1090.834	1400.128	-1089.837	898.922	1359.408	-1019.28	803.527	911.721	-933.195	927.011	931.585	-1134.725	1007.99	964.373	-953.461	1003.24	475.07	-1165.965	948.213	454.754	-1065.855	849.407	475.966	-846.59	885.632	456.744	-950.561	906.95	102.819	-808.697	727.148	56.604	-868.966	1104.896	34.393	-1104.187	990.185	103.24	-1115.28	1060.748	104.973	-1173.907	787.132	45.405	-907.707	793.446	46.359	-802.842	1001.352	31.497	-814.548	927.018	104.511	-894.656	830.871	388.235	-837.646	828.936	307.558	-819.718	875.842	54.628	-1277.396	899.983	44.522	-1205.433	986.475	37.505	-1275.041	790.751	612.827	-879.538	791.834	695.754	-875.779	836.045	692.151	-830.315	1031.109	656.683	-1156.102	976.574	647.991	-1189.383	977.605	565.051	-1182.311	987.625	390.26	-1205.056	1003.061	304.008	-1210.597	1046.818	399.441	-1181.896	883	395.945	-801.787	884.95	309.86	-785.277	1062.163	317.406	-1187.53	837.353	603.322	-834.622	1030.941	568.244	-1149.442	1098.309	32.213	-1172.688	1024.786	25.303	-1100.991	935.324	22.33	-780.084	956.485	27.354	-883.63
1527	7.63	923.58	1692.945	-992.358	931.29	1410.063	-817.384	1090.788	1400.144	-1089.847	898.906	1359.402	-1019.248	803.534	911.714	-933.191	927.001	931.602	-1134.72	1007.966	964.373	-953.479	1003.222	475.062	-1165.958	948.224	454.768	-1065.878	849.38	475.938	-846.622	885.61	456.721	-950.556	906.939	102.83	-808.731	727.141	56.593	-868.938	1104.915	34.421	-1104.184	990.221	103.184	-1115.252	1060.669	104.964	-1173.997	787.136	45.42	-907.701	793.458	46.355	-802.819	1001.338	31.51	-814.586	927.069	104.566	-894.657	830.84	388.186	-837.626	828.939	307.54	-819.725	875.855	54.608	-1277.392	900.01	44.499	-1205.419	986.49	37.478	-1275.035	790.763	612.832	-879.545	791.833	695.748	-875.778	835.988	692.165	-830.319	1031.105	656.668	-1156.075	976.58	648.014	-1189.399	977.614	565.03	-1182.322	987.622	390.259	-1205.066	1003.059	304.006	-1210.619	1046.829	399.436	-1181.882	882.962	395.958	-801.798	884.934	309.846	-785.287	1062.2	317.381	-1187.527	837.357	603.329	-834.645	1030.936	568.278	-1149.42	1098.274	32.187	-1172.7	1024.785	25.328	-1101.02	935.285	22.312	-780.1	956.469	27.325	-883.604
1528	7.635	923.54	1692.949	-992.343	931.262	1410.078	-817.405	1090.753	1400.161	-1089.871	898.882	1359.39	-1019.229	803.537	911.711	-933.163	926.983	931.579	-1134.7	1007.909	964.317	-953.475	1003.218	475.067	-1165.961	948.239	454.763	-1065.852	849.374	475.953	-846.587	885.579	456.783	-950.593	907.175	103.216	-808.46	727.165	56.607	-868.979	1104.898	34.391	-1104.194	990.183	103.215	-1115.28	1060.56	104.84	-1174.048	787.122	45.4	-907.703	793.459	46.37	-802.821	1001.348	31.5	-814.561	927.063	104.506	-894.668	830.859	388.179	-837.614	828.915	307.561	-819.749	875.867	54.587	-1277.38	900.018	44.49	-1205.418	986.473	37.434	-1275.038	790.764	612.813	-879.539	791.826	695.758	-875.796	836.007	692.157	-830.298	1031.108	656.672	-1156.078	976.572	648.004	-1189.39	977.631	565.033	-1182.334	987.616	390.265	-1205.063	1003.067	303.986	-1210.614	1046.805	399.441	-1181.906	882.965	395.925	-801.816	884.928	309.872	-785.294	1062.166	317.365	-1187.524	837.346	603.35	-834.591	1030.94	568.323	-1149.468	1098.278	32.212	-1172.68	1024.8	25.311	-1100.985	935.308	22.338	-780.072	956.495	27.329	-883.607
1529	7.64	923.49	1692.951	-992.353	931.258	1410.088	-817.352	1090.743	1400.173	-1089.865	898.84	1359.395	-1019.218	803.51	911.696	-933.167	926.967	931.586	-1134.721	1006.188	962.861	-953.55	1003.23	475.062	-1165.95	948.234	454.793	-1065.859	849.364	475.963	-846.577	885.569	456.725	-950.576	906.956	102.84	-808.727	727.134	56.613	-868.981	1104.906	34.381	-1104.212	990.2	103.237	-1115.311	1060.573	104.92	-1174.004	787.119	45.412	-907.718	793.456	46.38	-802.824	1001.318	31.521	-814.571	927.071	104.58	-894.64	830.84	388.204	-837.588	828.903	307.552	-819.749	875.861	54.592	-1277.379	900.001	44.499	-1205.409	986.486	37.448	-1275.042	790.746	612.847	-879.521	791.828	695.748	-875.774	836.017	692.183	-830.286	1031.1	656.704	-1156.103	976.55	647.993	-1189.38	977.6	565.028	-1182.32	987.647	390.244	-1205.054	1003.053	304.013	-1210.634	1046.849	399.429	-1181.882	882.934	395.965	-801.803	884.887	309.855	-785.29	1062.161	317.399	-1187.578	837.352	603.311	-834.61	1030.946	568.273	-1149.437	1098.278	32.201	-1172.711	1024.795	25.317	-1100.99	935.324	22.293	-780.086	956.497	27.341	-883.642
1530	7.645	923.45	1692.944	-992.311	931.214	1410.082	-817.393	1090.703	1400.171	-1089.866	898.835	1359.397	-1019.252	803.514	911.689	-933.147	926.952	931.558	-1134.689	1007.964	964.345	-953.511	1003.23	475.05	-1165.936	948.24	454.779	-1065.831	849.352	475.96	-846.584	885.558	456.684	-950.575	907.137	103.203	-808.476	727.137	56.583	-868.99	1104.89	34.379	-1104.191	990.196	103.238	-1115.278	1060.797	105.056	-1173.927	787.115	45.374	-907.686	793.452	46.378	-802.822	1001.335	31.512	-814.577	927.089	104.524	-894.695	830.877	388.201	-837.595	828.894	307.569	-819.706	875.876	54.596	-1277.369	899.986	44.495	-1205.405	986.469	37.456	-1275.044	790.732	612.798	-879.522	791.817	695.762	-875.766	836.002	692.19	-830.274	1031.078	656.65	-1156.091	976.552	648.024	-1189.392	977.599	565.019	-1182.304	987.633	390.244	-1205.056	1003.068	303.994	-1210.622	1046.819	399.442	-1181.914	882.954	395.951	-801.803	884.912	309.865	-785.298	1062.18	317.395	-1187.536	837.316	603.355	-834.584	1030.924	568.329	-1149.413	1098.272	32.221	-1172.707	1024.783	25.297	-1101.011	935.31	22.333	-780.043	956.482	27.347	-883.646
1531	7.65	923.424	1692.955	-992.291	931.228	1410.089	-817.349	1090.681	1400.173	-1089.837	898.807	1359.379	-1019.213	803.494	911.734	-933.146	926.942	931.56	-1134.686	1007.948	964.339	-953.496	1003.226	475.106	-1165.965	948.271	454.766	-1065.817	849.364	475.997	-846.558	885.54	456.706	-950.563	906.945	102.806	-808.708	726.887	56.627	-869.458	1104.873	34.391	-1104.197	990.174	103.257	-1115.296	1060.972	105.217	-1173.825	786.713	45.291	-908.219	793.448	46.36	-802.796	1001.359	31.508	-814.581	927.085	104.548	-894.66	830.842	388.17	-837.583	828.883	307.536	-819.722	875.883	54.588	-1277.361	899.986	44.529	-1205.437	986.483	37.427	-1275.06	790.734	612.849	-879.537	791.814	695.761	-875.747	835.993	692.174	-830.278	1031.069	656.691	-1156.103	976.539	648.011	-1189.364	977.593	565.062	-1182.328	987.616	390.281	-1205.057	1003.04	304.023	-1210.612	1046.831	399.457	-1181.898	882.915	395.93	-801.794	884.895	309.84	-785.279	1062.157	317.385	-1187.527	837.305	603.345	-834.583	1030.925	568.269	-1149.443	1098.286	32.191	-1172.698	1024.797	25.303	-1101.017	935.305	22.314	-780.092	956.494	27.304	-883.607
1532	7.655	923.374	1692.955	-992.286	931.228	1410.065	-817.367	1090.649	1400.167	-1089.843	898.779	1359.427	-1019.244	803.503	911.707	-933.137	926.954	931.564	-1134.684	1007.88	964.389	-953.484	1003.231	475.064	-1165.96	948.241	454.765	-1065.826	849.378	475.969	-846.549	885.548	456.752	-950.579	906.925	102.799	-808.722	726.817	56.599	-869.509	1104.899	34.388	-1104.18	990.194	103.256	-1115.309	1060.5	104.782	-1174.097	786.716	45.277	-908.222	793.471	46.329	-802.817	1001.371	31.51	-814.582	927.023	104.504	-894.668	830.842	388.193	-837.575	828.889	307.538	-819.725	875.893	54.608	-1277.348	900	44.499	-1205.415	986.464	37.478	-1275.062	790.72	612.827	-879.538	791.808	695.74	-875.738	835.979	692.178	-830.277	1031.071	656.699	-1156.159	976.527	647.996	-1189.399	977.581	565.021	-1182.299	987.622	390.274	-1205.068	1003.066	304.025	-1210.65	1046.833	399.454	-1181.906	882.929	395.946	-801.779	884.895	309.869	-785.295	1062.168	317.412	-1187.552	837.304	603.329	-834.567	1030.939	568.275	-1149.481	1098.275	32.193	-1172.706	1024.808	25.292	-1100.993	935.33	22.273	-780.101	956.487	27.308	-883.612
1533	7.66	923.331	1692.959	-992.27	931.179	1410.061	-817.362	1090.635	1400.149	-1089.823	898.747	1359.433	-1019.216	803.505	911.704	-933.119	926.925	931.556	-1134.672	1007.916	964.381	-953.518	1003.234	475.048	-1165.938	948.251	454.784	-1065.815	849.357	475.971	-846.578	885.517	456.703	-950.548	906.951	102.797	-808.744	726.772	56.569	-869.572	1104.897	34.353	-1104.199	990.195	103.295	-1115.283	1060.643	104.901	-1174.003	786.724	45.272	-908.226	793.438	46.351	-802.832	1001.343	31.505	-814.576	927.044	104.467	-894.658	830.87	388.182	-837.515	828.899	307.493	-819.709	875.889	54.559	-1277.343	899.994	44.508	-1205.418	986.49	37.424	-1275.049	790.703	612.819	-879.511	791.773	695.746	-875.758	835.977	692.193	-830.287	1031.066	656.732	-1156.135	976.53	648.03	-1189.417	977.599	565.019	-1182.304	987.612	390.266	-1205.067	1003.042	304.012	-1210.636	1046.83	399.451	-1181.909	882.893	395.949	-801.765	884.894	309.84	-785.301	1062.167	317.407	-1187.556	837.297	603.313	-834.563	1030.915	568.253	-1149.455	1098.276	32.199	-1172.706	1024.783	25.266	-1101.008	935.329	22.306	-780.073	956.485	27.343	-883.624
1534	7.665	923.29	1692.961	-992.255	931.164	1410.062	-817.353	1090.624	1400.152	-1089.822	898.735	1359.429	-1019.25	803.507	911.693	-933.106	926.922	931.565	-1134.674	1007.92	964.371	-953.493	1003.229	475.043	-1165.959	948.255	454.764	-1065.836	849.341	475.972	-846.575	885.528	456.706	-950.574	906.939	102.809	-808.737	726.779	56.607	-869.604	1104.897	34.378	-1104.242	990.244	103.261	-1115.324	1060.673	104.916	-1174.004	786.697	45.28	-908.226	793.458	46.325	-802.814	1001.351	31.491	-814.599	927.08	104.553	-894.658	830.863	388.185	-837.506	828.897	307.531	-819.726	875.91	54.587	-1277.336	899.975	44.505	-1205.407	986.465	37.455	-1275.055	790.703	612.818	-879.53	791.792	695.753	-875.734	835.969	692.196	-830.254	1031.076	656.707	-1156.158	976.542	648.001	-1189.391	977.565	565.044	-1182.314	987.604	390.261	-1205.056	1003.053	304.03	-1210.633	1046.811	399.418	-1181.885	882.915	395.972	-801.767	884.907	309.822	-785.256	1062.167	317.393	-1187.571	837.298	603.341	-834.536	1030.92	568.269	-1149.445	1098.286	32.235	-1172.701	1024.779	25.303	-1101.017	935.305	22.321	-780.044	956.498	27.314	-883.598
1535	7.67	923.272	1692.959	-992.231	931.142	1410.072	-817.363	1090.606	1400.165	-1089.803	898.724	1359.405	-1019.221	803.513	911.697	-933.119	926.915	931.546	-1134.683	1007.908	964.371	-953.515	1003.195	475.086	-1165.946	948.255	454.754	-1065.823	849.324	475.962	-846.553	885.514	456.696	-950.53	907.154	103.226	-808.436	726.753	56.594	-869.636	1104.895	34.347	-1104.22	990.225	103.219	-1115.278	1060.632	104.908	-1174.031	786.693	45.29	-908.213	793.443	46.345	-802.841	1001.358	31.5	-814.588	927.061	104.518	-894.669	830.86	388.179	-837.51	828.875	307.515	-819.714	875.912	54.589	-1277.355	899.972	44.539	-1205.437	986.474	37.43	-1275.05	790.701	612.801	-879.492	791.772	695.749	-875.73	835.934	692.193	-830.234	1031.076	656.671	-1156.125	976.53	648.036	-1189.413	977.576	565.04	-1182.334	987.604	390.257	-1205.062	1003.061	304.008	-1210.626	1046.797	399.447	-1181.926	882.891	395.954	-801.768	884.864	309.814	-785.274	1062.151	317.409	-1187.561	837.315	603.313	-834.553	1030.923	568.243	-1149.455	1098.271	32.219	-1172.728	1024.82	25.288	-1101	935.306	22.321	-780.077	956.474	27.346	-883.638
1536	7.675	923.217	1692.954	-992.234	931.125	1410.046	-817.369	1090.583	1400.192	-1089.797	898.682	1359.435	-1019.26	803.479	911.712	-933.111	926.946	931.541	-1134.659	1007.877	964.343	-953.505	1003.214	475.081	-1165.971	948.295	454.747	-1065.808	849.33	475.986	-846.555	885.483	456.722	-950.539	906.924	102.757	-808.721	726.72	56.61	-869.656	1104.905	34.364	-1104.21	990.252	103.23	-1115.273	1060.653	104.975	-1173.991	786.682	45.289	-908.233	793.455	46.326	-802.819	1001.355	31.521	-814.592	927.063	104.548	-894.679	830.855	388.185	-837.471	828.888	307.507	-819.723	875.887	54.609	-1277.35	899.99	44.54	-1205.412	986.498	37.454	-1275.056	790.692	612.808	-879.471	791.792	695.727	-875.712	835.941	692.151	-830.263	1031.082	656.718	-1156.159	976.511	648.017	-1189.405	977.558	565.029	-1182.328	987.598	390.271	-1205.054	1003.023	304.049	-1210.67	1046.821	399.459	-1181.903	882.898	395.944	-801.754	884.892	309.81	-785.267	1062.155	317.392	-1187.563	837.32	603.306	-834.546	1030.928	568.275	-1149.454	1098.266	32.197	-1172.71	1024.797	25.295	-1101.005	935.341	22.338	-780.069	956.464	27.308	-883.594
1537	7.68	923.189	1692.962	-992.208	931.119	1410.023	-817.37	1090.545	1400.175	-1089.802	898.679	1359.425	-1019.243	803.486	911.716	-933.109	926.906	931.531	-1134.647	1007.871	964.38	-953.462	1003.183	475.043	-1165.945	948.297	454.726	-1065.83	849.355	475.947	-846.538	885.537	456.727	-950.528	906.954	102.822	-808.71	726.707	56.583	-869.663	1104.894	34.371	-1104.193	990.213	103.24	-1115.317	1060.752	105.123	-1173.972	786.689	45.274	-908.25	793.442	46.354	-802.835	1001.335	31.501	-814.568	927.005	104.523	-894.644	830.861	388.21	-837.511	828.89	307.519	-819.692	875.905	54.555	-1277.325	899.995	44.524	-1205.426	986.455	37.45	-1275.052	790.704	612.823	-879.477	791.77	695.734	-875.731	835.919	692.166	-830.247	1031.054	656.691	-1156.141	976.504	647.999	-1189.393	977.552	565.025	-1182.317	987.589	390.249	-1205.055	1003.052	304.039	-1210.645	1046.803	399.437	-1181.892	882.887	395.954	-801.741	884.9	309.849	-785.244	1062.156	317.397	-1187.559	837.318	603.313	-834.492	1030.907	568.236	-1149.451	1098.258	32.196	-1172.717	1024.781	25.292	-1101.011	935.321	22.299	-780.043	956.485	27.293	-883.6
1538	7.685	923.158	1692.96	-992.181	931.125	1410.012	-817.357	1090.525	1400.178	-1089.797	898.654	1359.4	-1019.225	803.489	911.698	-933.093	926.919	931.545	-1134.659	1007.84	964.405	-953.467	1003.16	475.083	-1165.955	948.214	454.742	-1065.817	849.315	475.992	-846.558	885.464	456.712	-950.536	906.96	102.786	-808.714	726.705	56.563	-869.677	1104.891	34.355	-1104.212	990.231	103.235	-1115.274	1060.692	104.912	-1173.939	786.688	45.244	-908.239	793.444	46.328	-802.822	1001.343	31.554	-814.566	927.051	104.551	-894.643	830.887	388.176	-837.477	828.898	307.517	-819.719	875.91	54.54	-1277.289	899.985	44.52	-1205.42	986.489	37.434	-1275.055	790.693	612.788	-879.467	791.784	695.748	-875.721	835.981	692.166	-830.238	1031.039	656.664	-1156.118	976.524	648.013	-1189.403	977.549	565.02	-1182.325	987.573	390.254	-1205.05	1003.017	304.04	-1210.655	1046.799	399.425	-1181.889	882.928	395.943	-801.734	884.9	309.851	-785.255	1062.13	317.372	-1187.576	837.311	603.342	-834.519	1030.902	568.259	-1149.472	1098.267	32.185	-1172.707	1024.783	25.319	-1100.992	935.333	22.293	-780.069	956.5	27.295	-883.6
1539	7.69	923.136	1692.968	-992.204	931.108	1410.031	-817.356	1090.514	1400.199	-1089.807	898.656	1359.407	-1019.232	803.476	911.707	-933.103	926.922	931.556	-1134.653	1007.895	964.397	-953.469	1003.168	475.038	-1165.953	948.221	454.739	-1065.836	849.348	475.959	-846.547	885.493	456.687	-950.501	906.912	102.829	-808.719	726.673	56.533	-869.672	1104.878	34.353	-1104.192	990.21	103.204	-1115.289	1060.642	104.955	-1173.964	786.663	45.262	-908.244	793.43	46.322	-802.83	1001.36	31.516	-814.576	927.017	104.532	-894.653	830.881	388.168	-837.449	828.883	307.519	-819.698	875.928	54.58	-1277.343	899.979	44.524	-1205.432	986.476	37.446	-1275.037	790.718	612.78	-879.469	791.775	695.707	-875.721	835.932	692.174	-830.241	1031.032	656.707	-1156.114	976.505	647.996	-1189.373	977.546	565.05	-1182.32	987.566	390.264	-1205.054	1003.024	304.016	-1210.629	1046.767	399.434	-1181.888	882.905	395.945	-801.728	884.911	309.846	-785.245	1062.126	317.397	-1187.567	837.306	603.327	-834.49	1030.901	568.252	-1149.452	1098.262	32.211	-1172.718	1024.794	25.314	-1101.003	935.3	22.312	-780.082	956.482	27.308	-883.6
1540	7.695	923.092	1692.957	-992.164	931.045	1410.016	-817.346	1090.498	1400.186	-1089.788	898.608	1359.382	-1019.222	803.472	911.685	-933.092	926.912	931.555	-1134.644	1007.856	964.415	-953.438	1003.153	475.069	-1165.96	948.197	454.742	-1065.83	849.293	476	-846.569	885.464	456.722	-950.529	906.928	102.833	-808.692	726.671	56.517	-869.696	1104.893	34.376	-1104.197	990.218	103.204	-1115.297	1060.682	104.92	-1173.961	786.675	45.283	-908.261	793.433	46.312	-802.816	1001.347	31.473	-814.569	927.083	104.607	-894.673	830.9	388.193	-837.425	828.884	307.534	-819.68	875.901	54.576	-1277.32	899.991	44.517	-1205.424	986.452	37.453	-1275.044	790.711	612.805	-879.448	791.781	695.707	-875.712	835.931	692.171	-830.205	1031.019	656.704	-1156.127	976.501	648.004	-1189.395	977.539	565.031	-1182.323	987.545	390.261	-1205.053	1003.005	304.042	-1210.648	1046.753	399.446	-1181.889	882.889	395.919	-801.736	884.896	309.812	-785.249	1062.114	317.382	-1187.571	837.337	603.289	-834.535	1030.879	568.255	-1149.436	1098.261	32.211	-1172.696	1024.777	25.294	-1101.017	935.319	22.353	-780.039	956.471	27.299	-883.591
1541	7.7	923.072	1692.962	-992.157	931.073	1409.995	-817.337	1090.474	1400.204	-1089.818	898.593	1359.404	-1019.227	803.462	911.726	-933.105	926.925	931.549	-1134.641	1007.853	964.369	-953.455	1003.155	475.055	-1165.948	948.17	454.755	-1065.835	849.374	475.999	-846.543	885.512	456.675	-950.479	906.924	102.814	-808.716	726.66	56.494	-869.685	1104.898	34.395	-1104.19	990.196	103.229	-1115.301	1060.684	104.964	-1173.949	786.667	45.242	-908.254	793.439	46.333	-802.803	1001.358	31.513	-814.564	927.029	104.581	-894.609	830.923	388.203	-837.419	828.905	307.549	-819.709	875.909	54.561	-1277.323	899.974	44.51	-1205.435	986.485	37.436	-1275.031	790.735	612.797	-879.476	791.768	695.733	-875.705	835.938	692.169	-830.211	1031.039	656.659	-1156.078	976.5	647.987	-1189.376	977.541	565.05	-1182.319	987.553	390.26	-1205.04	1003.006	304.018	-1210.658	1046.762	399.419	-1181.876	882.908	395.934	-801.725	884.859	309.843	-785.235	1062.14	317.395	-1187.565	837.293	603.345	-834.472	1030.867	568.25	-1149.389	1098.251	32.202	-1172.711	1024.783	25.281	-1101.007	935.303	22.278	-780.092	956.465	27.301	-883.628
1542	7.705	923.05	1692.951	-992.133	931.036	1410.023	-817.362	1090.425	1400.231	-1089.813	898.598	1359.393	-1019.209	803.442	911.721	-933.098	926.914	931.552	-1134.639	1007.852	964.355	-953.444	1003.135	475.044	-1165.94	948.157	454.732	-1065.833	849.363	476.016	-846.52	885.481	456.697	-950.479	906.933	102.812	-808.702	726.635	56.513	-869.7	1104.884	34.367	-1104.194	990.192	103.208	-1115.283	1060.664	105.013	-1173.992	786.657	45.265	-908.24	793.444	46.333	-802.828	1001.347	31.527	-814.552	926.996	104.559	-894.651	830.894	388.213	-837.411	828.908	307.519	-819.673	875.922	54.538	-1277.33	900.01	44.463	-1205.42	986.493	37.449	-1275.029	790.731	612.803	-879.447	791.773	695.722	-875.683	835.906	692.19	-830.192	1031.023	656.679	-1156.06	976.501	648.01	-1189.37	977.512	565.018	-1182.289	987.559	390.278	-1205.071	1002.997	304.016	-1210.636	1046.755	399.433	-1181.866	882.918	395.932	-801.716	884.873	309.862	-785.235	1062.142	317.361	-1187.552	837.314	603.358	-834.454	1030.848	568.248	-1149.434	1098.266	32.2	-1172.684	1024.768	25.282	-1101.017	935.323	22.308	-780.076	956.459	27.33	-883.631
1543	7.71	923.002	1692.947	-992.116	931.002	1409.991	-817.358	1090.396	1400.23	-1089.816	898.561	1359.416	-1019.219	803.453	911.726	-933.104	926.903	931.544	-1134.641	1006.106	962.878	-953.484	1003.138	475.062	-1165.95	948.133	454.764	-1065.821	849.379	476.025	-846.545	885.512	456.666	-950.486	906.947	102.807	-808.721	726.662	56.488	-869.671	1104.89	34.409	-1104.21	990.173	103.223	-1115.301	1060.62	104.872	-1173.994	786.662	45.227	-908.238	793.448	46.314	-802.815	1001.363	31.489	-814.596	927.026	104.534	-894.646	830.932	388.204	-837.367	828.922	307.536	-819.672	875.901	54.548	-1277.321	899.99	44.496	-1205.42	986.442	37.446	-1275.05	790.718	612.822	-879.427	791.763	695.72	-875.685	835.931	692.149	-830.198	1030.992	656.696	-1156.046	976.488	647.999	-1189.355	977.554	565.03	-1182.3	987.534	390.275	-1205.046	1003	304.007	-1210.6	1046.748	399.411	-1181.853	882.923	395.928	-801.705	884.91	309.863	-785.219	1062.12	317.415	-1187.566	837.329	603.334	-834.473	1030.834	568.254	-1149.406	1098.281	32.229	-1172.703	1024.78	25.284	-1101.014	935.336	22.287	-780.08	956.474	27.305	-883.608
1544	7.715	922.99	1692.967	-992.117	930.982	1410.013	-817.335	1090.386	1400.233	-1089.82	898.552	1359.372	-1019.21	803.426	911.737	-933.103	926.896	931.556	-1134.637	1007.858	964.345	-953.432	1003.14	475.04	-1165.909	948.144	454.765	-1065.798	849.417	476.041	-846.536	885.523	456.747	-950.499	906.938	102.841	-808.694	726.647	56.501	-869.668	1104.92	34.41	-1104.183	990.158	103.311	-1115.324	1060.686	104.944	-1173.962	786.656	45.248	-908.241	793.459	46.32	-802.814	1001.336	31.506	-814.568	927.039	104.502	-894.635	830.957	388.189	-837.342	828.924	307.534	-819.679	875.937	54.518	-1277.278	899.985	44.5	-1205.381	986.462	37.436	-1275.039	790.71	612.812	-879.42	791.767	695.744	-875.669	835.944	692.143	-830.183	1031.01	656.708	-1156.016	976.492	647.993	-1189.352	977.517	565.025	-1182.297	987.533	390.252	-1205.024	1003.016	304.012	-1210.605	1046.734	399.422	-1181.869	882.947	395.932	-801.714	884.944	309.859	-785.203	1062.105	317.407	-1187.537	837.32	603.312	-834.426	1030.851	568.261	-1149.336	1098.242	32.22	-1172.72	1024.785	25.293	-1101.014	935.334	22.346	-780.068	956.48	27.33	-883.643
1545	7.72	922.962	1692.975	-992.093	930.958	1410.004	-817.326	1090.375	1400.252	-1089.807	898.545	1359.394	-1019.242	803.424	911.737	-933.103	926.887	931.541	-1134.651	1007.836	964.391	-953.446	1003.133	475.079	-1165.917	948.175	454.747	-1065.792	849.377	476.045	-846.532	885.523	456.707	-950.461	906.947	102.83	-808.707	726.652	56.524	-869.667	1104.907	34.41	-1104.193	990.184	103.225	-1115.278	1060.663	104.898	-1174.001	786.663	45.279	-908.25	793.441	46.329	-802.807	1001.341	31.466	-814.593	927.016	104.574	-894.631	830.978	388.174	-837.356	828.903	307.545	-819.65	875.919	54.537	-1277.32	899.984	44.523	-1205.389	986.479	37.462	-1275.052	790.723	612.803	-879.417	791.789	695.723	-875.679	835.951	692.171	-830.181	1030.981	656.708	-1156.026	976.507	648.003	-1189.339	977.536	564.996	-1182.254	987.54	390.292	-1205.035	1002.996	304.012	-1210.614	1046.738	399.443	-1181.849	882.945	395.917	-801.697	884.93	309.859	-785.178	1062.097	317.439	-1187.566	837.326	603.327	-834.438	1030.814	568.2	-1149.275	1098.258	32.204	-1172.676	1024.784	25.333	-1100.99	935.322	22.323	-780.082	956.479	27.333	-883.594
1546	7.725	922.941	1692.964	-992.088	930.926	1410.01	-817.33	1090.345	1400.286	-1089.829	898.525	1359.397	-1019.224	803.439	911.726	-933.097	926.876	931.541	-1134.645	1007.851	964.419	-953.437	1003.128	475.092	-1165.919	948.126	454.737	-1065.816	849.382	476.035	-846.547	885.544	456.721	-950.474	906.949	102.828	-808.717	726.672	56.514	-869.639	1104.876	34.408	-1104.173	990.199	103.139	-1115.253	1060.672	105.132	-1173.991	786.666	45.244	-908.224	793.467	46.318	-802.814	1001.353	31.504	-814.581	927.038	104.581	-894.635	830.946	388.248	-837.333	828.925	307.558	-819.647	875.938	54.542	-1277.314	899.999	44.513	-1205.409	986.477	37.442	-1275.059	790.724	612.793	-879.399	791.764	695.737	-875.652	835.949	692.177	-830.182	1030.971	656.691	-1156	976.489	648.006	-1189.338	977.522	565.025	-1182.255	987.52	390.284	-1205.036	1003.012	304.046	-1210.593	1046.761	399.433	-1181.839	882.943	395.957	-801.701	884.926	309.915	-785.195	1062.116	317.415	-1187.538	837.341	603.356	-834.432	1030.839	568.259	-1149.294	1098.272	32.202	-1172.693	1024.791	25.283	-1101.001	935.293	22.293	-780.097	956.479	27.317	-883.614
1547	7.73	922.91	1692.981	-992.082	930.921	1409.997	-817.356	1090.331	1400.299	-1089.819	898.492	1359.418	-1019.25	803.426	911.749	-933.078	926.872	931.55	-1134.647	1007.848	964.407	-953.416	1003.117	475.101	-1165.904	948.138	454.75	-1065.778	849.395	476.069	-846.499	885.541	456.763	-950.459	907.171	103.219	-808.404	726.667	56.52	-869.633	1104.903	34.389	-1104.179	990.186	103.269	-1115.296	1060.702	105.041	-1173.952	786.689	45.249	-908.23	793.451	46.342	-802.8	1001.369	31.517	-814.571	927.086	104.55	-894.648	831.009	388.201	-837.305	828.923	307.563	-819.638	875.961	54.534	-1277.292	899.989	44.509	-1205.414	986.455	37.472	-1275.036	790.725	612.793	-879.419	791.757	695.728	-875.656	835.971	692.176	-830.169	1031.012	656.689	-1155.95	976.485	647.993	-1189.297	977.505	565.033	-1182.238	987.52	390.294	-1205.015	1002.995	304.019	-1210.57	1046.742	399.451	-1181.824	882.935	395.938	-801.69	884.931	309.885	-785.199	1062.11	317.447	-1187.525	837.342	603.343	-834.386	1030.809	568.259	-1149.297	1098.29	32.214	-1172.673	1024.779	25.316	-1101.014	935.307	22.334	-780.068	956.498	27.332	-883.631
1548	7.735	922.873	1692.957	-992.039	930.896	1410.008	-817.355	1090.311	1400.28	-1089.812	898.483	1359.39	-1019.228	803.418	911.734	-933.067	926.85	931.554	-1134.628	1007.821	964.422	-953.421	1003.154	475.052	-1165.866	948.15	454.763	-1065.772	849.372	476.046	-846.533	885.584	456.772	-950.468	906.927	102.826	-808.702	726.666	56.499	-869.609	1104.892	34.397	-1104.165	990.188	103.252	-1115.284	1060.633	104.919	-1173.963	786.671	45.259	-908.212	793.446	46.33	-802.831	1001.368	31.496	-814.561	927.036	104.552	-894.626	830.965	388.237	-837.292	828.911	307.573	-819.659	875.933	54.546	-1277.313	899.975	44.518	-1205.397	986.45	37.481	-1275.032	790.71	612.793	-879.397	791.76	695.752	-875.669	835.941	692.207	-830.158	1031.007	656.727	-1155.975	976.486	647.995	-1189.295	977.518	565.009	-1182.216	987.53	390.31	-1205.027	1003.002	304.013	-1210.572	1046.731	399.456	-1181.844	882.942	395.929	-801.672	884.909	309.925	-785.205	1062.095	317.424	-1187.511	837.316	603.324	-834.426	1030.82	568.241	-1149.303	1098.279	32.221	-1172.686	1024.793	25.318	-1100.973	935.312	22.358	-780.056	956.461	27.403	-883.656
1549	7.74	922.841	1692.974	-992.056	930.872	1410.028	-817.358	1090.291	1400.286	-1089.805	898.472	1359.426	-1019.228	803.417	911.748	-933.033	926.826	931.536	-1134.615	1007.758	964.365	-953.455	1003.135	475.066	-1165.879	948.13	454.766	-1065.758	849.319	476.046	-846.548	885.53	456.732	-950.452	906.95	102.829	-808.688	726.682	56.499	-869.644	1104.876	34.398	-1104.19	990.179	103.268	-1115.294	1060.669	105.046	-1174.008	786.677	45.257	-908.208	793.437	46.357	-802.811	1001.349	31.494	-814.561	927.032	104.573	-894.648	830.971	388.242	-837.284	828.898	307.589	-819.66	875.945	54.557	-1277.282	899.978	44.505	-1205.414	986.484	37.476	-1275.027	790.704	612.829	-879.388	791.774	695.748	-875.643	835.975	692.175	-830.173	1030.987	656.681	-1155.955	976.474	648.016	-1189.303	977.508	565.003	-1182.215	987.539	390.289	-1204.997	1003.009	304.012	-1210.58	1046.753	399.458	-1181.805	882.93	395.936	-801.693	884.929	309.847	-785.2	1062.114	317.408	-1187.475	837.32	603.336	-834.385	1030.819	568.294	-1149.285	1098.288	32.219	-1172.675	1024.786	25.323	-1100.984	935.312	22.337	-780.072	956.503	27.313	-883.62
1550	7.745	922.783	1692.983	-992.039	930.875	1410.007	-817.342	1090.272	1400.275	-1089.803	898.453	1359.413	-1019.263	803.419	911.743	-933.022	926.823	931.529	-1134.601	1007.799	964.395	-953.437	1003.139	475.099	-1165.897	948.128	454.741	-1065.76	849.313	476.065	-846.557	885.553	456.745	-950.463	906.958	102.826	-808.703	726.651	56.498	-869.631	1104.896	34.367	-1104.177	990.198	103.203	-1115.241	1060.764	105.143	-1173.911	786.697	45.26	-908.179	793.456	46.319	-802.815	1001.351	31.492	-814.596	927.048	104.565	-894.646	831.028	388.211	-837.272	828.892	307.566	-819.655	875.978	54.542	-1277.302	899.977	44.517	-1205.404	986.469	37.477	-1275.03	790.726	612.807	-879.353	791.75	695.748	-875.647	835.936	692.193	-830.161	1030.982	656.681	-1155.973	976.45	648.018	-1189.308	977.516	565.049	-1182.251	987.54	390.294	-1205.001	1002.994	304.054	-1210.551	1046.732	399.475	-1181.819	882.952	395.952	-801.69	884.908	309.866	-785.205	1062.122	317.444	-1187.494	837.301	603.374	-834.337	1030.832	568.294	-1149.321	1098.255	32.249	-1172.693	1024.77	25.319	-1100.996	935.3	22.392	-780.072	956.484	27.327	-883.592
1551	7.75	922.765	1692.98	-992.022	930.854	1410.025	-817.36	1090.276	1400.292	-1089.801	898.426	1359.406	-1019.261	803.408	911.747	-933.02	926.828	931.531	-1134.607	1007.793	964.314	-953.427	1003.143	475.108	-1165.879	948.162	454.727	-1065.745	849.325	476.04	-846.566	885.529	456.772	-950.463	906.936	102.807	-808.713	726.674	56.509	-869.593	1104.904	34.387	-1104.171	990.194	103.273	-1115.299	1060.683	104.893	-1173.936	786.7	45.257	-908.169	793.441	46.354	-802.829	1001.348	31.513	-814.575	927.04	104.564	-894.61	830.999	388.19	-837.257	828.891	307.574	-819.638	875.95	54.542	-1277.281	900.005	44.482	-1205.395	986.467	37.473	-1275.024	790.711	612.779	-879.409	791.742	695.725	-875.626	835.952	692.16	-830.17	1030.975	656.662	-1155.977	976.462	647.995	-1189.292	977.499	565.04	-1182.243	987.565	390.277	-1205.003	1003.015	304.014	-1210.555	1046.756	399.449	-1181.791	882.913	395.948	-801.69	884.886	309.862	-785.21	1062.112	317.448	-1187.481	837.337	603.33	-834.363	1030.827	568.279	-1149.287	1098.223	32.237	-1172.696	1024.774	25.322	-1100.989	935.297	22.313	-780.071	956.503	27.309	-883.605
1552	7.755	922.735	1692.961	-992.01	930.829	1410.018	-817.359	1090.261	1400.283	-1089.801	898.408	1359.436	-1019.274	803.392	911.738	-933.007	926.804	931.538	-1134.597	1007.815	964.401	-953.452	1003.154	475.117	-1165.88	948.159	454.714	-1065.741	849.337	476.064	-846.554	885.562	456.737	-950.461	906.938	102.814	-808.708	726.689	56.472	-869.574	1104.897	34.349	-1104.165	990.183	103.269	-1115.285	1060.673	104.827	-1173.903	786.699	45.217	-908.184	793.448	46.333	-802.806	1001.362	31.518	-814.586	927.053	104.58	-894.639	830.989	388.192	-837.219	828.894	307.552	-819.643	875.962	54.541	-1277.293	900.02	44.457	-1205.394	986.479	37.423	-1275.02	790.685	612.786	-879.384	791.734	695.727	-875.628	835.94	692.184	-830.157	1030.953	656.687	-1155.989	976.437	648	-1189.291	977.503	565.035	-1182.23	987.574	390.26	-1204.998	1003.009	303.984	-1210.553	1046.757	399.44	-1181.804	882.917	395.944	-801.702	884.854	309.87	-785.215	1062.109	317.406	-1187.493	837.307	603.331	-834.352	1030.815	568.283	-1149.278	1098.273	32.208	-1172.687	1024.781	25.332	-1100.982	935.27	22.307	-780.089	956.486	27.359	-883.635
1553	7.76	922.7	1692.994	-992.028	930.827	1410.033	-817.333	1090.255	1400.288	-1089.773	898.381	1359.437	-1019.294	803.376	911.736	-932.997	926.787	931.534	-1134.598	1007.808	964.393	-953.449	1003.146	475.079	-1165.878	948.18	454.739	-1065.748	849.302	476.053	-846.562	885.519	456.729	-950.426	906.935	102.816	-808.715	726.69	56.467	-869.556	1104.904	34.361	-1104.187	990.212	103.265	-1115.264	1060.579	104.81	-1174.029	786.689	45.235	-908.188	793.452	46.341	-802.811	1001.341	31.492	-814.572	927.053	104.53	-894.616	830.982	388.213	-837.258	828.881	307.529	-819.65	875.964	54.526	-1277.295	900.005	44.492	-1205.405	986.488	37.476	-1275.041	790.672	612.778	-879.353	791.721	695.729	-875.613	835.922	692.155	-830.132	1030.953	656.702	-1156.011	976.436	648.015	-1189.314	977.5	565.029	-1182.236	987.549	390.261	-1204.997	1003.015	304.02	-1210.574	1046.762	399.454	-1181.8	882.93	395.938	-801.677	884.91	309.886	-785.182	1062.132	317.413	-1187.495	837.294	603.319	-834.341	1030.822	568.257	-1149.312	1098.261	32.223	-1172.719	1024.777	25.294	-1101.005	935.316	22.324	-780.084	956.493	27.324	-883.612
1554	7.765	922.68	1692.956	-992.021	930.801	1410.019	-817.334	1090.223	1400.278	-1089.77	898.374	1359.392	-1019.269	803.395	911.759	-932.998	926.781	931.504	-1134.584	1007.818	964.345	-953.417	1003.145	475.039	-1165.876	948.161	454.711	-1065.771	849.305	476.016	-846.579	885.573	456.768	-950.468	906.941	102.774	-808.719	726.71	56.467	-869.524	1104.903	34.335	-1104.189	990.197	103.222	-1115.26	1060.627	104.903	-1173.963	786.7	45.241	-908.153	793.445	46.34	-802.803	1001.354	31.494	-814.604	927.03	104.589	-894.631	830.968	388.219	-837.21	828.884	307.544	-819.635	875.947	54.511	-1277.294	900.015	44.503	-1205.396	986.475	37.438	-1275.028	790.674	612.759	-879.347	791.712	695.739	-875.62	835.948	692.157	-830.149	1030.973	656.697	-1156.013	976.42	647.967	-1189.299	977.477	565.01	-1182.249	987.566	390.262	-1204.994	1003.024	304.017	-1210.553	1046.776	399.435	-1181.801	882.914	395.94	-801.681	884.855	309.855	-785.197	1062.117	317.454	-1187.503	837.322	603.324	-834.338	1030.826	568.276	-1149.358	1098.256	32.221	-1172.711	1024.784	25.292	-1101.012	935.292	22.284	-780.07	956.48	27.296	-883.62
1555	7.77	922.658	1692.971	-992.006	930.803	1410.006	-817.359	1090.223	1400.266	-1089.749	898.354	1359.404	-1019.289	803.368	911.725	-932.982	926.767	931.496	-1134.591	1007.795	964.374	-953.442	1003.127	475.068	-1165.895	948.171	454.727	-1065.779	849.283	476.048	-846.566	885.49	456.722	-950.468	906.915	102.788	-808.715	726.724	56.455	-869.511	1104.908	34.372	-1104.185	990.218	103.221	-1115.251	1060.764	105.062	-1173.983	786.719	45.218	-908.125	793.465	46.326	-802.816	1001.351	31.475	-814.596	927.041	104.524	-894.642	830.995	388.196	-837.197	828.895	307.512	-819.623	875.937	54.512	-1277.286	900.012	44.466	-1205.402	986.487	37.415	-1275.028	790.663	612.785	-879.371	791.716	695.694	-875.606	835.923	692.178	-830.133	1030.966	656.708	-1155.995	976.422	647.949	-1189.311	977.474	565.036	-1182.261	987.559	390.264	-1204.995	1003.01	303.995	-1210.562	1046.768	399.438	-1181.813	882.877	395.948	-801.692	884.87	309.834	-785.196	1062.116	317.442	-1187.515	837.283	603.312	-834.303	1030.804	568.243	-1149.34	1098.281	32.178	-1172.72	1024.775	25.301	-1101.008	935.331	22.267	-780.083	956.493	27.275	-883.601
1556	7.775	922.623	1692.981	-992.004	930.789	1409.989	-817.354	1090.197	1400.283	-1089.784	898.352	1359.386	-1019.289	803.373	911.725	-932.993	926.754	931.49	-1134.575	1007.801	964.329	-953.431	1003.142	475.059	-1165.887	948.191	454.716	-1065.751	849.249	476.046	-846.602	885.498	456.733	-950.43	906.917	102.763	-808.739	726.732	56.458	-869.488	1104.897	34.342	-1104.2	990.202	103.274	-1115.287	1060.813	104.968	-1173.949	786.719	45.208	-908.127	793.445	46.317	-802.828	1001.359	31.465	-814.577	927.01	104.537	-894.629	830.968	388.161	-837.179	828.875	307.542	-819.646	875.956	54.514	-1277.276	900.01	44.491	-1205.406	986.512	37.434	-1275.017	790.659	612.774	-879.356	791.702	695.729	-875.604	835.9	692.155	-830.13	1030.945	656.716	-1156.051	976.41	647.974	-1189.338	977.46	565.017	-1182.265	987.543	390.244	-1204.998	1002.999	303.985	-1210.565	1046.75	399.435	-1181.849	882.905	395.912	-801.674	884.862	309.823	-785.202	1062.101	317.399	-1187.518	837.294	603.32	-834.331	1030.791	568.289	-1149.379	1098.279	32.193	-1172.694	1024.796	25.299	-1100.987	935.317	22.263	-780.088	956.504	27.304	-883.613
1557	7.78	922.601	1692.968	-992.016	930.75	1409.994	-817.336	1090.178	1400.272	-1089.75	898.302	1359.388	-1019.267	803.374	911.728	-932.985	926.744	931.506	-1134.582	1007.743	964.395	-953.447	1003.1	475.042	-1165.922	948.193	454.698	-1065.765	849.263	476.051	-846.586	885.5	456.777	-950.45	906.922	102.786	-808.707	726.747	56.437	-869.47	1104.907	34.373	-1104.192	990.203	103.258	-1115.28	1060.739	105.115	-1173.96	786.745	45.237	-908.108	793.437	46.329	-802.825	1001.341	31.491	-814.573	927.062	104.527	-894.641	831.012	388.167	-837.151	828.893	307.522	-819.628	875.947	54.496	-1277.285	899.961	44.531	-1205.413	986.485	37.45	-1275.019	790.644	612.778	-879.362	791.684	695.719	-875.588	835.908	692.156	-830.126	1030.932	656.692	-1156.08	976.396	647.981	-1189.336	977.431	565.028	-1182.272	987.524	390.261	-1205.019	1002.989	303.992	-1210.582	1046.739	399.441	-1181.833	882.882	395.947	-801.687	884.865	309.83	-785.205	1062.085	317.42	-1187.545	837.26	603.312	-834.324	1030.814	568.268	-1149.423	1098.272	32.185	-1172.709	1024.801	25.288	-1101.008	935.313	22.291	-780.094	956.465	27.264	-883.596
1558	7.785	922.587	1692.969	-992.017	930.742	1409.985	-817.343	1090.162	1400.262	-1089.768	898.286	1359.375	-1019.268	803.366	911.712	-933.013	926.743	931.513	-1134.576	1007.768	964.389	-953.42	1003.104	475.055	-1165.919	948.164	454.735	-1065.769	849.243	476.025	-846.6	885.481	456.725	-950.488	906.911	102.784	-808.718	726.739	56.426	-869.46	1104.884	34.349	-1104.187	990.19	103.256	-1115.308	1060.664	104.968	-1174.034	786.734	45.257	-908.123	793.455	46.34	-802.806	1001.326	31.524	-814.578	927.079	104.494	-894.64	831.001	388.154	-837.145	828.861	307.492	-819.634	875.946	54.516	-1277.312	899.974	44.479	-1205.431	986.46	37.439	-1275.036	790.641	612.762	-879.379	791.693	695.721	-875.61	835.883	692.141	-830.149	1030.903	656.692	-1156.075	976.362	647.972	-1189.359	977.416	564.997	-1182.277	987.52	390.246	-1205.035	1002.962	303.991	-1210.607	1046.727	399.438	-1181.847	882.892	395.907	-801.696	884.88	309.835	-785.199	1062.094	317.398	-1187.537	837.276	603.292	-834.33	1030.781	568.282	-1149.43	1098.286	32.164	-1172.685	1024.802	25.294	-1100.987	935.335	22.284	-780.068	956.489	27.301	-883.606
1559	7.79	922.556	1692.968	-992.021	930.737	1409.996	-817.337	1090.128	1400.251	-1089.733	898.273	1359.395	-1019.282	803.339	911.677	-932.985	926.733	931.497	-1134.592	1007.749	964.38	-953.439	1003.086	475.053	-1165.92	948.155	454.74	-1065.78	849.234	476.037	-846.608	885.48	456.758	-950.48	906.933	102.753	-808.718	726.753	56.388	-869.436	1104.893	34.343	-1104.182	990.184	103.241	-1115.309	1060.508	104.814	-1174.079	786.736	45.225	-908.133	793.464	46.331	-802.822	1001.347	31.479	-814.582	927.027	104.519	-894.655	831.008	388.201	-837.152	828.872	307.489	-819.647	875.938	54.5	-1277.288	899.952	44.487	-1205.408	986.474	37.437	-1275.025	790.655	612.771	-879.375	791.686	695.703	-875.602	835.869	692.138	-830.142	1030.918	656.688	-1156.086	976.358	647.976	-1189.34	977.427	565.03	-1182.295	987.506	390.272	-1205.051	1002.959	303.977	-1210.602	1046.718	399.455	-1181.872	882.862	395.918	-801.677	884.872	309.854	-785.18	1062.071	317.384	-1187.541	837.262	603.338	-834.263	1030.796	568.288	-1149.438	1098.262	32.218	-1172.708	1024.82	25.308	-1101.002	935.337	22.287	-780.099	956.475	27.285	-883.614
1560	7.795	922.548	1692.959	-992.002	930.702	1409.983	-817.335	1090.12	1400.268	-1089.73	898.267	1359.411	-1019.312	803.374	911.701	-932.984	926.723	931.495	-1134.584	1007.736	964.373	-953.434	1003.085	475.063	-1165.927	948.105	454.744	-1065.782	849.233	476.065	-846.622	885.501	456.708	-950.455	906.915	102.78	-808.708	726.75	56.412	-869.404	1104.899	34.368	-1104.193	990.166	103.27	-1115.337	1060.591	104.83	-1174.038	786.74	45.254	-908.104	793.422	46.32	-802.802	1001.34	31.493	-814.587	926.972	104.486	-894.668	830.965	388.195	-837.124	828.868	307.505	-819.659	875.931	54.526	-1277.299	899.972	44.481	-1205.395	986.446	37.429	-1275.048	790.647	612.78	-879.354	791.68	695.72	-875.628	835.854	692.145	-830.13	1030.894	656.658	-1156.051	976.356	647.996	-1189.339	977.402	565.015	-1182.295	987.502	390.272	-1205.047	1002.968	303.979	-1210.603	1046.718	399.437	-1181.84	882.873	395.926	-801.653	884.854	309.826	-785.183	1062.077	317.413	-1187.571	837.288	603.29	-834.287	1030.768	568.308	-1149.417	1098.274	32.191	-1172.702	1024.811	25.287	-1101.022	935.33	22.357	-780.055	956.497	27.279	-883.6
1561	7.8	922.525	1692.969	-992.026	930.678	1409.979	-817.308	1090.111	1400.28	-1089.739	898.232	1359.37	-1019.28	803.343	911.722	-933.033	926.696	931.514	-1134.576	1007.753	964.399	-953.416	1003.075	475.035	-1165.92	948.105	454.679	-1065.812	849.258	476.102	-846.649	885.5	456.75	-950.441	906.901	102.753	-808.711	726.748	56.399	-869.356	1104.883	34.364	-1104.17	990.193	103.27	-1115.333	1060.695	104.974	-1173.962	786.755	45.221	-908.083	793.448	46.317	-802.817	1001.326	31.517	-814.586	927.003	104.55	-894.599	831.007	388.176	-837.121	828.855	307.526	-819.646	875.954	54.521	-1277.289	899.974	44.484	-1205.421	986.446	37.443	-1275.023	790.652	612.753	-879.361	791.678	695.691	-875.632	835.837	692.129	-830.14	1030.888	656.668	-1156.1	976.342	648.002	-1189.362	977.428	565.029	-1182.304	987.484	390.249	-1205.04	1002.953	303.977	-1210.597	1046.695	399.463	-1181.835	882.842	395.93	-801.649	884.867	309.84	-785.188	1062.053	317.394	-1187.54	837.271	603.349	-834.257	1030.761	568.172	-1149.396	1098.258	32.191	-1172.696	1024.783	25.298	-1100.999	935.316	22.236	-780.087	956.435	27.317	-883.644
1562	7.805	922.514	1692.968	-992.013	930.663	1409.968	-817.322	1090.083	1400.259	-1089.714	898.213	1359.368	-1019.287	803.349	911.703	-932.989	926.7	931.493	-1134.587	1007.682	964.374	-953.436	1003.057	475.034	-1165.911	948.152	454.701	-1065.8	849.249	476.097	-846.63	885.446	456.764	-950.442	906.952	102.797	-808.702	726.765	56.381	-869.349	1104.891	34.347	-1104.185	990.186	103.255	-1115.343	1060.654	104.912	-1173.997	786.741	45.238	-908.058	793.451	46.32	-802.82	1001.347	31.506	-814.568	927.028	104.506	-894.63	831.069	388.164	-837.081	828.859	307.53	-819.632	875.943	54.539	-1277.299	899.994	44.484	-1205.405	986.457	37.44	-1275.036	790.641	612.767	-879.378	791.673	695.692	-875.618	835.843	692.126	-830.13	1030.89	656.677	-1156.056	976.351	647.983	-1189.336	977.403	565.049	-1182.311	987.489	390.262	-1205.059	1002.952	303.995	-1210.593	1046.704	399.446	-1181.866	882.845	395.94	-801.649	884.852	309.827	-785.184	1062.059	317.382	-1187.538	837.261	603.337	-834.276	1030.762	568.261	-1149.442	1098.262	32.185	-1172.718	1024.785	25.295	-1101.022	935.287	22.311	-780.072	956.481	27.297	-883.627
1563	7.81	922.496	1692.988	-992.026	930.656	1409.982	-817.311	1090.07	1400.276	-1089.731	898.188	1359.394	-1019.28	803.34	911.688	-933.018	926.704	931.503	-1134.608	1007.706	964.403	-953.452	1003.039	475.059	-1165.942	948.089	454.698	-1065.798	849.269	476.146	-846.667	885.423	456.746	-950.448	906.962	102.805	-808.704	726.769	56.39	-869.328	1104.912	34.373	-1104.19	990.179	103.248	-1115.336	1060.669	104.957	-1173.996	786.756	45.228	-908.066	793.452	46.343	-802.818	1001.306	31.521	-814.577	927.026	104.534	-894.593	831.032	388.158	-837.05	828.874	307.542	-819.644	875.927	54.519	-1277.3	899.984	44.479	-1205.404	986.466	37.407	-1275.034	790.633	612.748	-879.389	791.662	695.691	-875.614	835.832	692.147	-830.153	1030.894	656.668	-1156.066	976.359	647.98	-1189.346	977.41	565.016	-1182.292	987.497	390.227	-1205.042	1002.964	303.996	-1210.598	1046.689	399.451	-1181.85	882.881	395.916	-801.665	884.869	309.866	-785.201	1062.056	317.375	-1187.514	837.279	603.342	-834.253	1030.775	568.238	-1149.434	1098.242	32.169	-1172.692	1024.809	25.283	-1100.998	935.286	22.269	-780.095	956.474	27.276	-883.609
1564	7.815	922.475	1692.964	-992.026	930.655	1409.975	-817.307	1090.034	1400.298	-1089.744	898.176	1359.363	-1019.235	803.33	911.724	-933.027	926.683	931.473	-1134.609	1007.723	964.422	-953.469	1003.074	475.067	-1165.911	948.059	454.679	-1065.798	849.198	476.105	-846.723	885.489	456.768	-950.463	906.929	102.792	-808.694	726.788	56.4	-869.301	1104.888	34.379	-1104.196	990.203	103.207	-1115.266	1060.733	104.859	-1173.919	786.776	45.216	-908.042	793.44	46.341	-802.819	1001.317	31.498	-814.57	927.061	104.572	-894.601	831.024	388.219	-837.039	828.894	307.514	-819.648	875.933	54.538	-1277.302	899.983	44.479	-1205.405	986.464	37.406	-1275.011	790.63	612.76	-879.386	791.672	695.697	-875.633	835.865	692.135	-830.151	1030.893	656.695	-1156.047	976.369	647.975	-1189.323	977.423	565.033	-1182.291	987.493	390.226	-1205.032	1002.962	304	-1210.583	1046.726	399.434	-1181.835	882.898	395.906	-801.651	884.863	309.844	-785.2	1062.074	317.386	-1187.527	837.276	603.346	-834.253	1030.752	568.313	-1149.404	1098.271	32.213	-1172.714	1024.789	25.278	-1101	935.316	22.263	-780.089	956.484	27.318	-883.628
1565	7.82	922.451	1692.98	-992.056	930.592	1409.961	-817.302	1090.022	1400.305	-1089.752	898.168	1359.356	-1019.242	803.328	911.705	-933.005	926.678	931.488	-1134.606	1007.713	964.425	-953.466	1003.073	475.092	-1165.919	948.098	454.684	-1065.78	849.221	476.191	-846.719	885.499	456.737	-950.439	906.917	102.79	-808.704	726.796	56.373	-869.306	1104.87	34.366	-1104.199	990.202	103.202	-1115.29	1060.712	105.081	-1173.972	786.753	45.23	-908.028	793.453	46.325	-802.819	1001.346	31.481	-814.589	927.023	104.504	-894.636	831.055	388.206	-837.044	828.897	307.528	-819.64	875.939	54.522	-1277.291	899.977	44.505	-1205.402	986.45	37.41	-1275.031	790.655	612.781	-879.369	791.663	695.688	-875.622	835.849	692.131	-830.133	1030.895	656.72	-1156.04	976.339	648.01	-1189.351	977.417	565.025	-1182.294	987.511	390.242	-1205.042	1002.963	304.015	-1210.592	1046.709	399.46	-1181.845	882.897	395.917	-801.653	884.905	309.856	-785.173	1062.08	317.427	-1187.515	837.261	603.376	-834.224	1030.77	568.256	-1149.362	1098.278	32.224	-1172.685	1024.779	25.301	-1100.998	935.299	22.29	-780.075	956.493	27.305	-883.614
1566	7.825	922.426	1692.995	-992.063	930.604	1409.923	-817.309	1090.005	1400.312	-1089.762	898.147	1359.369	-1019.241	803.298	911.705	-933.013	926.643	931.495	-1134.609	1007.67	964.451	-953.492	1003.077	475.069	-1165.909	948.056	454.752	-1065.785	849.202	476.155	-846.717	885.55	456.766	-950.428	906.922	102.795	-808.711	726.791	56.378	-869.255	1104.897	34.392	-1104.208	990.191	103.222	-1115.291	1060.595	104.925	-1173.971	786.795	45.242	-908.042	793.425	46.337	-802.826	1001.32	31.507	-814.583	927.052	104.553	-894.613	831.078	388.179	-837.019	828.904	307.518	-819.629	875.956	54.486	-1277.291	899.984	44.491	-1205.373	986.485	37.448	-1275.039	790.646	612.789	-879.36	791.677	695.689	-875.652	835.842	692.172	-830.147	1030.88	656.69	-1156.009	976.338	648.005	-1189.333	977.407	565.01	-1182.265	987.501	390.248	-1205.026	1002.944	304.019	-1210.575	1046.68	399.433	-1181.833	882.901	395.918	-801.666	884.892	309.82	-785.186	1062.066	317.416	-1187.489	837.273	603.338	-834.258	1030.773	568.281	-1149.376	1098.269	32.214	-1172.695	1024.761	25.299	-1101	935.291	22.291	-780.074	956.463	27.35	-883.631
1567	7.83	922.425	1692.991	-992.042	930.613	1409.976	-817.303	1089.978	1400.313	-1089.747	898.13	1359.352	-1019.239	803.301	911.704	-932.996	926.637	931.522	-1134.647	1007.656	964.432	-953.486	1003.059	475.075	-1165.9	948.074	454.739	-1065.771	849.18	476.131	-846.775	885.542	456.751	-950.43	906.931	102.805	-808.718	726.819	56.364	-869.229	1104.873	34.362	-1104.179	990.204	103.208	-1115.308	1060.488	104.791	-1174.037	786.792	45.269	-908.021	793.441	46.348	-802.833	1001.346	31.52	-814.581	927.033	104.534	-894.65	831.131	388.16	-837.013	828.908	307.508	-819.628	875.944	54.557	-1277.297	899.985	44.501	-1205.413	986.467	37.42	-1275.015	790.653	612.763	-879.362	791.675	695.736	-875.635	835.857	692.166	-830.147	1030.871	656.712	-1156.031	976.361	647.998	-1189.318	977.416	565.08	-1182.291	987.505	390.249	-1205.01	1002.97	303.981	-1210.57	1046.695	399.428	-1181.812	882.91	395.916	-801.658	884.906	309.815	-785.181	1062.08	317.401	-1187.498	837.302	603.38	-834.245	1030.753	568.259	-1149.359	1098.279	32.232	-1172.686	1024.752	25.284	-1101.027	935.297	22.315	-780.078	956.5	27.32	-883.61
1568	7.835	922.412	1693.003	-992.046	930.6	1409.957	-817.291	1089.967	1400.323	-1089.717	898.142	1359.36	-1019.239	803.295	911.715	-932.996	926.627	931.499	-1134.618	1007.652	964.428	-953.507	1003.064	475.053	-1165.89	948.091	454.729	-1065.76	849.202	476.158	-846.821	885.5	456.773	-950.44	906.915	102.807	-808.707	726.808	56.371	-869.233	1104.916	34.373	-1104.207	990.187	103.237	-1115.315	1060.7	104.917	-1173.966	786.792	45.254	-908.006	793.455	46.324	-802.827	1001.345	31.509	-814.569	927.038	104.581	-894.634	831.153	388.151	-837.014	828.923	307.535	-819.628	875.937	54.553	-1277.292	899.967	44.505	-1205.404	986.46	37.43	-1275.026	790.652	612.806	-879.365	791.679	695.726	-875.626	835.869	692.174	-830.151	1030.856	656.708	-1156.028	976.354	647.98	-1189.311	977.422	565.035	-1182.264	987.487	390.272	-1204.995	1002.963	303.971	-1210.562	1046.708	399.44	-1181.81	882.926	395.937	-801.655	884.891	309.846	-785.203	1062.08	317.441	-1187.5	837.309	603.334	-834.231	1030.741	568.276	-1149.309	1098.261	32.199	-1172.692	1024.776	25.292	-1101.009	935.326	22.309	-780.089	956.48	27.319	-883.601
1569	7.84	922.396	1692.989	-992.06	930.598	1409.979	-817.264	1089.978	1400.328	-1089.73	898.102	1359.364	-1019.24	803.276	911.717	-933.009	926.627	931.495	-1134.637	1007.651	964.447	-953.486	1003.072	475.077	-1165.885	948.096	454.71	-1065.721	849.205	476.259	-846.905	885.48	456.727	-950.435	906.936	102.772	-808.724	726.837	56.381	-869.211	1104.897	34.401	-1104.181	990.182	103.208	-1115.308	1060.622	104.9	-1173.966	786.781	45.238	-907.992	793.419	46.361	-802.809	1001.338	31.464	-814.578	927.022	104.546	-894.626	831.165	388.208	-836.969	828.92	307.543	-819.644	875.965	54.542	-1277.297	899.993	44.485	-1205.394	986.45	37.472	-1275.015	790.669	612.782	-879.364	791.685	695.714	-875.612	835.893	692.171	-830.146	1030.878	656.714	-1155.997	976.376	647.963	-1189.329	977.406	565.003	-1182.26	987.487	390.231	-1204.998	1002.966	303.996	-1210.581	1046.686	399.452	-1181.807	882.942	395.95	-801.666	884.914	309.833	-785.197	1062.06	317.416	-1187.503	837.302	603.361	-834.204	1030.734	568.264	-1149.292	1098.283	32.244	-1172.684	1024.778	25.311	-1100.985	935.283	22.302	-780.064	956.448	27.4	-883.67
1570	7.845	922.373	1692.988	-992.053	930.58	1409.961	-817.271	1089.948	1400.329	-1089.699	898.103	1359.352	-1019.221	803.289	911.714	-933.006	926.597	931.502	-1134.653	1007.612	964.47	-953.535	1003.074	475.068	-1165.869	948.08	454.742	-1065.75	848.909	476.329	-847.363	885.509	456.76	-950.428	906.933	102.8	-808.699	726.827	56.41	-869.175	1104.899	34.403	-1104.195	990.17	103.228	-1115.312	1060.629	104.92	-1174.016	786.813	45.248	-907.991	793.445	46.341	-802.805	1001.33	31.497	-814.58	927.041	104.537	-894.632	831.174	388.189	-836.951	828.917	307.514	-819.612	875.948	54.509	-1277.278	899.994	44.515	-1205.403	986.43	37.482	-1275.038	790.664	612.776	-879.365	791.693	695.716	-875.61	835.883	692.141	-830.149	1030.843	656.723	-1155.983	976.348	648.008	-1189.326	977.421	565.035	-1182.281	987.478	390.258	-1205.008	1002.944	304.007	-1210.556	1046.696	399.466	-1181.832	882.918	395.972	-801.657	884.906	309.863	-785.193	1062.065	317.418	-1187.486	837.329	603.358	-834.191	1030.727	568.32	-1149.361	1098.251	32.244	-1172.696	1024.758	25.306	-1101.018	935.296	22.308	-780.085	956.491	27.336	-883.635
1571	7.85	922.367	1692.993	-992.022	930.582	1409.944	-817.242	1089.934	1400.334	-1089.688	898.414	1359.233	-1019.082	803.291	911.731	-933.008	926.581	931.502	-1134.643	1007.641	964.453	-953.54	1003.075	475.067	-1165.868	948.083	454.724	-1065.764	848.957	476.377	-847.349	885.454	456.756	-950.44	906.917	102.801	-808.716	726.843	56.391	-869.147	1104.889	34.367	-1104.176	990.198	103.245	-1115.316	1060.622	104.961	-1173.96	786.817	45.232	-907.974	793.455	46.346	-802.814	1001.369	31.507	-814.585	927.035	104.561	-894.615	831.175	388.188	-836.956	828.915	307.553	-819.608	875.948	54.502	-1277.285	899.984	44.528	-1205.418	986.452	37.461	-1275.026	790.646	612.782	-879.332	791.681	695.696	-875.597	835.887	692.171	-830.12	1030.85	656.703	-1156.008	976.326	648.002	-1189.326	977.411	565.018	-1182.252	987.484	390.252	-1205.002	1002.971	304.021	-1210.582	1046.691	399.462	-1181.812	882.93	395.967	-801.664	884.892	309.896	-785.183	1062.04	317.418	-1187.48	837.317	603.386	-834.182	1030.73	568.331	-1149.319	1098.271	32.201	-1172.694	1024.784	25.293	-1101.008	935.315	22.323	-780.078	956.468	27.323	-883.634
1572	7.855	922.317	1693.004	-992.024	930.546	1409.91	-817.279	1089.932	1400.336	-1089.68	898.088	1359.35	-1019.228	803.279	911.726	-933.02	926.567	931.491	-1134.636	1007.639	964.489	-953.552	1003.06	475.045	-1165.869	948.034	454.746	-1065.771	848.53	476.232	-847.79	885.468	456.754	-950.455	906.939	102.821	-808.689	726.871	56.383	-869.155	1104.911	34.382	-1104.195	990.169	103.222	-1115.333	1060.639	104.941	-1173.995	786.824	45.244	-907.953	793.455	46.335	-802.797	1001.352	31.528	-814.574	927.001	104.597	-894.629	831.156	388.223	-836.91	828.909	307.552	-819.623	875.963	54.528	-1277.299	899.975	44.523	-1205.392	986.482	37.432	-1275.011	790.649	612.778	-879.352	791.687	695.74	-875.573	835.887	692.159	-830.115	1030.846	656.72	-1156.017	976.324	648.007	-1189.349	977.386	565.03	-1182.245	987.467	390.262	-1205.016	1002.939	303.988	-1210.563	1046.664	399.499	-1181.834	882.936	395.964	-801.695	884.893	309.868	-785.195	1062.044	317.426	-1187.499	837.293	603.339	-834.185	1030.725	568.269	-1149.338	1098.264	32.241	-1172.686	1024.793	25.305	-1101.002	935.282	22.33	-780.081	956.492	27.321	-883.629
1573	7.86	922.31	1692.993	-992.008	930.61	1409.939	-817.255	1089.916	1400.333	-1089.682	898.055	1359.337	-1019.207	803.248	911.711	-933.004	926.56	931.503	-1134.642	1007.631	964.463	-953.538	1003.03	475.104	-1165.925	948.035	454.731	-1065.781	848.509	476.213	-847.806	885.474	456.783	-950.455	906.923	102.858	-808.718	726.865	56.382	-869.143	1104.901	34.4	-1104.198	990.158	103.23	-1115.307	1060.668	105.1	-1173.988	786.815	45.255	-907.987	793.425	46.361	-802.801	1001.359	31.531	-814.594	927.027	104.562	-894.623	831.15	388.246	-836.911	828.895	307.522	-819.633	875.962	54.522	-1277.265	899.978	44.5	-1205.389	986.45	37.45	-1275.027	790.647	612.781	-879.335	791.665	695.715	-875.559	835.889	692.161	-830.111	1030.835	656.716	-1156.049	976.326	648.006	-1189.334	977.371	565.011	-1182.271	987.444	390.264	-1205.018	1002.932	304.004	-1210.583	1046.635	399.457	-1181.847	882.921	395.964	-801.692	884.893	309.901	-785.196	1062.03	317.39	-1187.494	837.339	603.362	-834.164	1030.707	568.364	-1149.325	1098.284	32.178	-1172.68	1024.786	25.321	-1100.996	935.319	22.32	-780.085	956.473	27.371	-883.648
1574	7.865	922.284	1693.017	-992	930.559	1409.919	-817.255	1089.908	1400.348	-1089.69	898.065	1359.353	-1019.21	803.261	911.736	-932.991	926.542	931.495	-1134.635	1007.569	964.425	-953.555	1003.023	475.085	-1165.929	948.028	454.719	-1065.807	848.502	476.244	-847.83	885.415	456.762	-950.469	906.899	102.823	-808.721	726.868	56.38	-869.108	1104.915	34.374	-1104.19	990.185	103.268	-1115.299	1060.564	104.893	-1174.018	786.836	45.234	-907.953	793.454	46.349	-802.803	1001.36	31.497	-814.606	927.054	104.548	-894.643	831.194	388.17	-836.881	828.896	307.544	-819.633	875.95	54.531	-1277.287	899.995	44.49	-1205.386	986.479	37.466	-1275.036	790.626	612.789	-879.32	791.664	695.729	-875.588	835.88	692.165	-830.117	1030.827	656.719	-1156.039	976.317	647.978	-1189.346	977.348	565.023	-1182.281	987.427	390.21	-1205.014	1002.932	304.002	-1210.588	1046.643	399.458	-1181.849	882.874	395.955	-801.686	884.881	309.891	-785.177	1062.019	317.4	-1187.519	837.295	603.389	-834.147	1030.714	568.287	-1149.377	1098.27	32.203	-1172.657	1024.78	25.331	-1100.999	935.322	22.344	-780.069	956.467	27.334	-883.613
1575	7.87	922.271	1693	-991.996	930.57	1409.927	-817.259	1089.906	1400.327	-1089.662	898.045	1359.333	-1019.197	803.26	911.721	-932.984	926.52	931.5	-1134.654	1007.599	964.448	-953.564	1002.994	475.122	-1165.935	948.053	454.725	-1065.784	848.462	476.212	-847.83	885.447	456.735	-950.459	907.145	103.238	-808.469	726.859	56.347	-869.117	1104.899	34.382	-1104.192	990.18	103.244	-1115.313	1060.73	105.14	-1173.953	786.826	45.237	-907.934	793.431	46.348	-802.797	1001.341	31.524	-814.59	927.035	104.562	-894.646	831.204	388.181	-836.857	828.877	307.523	-819.626	875.966	54.541	-1277.296	899.981	44.503	-1205.398	986.449	37.429	-1275.03	790.623	612.765	-879.308	791.651	695.704	-875.565	835.862	692.156	-830.107	1030.813	656.725	-1156.048	976.28	647.979	-1189.368	977.344	565.033	-1182.297	987.418	390.228	-1205.033	1002.934	304.002	-1210.62	1046.624	399.458	-1181.863	882.873	395.938	-801.678	884.885	309.841	-785.232	1062.022	317.408	-1187.538	837.31	603.375	-834.153	1030.692	568.289	-1149.352	1098.273	32.156	-1172.648	1024.784	25.301	-1101.005	935.27	22.316	-780.076	956.466	27.317	-883.602
1576	7.875	922.254	1693.023	-991.981	930.587	1409.896	-817.235	1089.885	1400.329	-1089.673	898.03	1359.308	-1019.208	803.255	911.708	-932.983	926.526	931.456	-1134.626	1007.57	964.423	-953.546	1003.007	475.079	-1165.923	948.039	454.703	-1065.792	848.489	476.201	-847.818	885.361	456.721	-950.479	906.942	102.79	-808.735	726.866	56.352	-869.093	1104.88	34.373	-1104.181	990.195	103.207	-1115.274	1060.683	104.965	-1173.95	786.834	45.243	-907.949	793.435	46.346	-802.808	1001.339	31.489	-814.582	927.043	104.594	-894.629	831.175	388.164	-836.858	828.85	307.512	-819.651	875.973	54.491	-1277.284	899.995	44.484	-1205.433	986.475	37.439	-1275.019	790.601	612.762	-879.299	791.634	695.714	-875.581	835.85	692.159	-830.096	1030.764	656.701	-1156.11	976.261	647.96	-1189.372	977.297	565.019	-1182.302	987.423	390.209	-1205.038	1002.921	304	-1210.619	1046.603	399.429	-1181.868	882.858	395.921	-801.709	884.894	309.842	-785.191	1062.013	317.385	-1187.548	837.286	603.344	-834.144	1030.68	568.316	-1149.48	1098.251	32.212	-1172.715	1024.767	25.315	-1101.004	935.305	22.342	-780.072	956.489	27.304	-883.61
1577	7.88	922.235	1693.002	-991.974	930.569	1409.898	-817.256	1089.878	1400.31	-1089.656	898.016	1359.333	-1019.193	803.254	911.743	-932.989	926.519	931.475	-1134.63	1007.57	964.416	-953.602	1002.98	475.053	-1165.936	948.036	454.698	-1065.809	848.435	476.184	-847.808	885.386	456.729	-950.506	906.917	102.819	-808.722	726.877	56.345	-869.089	1104.885	34.425	-1104.206	990.196	103.178	-1115.252	1060.668	105.127	-1174.025	786.821	45.242	-907.952	793.438	46.365	-802.814	1001.372	31.521	-814.582	926.989	104.555	-894.654	831.176	388.132	-836.827	828.84	307.526	-819.655	875.958	54.505	-1277.266	900.004	44.468	-1205.401	986.462	37.499	-1275.049	790.59	612.78	-879.332	791.623	695.704	-875.599	835.849	692.173	-830.105	1030.768	656.698	-1156.127	976.231	647.982	-1189.376	977.312	565.012	-1182.315	987.393	390.214	-1205.047	1002.891	303.993	-1210.628	1046.628	399.425	-1181.887	882.859	395.922	-801.715	884.847	309.86	-785.216	1062.012	317.404	-1187.571	837.274	603.372	-834.12	1030.643	568.273	-1149.427	1098.252	32.236	-1172.694	1024.783	25.31	-1101.007	935.319	22.343	-780.056	956.475	27.291	-883.6
1578	7.885	922.223	1693.011	-991.95	930.576	1409.91	-817.248	1089.858	1400.336	-1089.663	898.005	1359.333	-1019.206	803.248	911.688	-932.968	926.488	931.479	-1134.641	1007.577	964.462	-953.584	1002.968	475.046	-1165.966	948.044	454.737	-1065.825	848.434	476.194	-847.857	885.448	456.726	-950.466	906.932	102.814	-808.702	726.876	56.331	-869.104	1104.911	34.419	-1104.203	990.174	103.251	-1115.314	1060.676	104.997	-1173.98	786.82	45.226	-907.937	793.437	46.344	-802.815	1001.339	31.494	-814.593	927.04	104.565	-894.65	831.215	388.142	-836.816	828.822	307.5	-819.661	875.949	54.535	-1277.288	899.979	44.488	-1205.406	986.474	37.451	-1275.039	790.565	612.796	-879.321	791.612	695.711	-875.587	835.85	692.196	-830.105	1030.783	656.706	-1156.117	976.224	647.957	-1189.384	977.302	565.039	-1182.347	987.42	390.216	-1205.067	1002.884	303.984	-1210.637	1046.607	399.451	-1181.903	882.855	395.941	-801.708	884.811	309.871	-785.217	1061.998	317.406	-1187.572	837.265	603.374	-834.121	1030.635	568.27	-1149.47	1098.26	32.221	-1172.696	1024.769	25.334	-1101.019	935.34	22.364	-780.092	956.475	27.277	-883.57
1579	7.89	922.197	1693.008	-991.955	930.572	1409.896	-817.234	1089.846	1400.34	-1089.656	898.009	1359.305	-1019.186	803.211	911.712	-932.98	926.501	931.509	-1134.664	1007.59	964.405	-953.564	1002.958	475.032	-1165.964	948.059	454.735	-1065.831	848.393	476.186	-847.866	885.384	456.688	-950.496	906.934	102.816	-808.745	726.876	56.344	-869.086	1104.906	34.383	-1104.205	990.182	103.223	-1115.277	1060.697	104.984	-1173.995	786.839	45.224	-907.929	793.447	46.359	-802.814	1001.323	31.483	-814.601	927.017	104.533	-894.653	831.199	388.15	-836.784	828.833	307.486	-819.674	875.971	54.489	-1277.277	899.971	44.482	-1205.413	986.469	37.43	-1275.028	790.536	612.765	-879.341	791.589	695.707	-875.592	835.806	692.17	-830.13	1030.747	656.718	-1156.153	976.199	647.994	-1189.415	977.274	565.021	-1182.343	987.395	390.215	-1205.072	1002.885	304.004	-1210.638	1046.58	399.456	-1181.931	882.862	395.93	-801.718	884.857	309.842	-785.222	1061.999	317.374	-1187.562	837.262	603.393	-834.111	1030.643	568.322	-1149.497	1098.286	32.191	-1172.685	1024.75	25.331	-1101.006	935.343	22.306	-780.078	956.479	27.309	-883.616
1580	7.895	922.182	1692.995	-991.935	930.591	1409.872	-817.253	1089.846	1400.333	-1089.661	897.999	1359.316	-1019.218	803.199	911.704	-932.997	926.477	931.488	-1134.662	1007.572	964.376	-953.59	1002.967	475.036	-1165.96	948.024	454.77	-1065.829	848.436	476.198	-847.854	885.362	456.751	-950.523	906.943	102.823	-808.723	726.893	56.31	-869.072	1104.885	34.407	-1104.189	990.153	103.234	-1115.288	1060.487	104.803	-1174.105	786.855	45.228	-907.951	793.446	46.347	-802.806	1001.361	31.515	-814.6	927.018	104.535	-894.654	831.196	388.139	-836.775	828.835	307.501	-819.655	875.968	54.507	-1277.28	899.977	44.516	-1205.393	986.487	37.431	-1275.016	790.533	612.768	-879.352	791.581	695.729	-875.625	835.801	692.14	-830.149	1030.717	656.718	-1156.17	976.178	647.952	-1189.382	977.264	565.019	-1182.353	987.39	390.222	-1205.097	1002.881	303.986	-1210.634	1046.598	399.442	-1181.92	882.839	395.931	-801.7	884.814	309.87	-785.256	1061.97	317.421	-1187.558	837.236	603.362	-834.112	1030.631	568.31	-1149.531	1098.272	32.187	-1172.676	1024.784	25.297	-1100.985	935.316	22.315	-780.104	956.463	27.299	-883.59
1581	7.9	922.183	1693.006	-991.902	930.599	1409.902	-817.226	1089.83	1400.317	-1089.682	897.984	1359.312	-1019.19	803.187	911.672	-932.951	926.462	931.518	-1134.688	1007.572	964.405	-953.611	1002.942	475.051	-1165.977	948.021	454.752	-1065.833	848.444	476.18	-847.854	885.343	456.736	-950.536	906.91	102.831	-808.71	726.904	56.318	-869.087	1104.895	34.398	-1104.195	990.192	103.224	-1115.263	1060.808	105.036	-1173.897	786.846	45.222	-907.94	793.443	46.361	-802.794	1001.332	31.516	-814.58	927.004	104.517	-894.672	831.259	388.159	-836.747	828.828	307.494	-819.651	875.951	54.544	-1277.29	899.998	44.488	-1205.413	986.484	37.442	-1275.029	790.535	612.768	-879.363	791.566	695.72	-875.612	835.772	692.143	-830.146	1030.729	656.681	-1156.166	976.165	647.97	-1189.428	977.235	564.977	-1182.346	987.391	390.239	-1205.099	1002.864	304.011	-1210.652	1046.584	399.466	-1181.938	882.853	395.928	-801.708	884.848	309.876	-785.234	1061.978	317.443	-1187.592	837.237	603.386	-834.134	1030.614	568.296	-1149.512	1098.275	32.238	-1172.721	1024.789	25.327	-1101.006	935.302	22.325	-780.096	956.468	27.298	-883.623
1582	7.905	922.176	1692.983	-991.9	930.595	1409.865	-817.233	1089.813	1400.332	-1089.673	897.989	1359.29	-1019.182	803.168	911.719	-933.005	926.438	931.525	-1134.679	1007.527	964.405	-953.638	1002.921	475.071	-1165.988	948.054	454.722	-1065.835	848.452	476.159	-847.851	885.386	456.734	-950.49	906.928	102.816	-808.686	726.892	56.34	-869.072	1104.901	34.399	-1104.203	990.157	103.261	-1115.297	1060.734	105.048	-1173.982	786.842	45.261	-907.905	793.443	46.339	-802.789	1001.339	31.515	-814.587	927.008	104.516	-894.662	831.219	388.185	-836.719	828.838	307.477	-819.654	875.963	54.516	-1277.279	899.99	44.509	-1205.406	986.476	37.48	-1275.058	790.509	612.754	-879.397	791.546	695.703	-875.625	835.779	692.142	-830.17	1030.7	656.746	-1156.204	976.159	647.953	-1189.418	977.223	565.035	-1182.384	987.374	390.262	-1205.116	1002.869	304.041	-1210.659	1046.586	399.429	-1181.904	882.843	395.94	-801.721	884.834	309.87	-785.234	1061.996	317.426	-1187.6	837.216	603.375	-834.095	1030.578	568.341	-1149.585	1098.29	32.179	-1172.668	1024.797	25.322	-1100.99	935.347	22.313	-780.092	956.469	27.269	-883.575
1583	7.91	922.163	1692.97	-991.856	930.589	1409.863	-817.223	1089.81	1400.332	-1089.687	897.978	1359.297	-1019.178	803.147	911.696	-932.995	926.424	931.502	-1134.683	1007.533	964.392	-953.591	1002.921	475.055	-1165.988	948.006	454.73	-1065.853	848.431	476.211	-847.873	885.407	456.715	-950.51	906.956	102.815	-808.719	726.896	56.328	-869.067	1104.908	34.398	-1104.21	990.159	103.282	-1115.275	1060.627	105.012	-1173.999	786.846	45.219	-907.901	793.466	46.35	-802.806	1001.343	31.551	-814.584	927.034	104.592	-894.644	831.291	388.174	-836.683	828.809	307.522	-819.694	875.958	54.516	-1277.262	899.991	44.502	-1205.406	986.462	37.431	-1275.04	790.511	612.761	-879.385	791.524	695.689	-875.646	835.752	692.155	-830.156	1030.673	656.722	-1156.182	976.152	647.958	-1189.405	977.224	565.033	-1182.375	987.369	390.224	-1205.092	1002.866	304.005	-1210.658	1046.579	399.442	-1181.925	882.824	395.928	-801.723	884.852	309.849	-785.239	1061.973	317.441	-1187.609	837.212	603.408	-834.1	1030.577	568.285	-1149.481	1098.27	32.223	-1172.699	1024.825	25.318	-1100.993	935.316	22.343	-780.078	956.478	27.303	-883.595
1584	7.915	922.136	1692.988	-991.841	930.571	1409.84	-817.212	1089.807	1400.322	-1089.666	897.947	1359.282	-1019.173	803.146	911.696	-933.02	926.388	931.516	-1134.694	1007.521	964.422	-953.647	1002.922	475.03	-1165.972	948.009	454.732	-1065.825	848.445	476.204	-847.854	885.354	456.715	-950.504	907.17	103.196	-808.475	726.873	56.331	-869.061	1104.89	34.413	-1104.201	990.19	103.205	-1115.27	1060.567	104.793	-1174.015	786.84	45.235	-907.927	793.442	46.353	-802.815	1001.339	31.511	-814.59	926.998	104.548	-894.656	831.314	388.18	-836.697	828.822	307.513	-819.65	875.96	54.477	-1277.277	899.983	44.507	-1205.425	986.49	37.467	-1275.035	790.492	612.746	-879.374	791.522	695.692	-875.641	835.724	692.159	-830.165	1030.668	656.723	-1156.191	976.113	647.96	-1189.43	977.209	565.029	-1182.391	987.362	390.244	-1205.109	1002.836	304	-1210.639	1046.557	399.438	-1181.94	882.818	395.933	-801.735	884.864	309.802	-785.259	1061.962	317.433	-1187.608	837.208	603.368	-834.103	1030.567	568.263	-1149.519	1098.253	32.196	-1172.685	1024.788	25.357	-1100.978	935.343	22.297	-780.095	956.481	27.298	-883.599
1585	7.92	922.129	1692.978	-991.833	930.572	1409.846	-817.234	1089.794	1400.31	-1089.672	897.97	1359.274	-1019.172	803.122	911.7	-933.03	926.376	931.521	-1134.708	1007.465	964.391	-953.623	1002.898	475.067	-1165.985	947.98	454.718	-1065.849	848.443	476.178	-847.83	885.353	456.733	-950.521	907.141	103.211	-808.474	726.889	56.358	-869.059	1104.889	34.407	-1104.207	990.14	103.3	-1115.33	1060.622	104.935	-1174.006	786.841	45.256	-907.906	793.449	46.363	-802.81	1001.32	31.485	-814.582	927.021	104.525	-894.641	831.304	388.2	-836.648	828.842	307.512	-819.667	875.963	54.492	-1277.266	899.982	44.506	-1205.424	986.448	37.436	-1275.035	790.495	612.758	-879.378	791.515	695.684	-875.655	835.724	692.143	-830.163	1030.68	656.705	-1156.16	976.132	647.958	-1189.42	977.17	565.029	-1182.392	987.365	390.237	-1205.086	1002.867	304.001	-1210.646	1046.569	399.452	-1181.939	882.803	395.924	-801.747	884.847	309.886	-785.243	1061.936	317.415	-1187.582	837.22	603.362	-834.114	1030.564	568.254	-1149.504	1098.257	32.231	-1172.704	1024.766	25.305	-1101.017	935.316	22.315	-780.103	956.458	27.311	-883.605
1586	7.925	922.109	1692.942	-991.784	930.601	1409.848	-817.192	1089.794	1400.309	-1089.664	897.969	1359.256	-1019.172	803.12	911.668	-933.043	926.352	931.522	-1134.725	1007.476	964.423	-953.617	1002.877	475.042	-1165.992	947.957	454.733	-1065.857	848.426	476.188	-847.894	885.332	456.72	-950.508	906.905	102.824	-808.705	726.9	56.35	-869.054	1104.889	34.447	-1104.217	990.145	103.267	-1115.277	1060.61	104.925	-1174.012	786.854	45.243	-907.897	793.442	46.352	-802.826	1001.335	31.531	-814.579	927.027	104.548	-894.65	831.298	388.175	-836.628	828.814	307.507	-819.682	875.948	54.499	-1277.268	899.945	44.547	-1205.412	986.452	37.45	-1275.06	790.468	612.757	-879.422	791.503	695.672	-875.673	835.71	692.148	-830.182	1030.643	656.703	-1156.172	976.093	647.959	-1189.433	977.184	565.006	-1182.368	987.334	390.212	-1205.092	1002.852	304.016	-1210.656	1046.555	399.467	-1181.941	882.795	395.93	-801.752	884.802	309.843	-785.248	1061.974	317.415	-1187.592	837.202	603.385	-834.086	1030.516	568.27	-1149.49	1098.269	32.237	-1172.682	1024.772	25.311	-1100.975	935.339	22.366	-780.06	956.478	27.314	-883.621
1587	7.93	922.097	1692.955	-991.782	930.577	1409.852	-817.215	1089.8	1400.304	-1089.664	897.96	1359.261	-1019.144	803.096	911.697	-933.045	926.323	931.543	-1134.745	1007.461	964.394	-953.645	1002.864	475.075	-1165.995	947.964	454.724	-1065.896	848.404	476.176	-847.887	885.326	456.671	-950.545	906.949	102.803	-808.722	726.915	56.315	-869.048	1104.87	34.411	-1104.214	990.154	103.29	-1115.264	1060.586	104.852	-1174.014	786.855	45.252	-907.909	793.461	46.342	-802.818	1001.361	31.578	-814.586	927.038	104.545	-894.686	831.301	388.199	-836.648	828.796	307.516	-819.697	875.975	54.494	-1277.258	899.967	44.512	-1205.413	986.452	37.431	-1275.053	790.46	612.735	-879.43	791.473	695.688	-875.684	835.709	692.138	-830.199	1030.653	656.714	-1156.169	976.095	647.973	-1189.456	977.188	565.007	-1182.364	987.318	390.195	-1205.091	1002.833	303.995	-1210.658	1046.55	399.484	-1181.951	882.808	395.927	-801.742	884.84	309.852	-785.252	1061.936	317.422	-1187.574	837.224	603.392	-834.075	1030.534	568.253	-1149.468	1098.248	32.196	-1172.67	1024.768	25.299	-1101	935.374	22.324	-780.111	956.475	27.318	-883.635
1588	7.935	922.073	1692.955	-991.774	930.58	1409.828	-817.216	1089.799	1400.302	-1089.65	897.975	1359.248	-1019.148	803.081	911.678	-933.067	926.323	931.56	-1134.783	1007.439	964.431	-953.666	1002.884	475.05	-1165.993	947.931	454.73	-1065.855	848.35	476.175	-847.933	885.291	456.71	-950.526	906.966	102.838	-808.725	726.895	56.314	-869.05	1104.906	34.422	-1104.215	990.132	103.237	-1115.281	1060.644	104.991	-1173.969	786.864	45.218	-907.908	793.444	46.337	-802.812	1001.337	31.55	-814.586	927.023	104.508	-894.657	831.293	388.201	-836.645	828.78	307.525	-819.704	875.967	54.488	-1277.288	899.973	44.495	-1205.421	986.468	37.466	-1275.031	790.46	612.737	-879.457	791.444	695.699	-875.684	835.681	692.138	-830.19	1030.62	656.708	-1156.188	976.101	647.935	-1189.438	977.169	564.99	-1182.354	987.351	390.238	-1205.12	1002.826	303.988	-1210.665	1046.53	399.468	-1181.935	882.782	395.93	-801.753	884.795	309.882	-785.256	1061.93	317.414	-1187.596	837.186	603.408	-834.071	1030.512	568.292	-1149.467	1098.266	32.203	-1172.68	1024.766	25.312	-1100.992	935.323	22.333	-780.1	956.48	27.324	-883.621
1589	7.94	922.063	1692.94	-991.761	930.586	1409.848	-817.196	1089.814	1400.3	-1089.641	897.986	1359.237	-1019.135	803.062	911.678	-933.079	926.293	931.524	-1134.752	1007.391	964.389	-953.684	1002.869	475.07	-1166.002	947.949	454.735	-1065.881	848.359	476.184	-847.906	885.315	456.736	-950.539	906.933	102.854	-808.733	726.914	56.333	-869.062	1104.891	34.422	-1104.21	990.157	103.22	-1115.248	1060.723	104.993	-1173.947	786.88	45.241	-907.903	793.434	46.359	-802.839	1001.37	31.541	-814.603	927.043	104.551	-894.668	831.332	388.181	-836.627	828.785	307.513	-819.684	875.973	54.49	-1277.25	899.963	44.508	-1205.423	986.419	37.466	-1275.047	790.441	612.765	-879.453	791.452	695.691	-875.717	835.675	692.16	-830.22	1030.619	656.697	-1156.163	976.094	647.965	-1189.454	977.16	565.011	-1182.39	987.32	390.242	-1205.113	1002.819	303.96	-1210.651	1046.55	399.457	-1181.939	882.778	395.958	-801.76	884.792	309.858	-785.269	1061.918	317.41	-1187.561	837.171	603.407	-834.052	1030.503	568.268	-1149.48	1098.276	32.224	-1172.683	1024.781	25.299	-1101.022	935.366	22.39	-780.063	956.458	27.312	-883.611
1590	7.945	922.043	1692.93	-991.748	930.598	1409.836	-817.198	1089.809	1400.279	-1089.629	897.995	1359.226	-1019.122	803.045	911.666	-933.081	926.285	931.536	-1134.783	1007.393	964.408	-953.687	1002.88	475.024	-1165.972	947.914	454.721	-1065.877	848.345	476.153	-847.934	885.304	456.722	-950.543	906.918	102.809	-808.72	726.88	56.327	-869.069	1104.897	34.408	-1104.193	990.142	103.236	-1115.266	1060.718	105.035	-1173.94	786.873	45.248	-907.909	793.439	46.357	-802.825	1001.341	31.499	-814.623	927.044	104.551	-894.629	831.335	388.187	-836.597	828.783	307.506	-819.712	875.981	54.418	-1277.231	899.961	44.504	-1205.429	986.468	37.41	-1275.032	790.424	612.747	-879.456	791.457	695.688	-875.727	835.626	692.144	-830.221	1030.606	656.722	-1156.159	976.083	647.935	-1189.46	977.169	564.984	-1182.38	987.337	390.23	-1205.093	1002.826	303.983	-1210.638	1046.521	399.466	-1181.935	882.766	395.932	-801.761	884.768	309.881	-785.239	1061.918	317.397	-1187.573	837.161	603.436	-834.053	1030.496	568.24	-1149.471	1098.237	32.219	-1172.706	1024.779	25.311	-1100.99	935.32	22.351	-780.076	956.479	27.3	-883.611
1591	7.95	922.023	1692.923	-991.714	930.608	1409.831	-817.173	1089.82	1400.277	-1089.607	897.979	1359.238	-1019.125	803.039	911.699	-933.099	926.27	931.53	-1134.788	1007.384	964.342	-953.69	1002.889	475.045	-1165.982	947.908	454.698	-1065.879	848.39	476.165	-847.893	885.275	456.67	-950.565	906.937	102.814	-808.737	726.896	56.317	-869.086	1104.883	34.424	-1104.207	990.152	103.269	-1115.325	1060.629	104.991	-1173.948	786.868	45.239	-907.891	793.445	46.357	-802.824	1001.364	31.538	-814.611	927.026	104.592	-894.64	831.282	388.193	-836.622	828.778	307.509	-819.7	875.976	54.447	-1277.261	899.975	44.464	-1205.421	986.457	37.442	-1275.044	790.41	612.753	-879.446	791.429	695.662	-875.717	835.648	692.125	-830.237	1030.61	656.691	-1156.18	976.06	647.948	-1189.469	977.163	564.989	-1182.388	987.322	390.196	-1205.107	1002.794	303.96	-1210.642	1046.525	399.468	-1181.934	882.768	395.948	-801.761	884.811	309.866	-785.266	1061.903	317.409	-1187.597	837.172	603.436	-834.025	1030.484	568.264	-1149.467	1098.242	32.212	-1172.684	1024.735	25.309	-1101.007	935.327	22.319	-780.104	956.471	27.28	-883.607
1592	7.955	922.01	1692.946	-991.704	930.626	1409.822	-817.15	1089.823	1400.282	-1089.602	898.015	1359.224	-1019.107	803.001	911.699	-933.107	926.257	931.538	-1134.817	1007.369	964.435	-953.707	1002.851	475.042	-1165.995	947.903	454.721	-1065.891	848.332	476.184	-847.937	885.312	456.737	-950.54	906.898	102.834	-808.723	726.884	56.314	-869.068	1104.877	34.401	-1104.179	990.159	103.224	-1115.273	1060.548	104.878	-1174.026	786.863	45.248	-907.918	793.443	46.346	-802.815	1001.358	31.549	-814.603	927.017	104.565	-894.671	831.331	388.172	-836.589	828.781	307.504	-819.717	875.983	54.47	-1277.252	899.964	44.519	-1205.424	986.454	37.448	-1275.054	790.404	612.763	-879.462	791.416	695.668	-875.725	835.605	692.154	-830.225	1030.624	656.738	-1156.183	976.067	647.947	-1189.46	977.15	565.001	-1182.393	987.306	390.21	-1205.11	1002.82	303.993	-1210.697	1046.545	399.469	-1181.929	882.767	395.937	-801.747	884.786	309.861	-785.26	1061.913	317.409	-1187.576	837.143	603.447	-834.027	1030.47	568.272	-1149.454	1098.241	32.202	-1172.689	1024.767	25.293	-1101.016	935.314	22.34	-780.087	956.433	27.296	-883.615
1593	7.96	921.997	1692.944	-991.697	930.628	1409.801	-817.164	1089.865	1400.26	-1089.588	898.007	1359.227	-1019.116	802.994	911.68	-933.108	926.229	931.556	-1134.831	1007.328	964.418	-953.695	1002.858	475.068	-1166.009	947.91	454.731	-1065.873	848.338	476.168	-847.896	885.294	456.721	-950.553	906.93	102.782	-808.755	726.915	56.315	-869.054	1104.879	34.428	-1104.2	990.143	103.233	-1115.25	1060.652	105.101	-1173.954	786.854	45.208	-907.9	793.44	46.309	-802.804	1001.379	31.57	-814.604	927.048	104.569	-894.623	831.269	388.131	-836.606	828.801	307.494	-819.695	875.989	54.432	-1277.245	899.954	44.509	-1205.434	986.462	37.483	-1275.038	790.377	612.746	-879.466	791.411	695.683	-875.732	835.626	692.147	-830.218	1030.598	656.709	-1156.18	976.039	647.96	-1189.488	977.125	565	-1182.416	987.315	390.211	-1205.119	1002.825	303.987	-1210.651	1046.534	399.456	-1181.915	882.748	395.933	-801.758	884.78	309.847	-785.283	1061.914	317.457	-1187.6	837.16	603.432	-834.001	1030.478	568.294	-1149.486	1098.26	32.218	-1172.689	1024.769	25.296	-1101.028	935.297	22.361	-780.076	956.477	27.308	-883.589
1594	7.965	922.01	1692.927	-991.684	930.652	1409.779	-817.155	1089.873	1400.277	-1089.561	897.989	1359.22	-1019.079	802.979	911.689	-933.142	926.204	931.542	-1134.827	1007.283	964.398	-953.716	1002.851	475.052	-1166.019	947.898	454.734	-1065.897	848.339	476.179	-847.916	885.312	456.705	-950.522	906.9	102.824	-808.742	726.866	56.314	-869.047	1104.88	34.416	-1104.2	990.122	103.229	-1115.306	1060.789	105.164	-1173.884	786.851	45.239	-907.903	793.455	46.34	-802.826	1001.336	31.535	-814.607	926.96	104.584	-894.647	831.293	388.138	-836.622	828.771	307.517	-819.692	876.005	54.418	-1277.236	899.973	44.491	-1205.407	986.457	37.459	-1275.053	790.392	612.767	-879.467	791.402	695.686	-875.757	835.605	692.149	-830.219	1030.599	656.742	-1156.221	976.035	647.96	-1189.488	977.139	564.984	-1182.413	987.3	390.207	-1205.109	1002.822	303.992	-1210.662	1046.53	399.446	-1181.921	882.761	395.923	-801.751	884.777	309.873	-785.249	1061.924	317.378	-1187.573	837.158	603.454	-834.016	1030.478	568.258	-1149.501	1098.258	32.212	-1172.684	1024.749	25.311	-1101.018	935.338	22.305	-780.111	956.444	27.311	-883.634
1595	7.97	921.988	1692.937	-991.65	930.638	1409.785	-817.143	1089.881	1400.24	-1089.517	898.008	1359.214	-1019.068	802.968	911.661	-933.121	926.202	931.553	-1134.835	1007.333	964.438	-953.722	1002.847	475.072	-1166.01	947.882	454.713	-1065.902	848.341	476.202	-847.921	885.28	456.762	-950.576	906.936	102.844	-808.723	726.892	56.319	-869.059	1104.875	34.387	-1104.193	990.119	103.259	-1115.289	1060.688	105.061	-1173.966	786.841	45.235	-907.898	793.449	46.343	-802.797	1001.365	31.539	-814.573	927.055	104.592	-894.655	831.233	388.193	-836.612	828.771	307.537	-819.692	875.989	54.434	-1277.238	899.993	44.496	-1205.425	986.457	37.443	-1275.042	790.357	612.781	-879.486	791.404	695.664	-875.758	835.575	692.161	-830.236	1030.591	656.746	-1156.224	976.004	647.936	-1189.501	977.151	565.013	-1182.419	987.31	390.216	-1205.104	1002.835	304.025	-1210.67	1046.52	399.444	-1181.928	882.765	395.969	-801.761	884.767	309.886	-785.262	1061.933	317.393	-1187.57	837.165	603.477	-834.015	1030.468	568.315	-1149.513	1098.244	32.232	-1172.705	1024.759	25.303	-1101.02	935.342	22.376	-780.103	956.45	27.333	-883.639
1596	7.975	921.988	1692.931	-991.665	930.669	1409.773	-817.138	1089.899	1400.242	-1089.527	898.008	1359.23	-1019.077	802.941	911.675	-933.129	926.181	931.557	-1134.83	1007.282	964.44	-953.743	1002.88	475.083	-1166.043	947.862	454.758	-1065.887	848.357	476.203	-847.879	885.282	456.731	-950.557	906.925	102.815	-808.757	726.909	56.323	-869.056	1104.882	34.404	-1104.2	990.139	103.298	-1115.331	1060.669	105.066	-1173.961	786.872	45.236	-907.9	793.443	46.342	-802.83	1001.354	31.563	-814.569	927.011	104.565	-894.655	831.264	388.146	-836.623	828.797	307.511	-819.704	876.009	54.424	-1277.24	899.969	44.472	-1205.429	986.461	37.46	-1275.028	790.358	612.761	-879.441	791.38	695.64	-875.756	835.588	692.118	-830.233	1030.578	656.725	-1156.24	976.022	647.939	-1189.511	977.141	564.989	-1182.417	987.332	390.209	-1205.131	1002.842	303.99	-1210.651	1046.529	399.448	-1181.91	882.766	395.958	-801.746	884.785	309.889	-785.261	1061.936	317.36	-1187.557	837.151	603.474	-833.963	1030.449	568.302	-1149.581	1098.251	32.241	-1172.692	1024.759	25.293	-1101.024	935.315	22.334	-780.121	956.458	27.321	-883.635
1597	7.98	921.992	1692.937	-991.632	930.662	1409.775	-817.115	1089.908	1400.222	-1089.486	898.012	1359.223	-1019.061	802.927	911.677	-933.138	926.16	931.555	-1134.828	1007.3	964.46	-953.734	1002.867	475.069	-1165.992	947.916	454.699	-1065.873	848.347	476.207	-847.897	885.282	456.736	-950.54	906.905	102.853	-808.743	726.915	56.328	-869.053	1104.857	34.402	-1104.197	990.168	103.222	-1115.277	1060.666	105.182	-1173.974	786.877	45.229	-907.891	793.445	46.345	-802.828	1001.345	31.514	-814.61	927.032	104.579	-894.639	831.26	388.197	-836.64	828.797	307.517	-819.668	876.022	54.425	-1277.236	899.974	44.529	-1205.433	986.48	37.472	-1275.056	790.359	612.78	-879.468	791.368	695.66	-875.771	835.588	692.137	-830.242	1030.573	656.726	-1156.259	976.009	647.963	-1189.52	977.124	565.011	-1182.434	987.333	390.209	-1205.123	1002.825	304.024	-1210.69	1046.544	399.437	-1181.926	882.797	395.928	-801.736	884.789	309.886	-785.262	1061.935	317.379	-1187.581	837.105	603.481	-833.936	1030.461	568.317	-1149.547	1098.232	32.22	-1172.68	1024.759	25.305	-1101.036	935.338	22.348	-780.123	956.452	27.348	-883.64
1598	7.985	921.999	1692.931	-991.616	930.696	1409.764	-817.111	1089.919	1400.246	-1089.482	898.053	1359.259	-1019.063	802.929	911.681	-933.151	926.145	931.549	-1134.833	1007.275	964.454	-953.776	1002.868	475.049	-1166.003	947.934	454.718	-1065.889	848.371	476.172	-847.868	885.262	456.708	-950.552	906.937	102.821	-808.727	726.894	56.339	-869.072	1104.896	34.417	-1104.225	990.153	103.266	-1115.276	1060.752	105.225	-1173.936	786.871	45.229	-907.883	793.443	46.342	-802.81	1001.325	31.529	-814.581	927.041	104.591	-894.657	831.215	388.228	-836.7	828.794	307.524	-819.685	876.026	54.445	-1277.224	899.992	44.49	-1205.439	986.466	37.428	-1275.02	790.318	612.803	-879.461	791.366	695.678	-875.774	835.6	692.146	-830.255	1030.573	656.709	-1156.249	976.003	647.974	-1189.535	977.121	564.984	-1182.435	987.339	390.195	-1205.143	1002.856	304	-1210.691	1046.524	399.452	-1181.945	882.778	395.944	-801.735	884.792	309.883	-785.277	1061.944	317.389	-1187.583	837.106	603.482	-833.975	1030.461	568.362	-1149.593	1098.254	32.205	-1172.689	1024.781	25.334	-1101.013	935.325	22.34	-780.098	956.467	27.328	-883.627
1599	7.99	921.99	1692.927	-991.594	930.716	1409.756	-817.071	1089.936	1400.223	-1089.458	898.025	1359.27	-1019.062	802.911	911.685	-933.139	926.141	931.57	-1134.827	1007.259	964.446	-953.748	1002.876	475.052	-1166.01	947.917	454.77	-1065.889	848.335	476.211	-847.898	885.335	456.728	-950.526	906.899	102.832	-808.732	726.921	56.3	-869.044	1104.895	34.417	-1104.183	990.151	103.318	-1115.34	1060.704	104.989	-1173.94	786.881	45.274	-907.911	793.447	46.365	-802.821	1001.372	31.562	-814.606	927.03	104.549	-894.599	831.176	388.138	-836.788	828.764	307.549	-819.668	876.012	54.449	-1277.226	899.997	44.531	-1205.435	986.468	37.449	-1275.045	790.316	612.801	-879.455	791.367	695.664	-875.78	835.579	692.155	-830.266	1030.566	656.765	-1156.3	975.984	647.976	-1189.545	977.109	565.004	-1182.423	987.342	390.226	-1205.151	1002.846	303.996	-1210.687	1046.533	399.454	-1181.983	882.791	395.964	-801.738	884.753	309.884	-785.247	1061.953	317.43	-1187.597	837.112	603.563	-833.935	1030.436	568.291	-1149.595	1098.247	32.232	-1172.709	1024.781	25.322	-1101.013	935.322	22.334	-780.101	956.457	27.341	-883.65
1600	7.995	922.012	1692.954	-991.592	930.714	1409.775	-817.1	1089.954	1400.211	-1089.451	898.032	1359.241	-1019.038	802.901	911.661	-933.152	926.126	931.581	-1134.856	1007.242	964.436	-953.776	1002.874	475.078	-1166.025	947.909	454.731	-1065.909	848.359	476.203	-847.874	885.364	456.743	-950.503	906.91	102.849	-808.729	726.913	56.332	-869.048	1104.895	34.415	-1104.21	990.171	103.234	-1115.297	1060.729	105.141	-1173.953	786.869	45.218	-907.875	793.454	46.365	-802.813	1001.353	31.509	-814.607	927.085	104.625	-894.616	831.101	388.221	-836.898	828.78	307.528	-819.695	876.031	54.421	-1277.211	899.986	44.522	-1205.428	986.495	37.455	-1275.058	790.301	612.776	-879.465	791.355	695.642	-875.774	835.565	692.168	-830.248	1030.555	656.74	-1156.292	975.957	647.98	-1189.536	977.113	565.004	-1182.461	987.324	390.235	-1205.132	1002.837	304.015	-1210.695	1046.545	399.458	-1181.98	882.774	395.965	-801.752	884.792	309.896	-785.251	1061.936	317.427	-1187.606	837.091	603.573	-833.918	1030.448	568.37	-1149.634	1098.249	32.22	-1172.705	1024.773	25.341	-1100.995	935.311	22.375	-780.084	956.504	27.299	-883.61
1601	8	922.02	1692.955	-991.541	930.749	1409.765	-817.083	1089.958	1400.229	-1089.441	898.037	1359.275	-1019.068	802.901	911.681	-933.158	926.107	931.559	-1134.858	1007.27	964.475	-953.786	1002.874	475.035	-1166.044	947.899	454.752	-1065.908	848.341	476.189	-847.892	885.289	456.714	-950.536	906.928	102.837	-808.727	726.899	56.33	-869.054	1104.913	34.41	-1104.212	990.152	103.223	-1115.265	1060.544	104.845	-1174.022	786.873	45.219	-907.885	793.451	46.366	-802.818	1001.336	31.534	-814.592	927.001	104.587	-894.638	830.546	388.177	-837.695	828.778	307.517	-819.684	876.05	54.39	-1277.214	899.983	44.525	-1205.411	986.494	37.458	-1275.046	790.283	612.812	-879.483	791.351	695.653	-875.782	835.569	692.146	-830.273	1030.547	656.715	-1156.301	975.989	647.983	-1189.536	977.1	565.008	-1182.45	987.342	390.224	-1205.149	1002.833	303.991	-1210.697	1046.539	399.462	-1181.986	882.733	395.956	-801.754	884.765	309.902	-785.275	1061.931	317.412	-1187.636	837.056	603.605	-833.908	1030.481	568.325	-1149.597	1098.255	32.246	-1172.696	1024.763	25.33	-1101.007	935.343	22.336	-780.104	956.486	27.318	-883.631
1602	8.005	922.041	1692.962	-991.55	930.73	1409.765	-817.093	1089.947	1400.19	-1089.404	898.043	1359.238	-1019.014	802.891	911.682	-933.14	926.092	931.553	-1134.863	1007.239	964.52	-953.783	1002.816	475.069	-1166.052	947.919	454.759	-1065.904	848.343	476.21	-847.902	885.301	456.696	-950.54	906.899	102.874	-808.715	726.896	56.324	-869.063	1104.9	34.421	-1104.192	990.134	103.303	-1115.303	1060.538	104.929	-1174.043	786.873	45.243	-907.903	793.461	46.338	-802.819	1001.362	31.523	-814.603	927.02	104.576	-894.62	830.517	388.174	-837.689	828.768	307.536	-819.692	876.028	54.426	-1277.214	899.98	44.495	-1205.399	986.491	37.465	-1275.051	790.273	612.815	-879.483	791.323	695.668	-875.779	835.537	692.132	-830.271	1030.539	656.754	-1156.299	975.955	647.994	-1189.553	977.098	565.028	-1182.448	987.336	390.226	-1205.148	1002.824	304.005	-1210.693	1046.545	399.458	-1181.991	882.769	395.951	-801.762	884.783	309.875	-785.252	1061.924	317.45	-1187.66	836.361	604.585	-833.471	1030.435	568.382	-1149.661	1098.276	32.23	-1172.709	1024.765	25.32	-1101.014	935.326	22.297	-780.108	956.475	27.318	-883.631
1603	8.01	922.053	1692.953	-991.506	930.749	1409.743	-817.067	1089.953	1400.176	-1089.407	898.027	1359.252	-1019.013	802.871	911.673	-933.173	926.08	931.55	-1134.87	1007.215	964.495	-953.781	1002.85	475.091	-1166.072	947.931	454.76	-1065.927	848.328	476.22	-847.896	885.303	456.713	-950.551	907.154	103.236	-808.473	726.893	56.307	-869.055	1104.893	34.425	-1104.203	990.129	103.307	-1115.31	1060.731	105.024	-1173.929	786.87	45.245	-907.904	793.429	46.372	-802.828	1001.353	31.529	-814.591	927.055	104.577	-894.648	830.548	388.142	-837.654	828.766	307.522	-819.693	876.086	54.365	-1277.188	899.985	44.528	-1205.432	986.434	37.442	-1275.035	790.242	612.813	-879.481	791.312	695.661	-875.774	835.551	692.144	-830.293	1030.529	656.76	-1156.315	975.952	647.972	-1189.563	977.086	565.021	-1182.476	987.31	390.219	-1205.158	1002.835	304.012	-1210.699	1046.521	399.477	-1182.004	882.738	395.966	-801.773	884.739	309.87	-785.285	1061.923	317.409	-1187.627	836.353	604.573	-833.508	1030.423	568.357	-1149.63	1098.285	32.24	-1172.686	1024.761	25.342	-1101.037	935.311	22.277	-780.091	956.48	27.352	-883.642
1604	8.015	922.066	1692.961	-991.498	930.751	1409.751	-817.069	1089.963	1400.162	-1089.379	898.017	1359.25	-1019.015	802.868	911.662	-933.144	926.067	931.542	-1134.851	1007.258	964.463	-953.797	1002.834	475.06	-1166.049	947.911	454.741	-1065.914	847.692	476.086	-848.735	885.263	456.689	-950.561	906.915	102.811	-808.739	726.895	56.317	-869.065	1104.865	34.42	-1104.204	990.133	103.286	-1115.317	1060.725	105.064	-1173.973	786.868	45.221	-907.91	793.434	46.362	-802.848	1001.376	31.487	-814.629	927.063	104.566	-894.64	830.539	388.178	-837.647	828.771	307.505	-819.707	876.071	54.345	-1277.199	899.991	44.497	-1205.443	986.51	37.442	-1275.038	790.233	612.834	-879.487	791.299	695.66	-875.801	835.533	692.142	-830.286	1030.534	656.76	-1156.319	975.932	648.009	-1189.564	977.085	565.017	-1182.459	987.312	390.231	-1205.164	1002.811	303.974	-1210.694	1046.523	399.462	-1181.986	882.72	395.965	-801.764	884.77	309.857	-785.267	1061.931	317.445	-1187.646	837.064	603.612	-833.916	1030.417	568.349	-1149.655	1098.242	32.252	-1172.717	1024.773	25.317	-1101.033	935.323	22.364	-780.112	956.48	27.328	-883.638
1605	8.02	922.094	1692.937	-991.454	930.759	1409.723	-817.079	1089.96	1400.173	-1089.399	898.047	1359.235	-1019.019	802.86	911.658	-933.156	926.07	931.539	-1134.846	1007.233	964.415	-953.797	1002.814	475.075	-1166.065	947.882	454.712	-1065.932	847.589	476.116	-848.867	885.304	456.712	-950.577	906.901	102.828	-808.733	726.888	56.311	-869.072	1104.88	34.419	-1104.217	990.154	103.296	-1115.292	1060.771	105.221	-1173.941	786.876	45.199	-907.891	793.457	46.358	-802.823	1001.36	31.518	-814.579	927.066	104.551	-894.646	830.539	388.164	-837.651	828.757	307.51	-819.713	876.049	54.38	-1277.175	899.952	44.521	-1205.44	986.503	37.444	-1275.027	790.195	612.825	-879.508	791.298	695.67	-875.821	835.517	692.132	-830.274	1030.499	656.752	-1156.318	975.935	647.991	-1189.568	977.08	565.034	-1182.467	987.318	390.232	-1205.147	1002.828	303.972	-1210.678	1046.533	399.464	-1181.962	882.732	395.931	-801.778	884.736	309.829	-785.303	1061.935	317.398	-1187.604	837.037	603.649	-833.898	1030.418	568.323	-1149.631	1098.245	32.226	-1172.681	1024.762	25.32	-1101.02	935.286	22.335	-780.092	956.469	27.358	-883.637
1606	8.025	922.103	1692.944	-991.451	930.775	1409.734	-817.028	1089.961	1400.166	-1089.398	898.037	1359.235	-1019	802.831	911.647	-933.151	926.044	931.572	-1134.876	1007.196	964.436	-953.812	1002.826	475.06	-1166.036	947.881	454.757	-1065.909	847.532	476.1	-848.933	885.284	456.738	-950.601	906.908	102.817	-808.766	726.883	56.311	-869.052	1104.867	34.413	-1104.204	990.16	103.257	-1115.293	1060.595	104.918	-1173.97	786.869	45.214	-907.895	793.452	46.336	-802.829	1001.318	31.527	-814.616	927.032	104.575	-894.596	830.501	388.167	-837.687	828.735	307.524	-819.707	876.06	54.351	-1277.161	899.996	44.501	-1205.42	986.461	37.447	-1275.047	790.205	612.839	-879.519	791.289	695.646	-875.813	835.517	692.132	-830.274	1030.529	656.757	-1156.307	975.923	647.992	-1189.559	977.08	564.994	-1182.449	987.307	390.232	-1205.15	1002.831	304.009	-1210.674	1046.507	399.468	-1181.972	882.727	395.927	-801.789	884.715	309.87	-785.278	1061.923	317.39	-1187.603	836.318	604.617	-833.47	1030.411	568.342	-1149.651	1098.261	32.241	-1172.672	1024.76	25.307	-1101.037	935.294	22.334	-780.096	956.501	27.273	-883.601
1607	8.03	922.137	1692.94	-991.421	930.749	1409.74	-817.021	1089.966	1400.16	-1089.401	898.036	1359.255	-1018.983	802.835	911.667	-933.152	926.042	931.559	-1134.858	1007.194	964.451	-953.804	1002.829	475.064	-1166.04	947.877	454.735	-1065.901	847.482	476.072	-849.006	885.219	456.729	-950.588	907.142	103.242	-808.471	726.882	56.31	-869.059	1104.898	34.408	-1104.199	990.137	103.275	-1115.305	1060.605	104.947	-1173.969	786.862	45.213	-907.88	793.434	46.339	-802.817	1001.336	31.519	-814.571	926.995	104.546	-894.621	830.514	388.14	-837.715	828.746	307.514	-819.701	876.068	54.355	-1277.156	899.993	44.493	-1205.416	986.489	37.472	-1275.042	790.189	612.838	-879.513	791.287	695.652	-875.802	835.502	692.146	-830.282	1030.501	656.788	-1156.314	975.905	648.013	-1189.587	977.081	565.003	-1182.462	987.313	390.236	-1205.141	1002.819	303.993	-1210.681	1046.524	399.463	-1181.966	882.707	395.936	-801.8	884.736	309.863	-785.262	1061.917	317.422	-1187.59	837.012	603.712	-833.883	1030.393	568.331	-1149.627	1098.267	32.261	-1172.721	1024.765	25.295	-1101.022	935.312	22.318	-780.092	956.479	27.281	-883.597
1608	8.035	922.156	1692.955	-991.418	930.749	1409.737	-817.024	1089.97	1400.154	-1089.399	898.018	1359.234	-1018.997	802.838	911.654	-933.155	926.025	931.551	-1134.879	1007.197	964.469	-953.807	1002.828	475.084	-1166.052	947.86	454.716	-1065.935	847.445	476.073	-849.021	885.277	456.691	-950.612	906.915	102.823	-808.764	726.869	56.317	-869.055	1104.909	34.408	-1104.186	990.131	103.295	-1115.297	1060.717	105.177	-1173.918	786.866	45.211	-907.883	793.459	46.338	-802.812	1001.345	31.54	-814.606	927.048	104.576	-894.583	830.497	388.166	-837.738	828.76	307.498	-819.702	876.078	54.34	-1277.159	899.983	44.492	-1205.422	986.471	37.444	-1275.028	790.194	612.832	-879.487	791.278	695.664	-875.812	835.504	692.149	-830.301	1030.498	656.744	-1156.281	975.921	647.971	-1189.553	977.062	565.003	-1182.473	987.309	390.222	-1205.147	1002.813	303.973	-1210.665	1046.504	399.443	-1181.956	882.711	395.94	-801.781	884.779	309.83	-785.299	1061.918	317.402	-1187.605	836.335	604.625	-833.473	1030.408	568.38	-1149.609	1098.249	32.25	-1172.684	1024.774	25.324	-1101.015	935.304	22.309	-780.14	956.477	27.298	-883.599
1609	8.04	922.182	1692.938	-991.404	930.763	1409.72	-817.015	1089.977	1400.151	-1089.402	898.047	1359.204	-1018.984	802.805	911.667	-933.199	926.023	931.556	-1134.887	1007.189	964.402	-953.832	1002.792	475.104	-1166.063	947.864	454.722	-1065.907	847.447	476.057	-849.02	885.254	456.737	-950.627	906.9	102.851	-808.729	726.907	56.335	-869.07	1104.891	34.437	-1104.194	990.125	103.276	-1115.335	1060.654	104.923	-1173.949	786.854	45.231	-907.871	793.442	46.358	-802.827	1001.354	31.531	-814.6	927.1	104.599	-894.552	830.541	388.155	-837.713	828.744	307.517	-819.712	876.101	54.981	-1277.44	899.984	44.507	-1205.431	986.44	37.458	-1275.029	790.18	612.871	-879.532	791.285	695.645	-875.824	835.486	692.165	-830.291	1030.482	656.749	-1156.296	975.922	647.99	-1189.561	977.062	565	-1182.455	987.299	390.208	-1205.147	1002.829	303.995	-1210.688	1046.502	399.462	-1181.964	882.721	395.939	-801.804	884.823	309.869	-785.267	1061.93	317.399	-1187.574	836.332	604.632	-833.469	1030.396	568.307	-1149.583	1098.253	32.247	-1172.681	1024.778	25.29	-1101.018	935.294	22.327	-780.085	956.464	27.373	-883.672
1610	8.045	922.215	1692.949	-991.362	930.72	1409.725	-817.035	1089.988	1400.135	-1089.392	898.047	1359.211	-1018.98	802.804	911.664	-933.199	926.016	931.542	-1134.854	1007.171	964.453	-953.822	1002.807	475.047	-1166.021	947.869	454.743	-1065.92	847.447	476.038	-849.082	885.255	456.688	-950.597	906.906	102.815	-808.755	726.891	56.299	-869.062	1104.888	34.445	-1104.203	990.127	103.262	-1115.282	1060.566	104.956	-1174.03	786.869	45.223	-907.891	793.445	46.332	-802.825	1001.366	31.526	-814.599	927.091	104.608	-894.537	830.515	388.136	-837.703	828.755	307.517	-819.718	876.097	54.316	-1277.125	899.988	44.495	-1205.41	986.503	37.454	-1275.041	790.183	612.868	-879.504	791.292	695.631	-875.808	835.482	692.175	-830.296	1030.506	656.732	-1156.289	975.914	647.966	-1189.58	977.052	564.985	-1182.449	987.283	390.222	-1205.141	1002.824	304.005	-1210.679	1046.491	399.455	-1181.947	882.749	395.933	-801.787	884.776	309.873	-785.283	1061.898	317.446	-1187.618	836.333	604.637	-833.485	1030.403	568.331	-1149.576	1098.25	32.204	-1172.681	1024.757	25.331	-1101.016	935.322	22.308	-780.115	956.461	27.267	-883.6
1611	8.05	922.243	1692.943	-991.336	930.737	1409.731	-817.018	1089.975	1400.146	-1089.383	898.05	1359.202	-1018.983	802.783	911.663	-933.201	926.027	931.569	-1134.898	1007.153	964.409	-953.824	1002.816	475.082	-1166.056	947.843	454.723	-1065.917	847.404	476.057	-849.106	885.285	456.689	-950.571	906.925	102.822	-808.752	726.897	56.332	-869.082	1104.901	34.424	-1104.192	990.119	103.299	-1115.328	1060.545	104.961	-1174.013	786.859	45.218	-907.912	793.441	46.356	-802.824	1001.365	31.496	-814.605	927.144	104.583	-894.514	830.509	388.189	-837.725	828.733	307.524	-819.732	876.127	54.972	-1277.435	899.976	44.513	-1205.429	986.476	37.452	-1275.047	790.162	612.881	-879.518	791.273	695.638	-875.803	835.495	692.168	-830.281	1030.508	656.747	-1156.275	975.909	647.959	-1189.56	977.056	565.013	-1182.457	987.29	390.2	-1205.141	1002.82	303.984	-1210.663	1046.497	399.45	-1181.952	882.737	395.938	-801.788	884.788	309.859	-785.26	1061.917	317.422	-1187.59	836.336	604.682	-833.476	1030.382	568.321	-1149.594	1098.274	32.229	-1172.694	1024.796	25.299	-1100.995	935.328	22.352	-780.104	956.474	27.345	-883.624
1612	8.055	922.25	1692.949	-991.348	930.709	1409.717	-817.005	1089.964	1400.143	-1089.414	898.063	1359.209	-1018.966	802.774	911.672	-933.187	926.002	931.579	-1134.883	1007.147	964.456	-953.827	1002.797	475.041	-1166.037	947.828	454.748	-1065.943	847.424	476.042	-849.125	885.267	456.731	-950.633	906.893	102.824	-808.737	726.89	56.324	-869.066	1104.872	34.445	-1104.21	990.135	103.279	-1115.287	1060.674	105.001	-1173.964	786.863	45.216	-907.898	793.44	46.345	-802.839	1001.366	31.537	-814.594	927.153	104.648	-894.486	830.488	388.167	-837.727	828.739	307.513	-819.716	876.128	54.949	-1277.428	899.964	44.516	-1205.427	986.447	37.462	-1275.038	790.158	612.893	-879.552	791.265	695.63	-875.806	835.475	692.153	-830.318	1030.478	656.725	-1156.275	975.92	647.966	-1189.56	977.043	564.999	-1182.443	987.299	390.194	-1205.118	1002.807	304.005	-1210.687	1046.493	399.486	-1181.97	882.736	395.951	-801.809	884.762	309.901	-785.279	1061.91	317.435	-1187.596	836.317	604.677	-833.491	1030.385	568.268	-1149.558	1098.244	32.209	-1172.696	1024.766	25.337	-1101.018	935.314	22.316	-780.104	956.477	27.296	-883.635
1613	8.06	922.29	1692.943	-991.316	930.728	1409.715	-817.033	1089.968	1400.129	-1089.395	898.059	1359.203	-1018.975	802.779	911.667	-933.2	926	931.561	-1134.871	1007.169	964.474	-953.81	1002.803	475.069	-1166.05	947.826	454.724	-1065.926	847.4	476.049	-849.129	885.289	456.705	-950.607	906.91	102.826	-808.761	726.892	56.324	-869.079	1104.89	34.423	-1104.188	990.128	103.256	-1115.3	1060.579	104.777	-1174.003	786.85	45.222	-907.901	793.445	46.341	-802.83	1001.309	31.522	-814.596	927.144	104.631	-894.455	830.512	388.132	-837.681	828.761	307.501	-819.729	876.109	54.963	-1277.447	899.945	44.542	-1205.435	986.453	37.462	-1275.028	790.144	612.862	-879.532	791.263	695.635	-875.826	835.485	692.143	-830.293	1030.471	656.766	-1156.282	975.915	647.988	-1189.586	977.03	564.993	-1182.452	987.302	390.22	-1205.133	1002.823	303.989	-1210.67	1046.508	399.453	-1181.946	882.739	395.943	-801.821	884.785	309.89	-785.294	1061.906	317.428	-1187.574	836.304	604.678	-833.486	1030.381	568.313	-1149.575	1098.227	32.227	-1172.678	1024.752	25.289	-1101.021	935.333	22.321	-780.09	956.472	27.284	-883.59
1614	8.065	922.32	1692.956	-991.331	930.721	1409.711	-817.008	1089.97	1400.143	-1089.403	898.055	1359.194	-1018.951	802.774	911.655	-933.202	925.987	931.559	-1134.914	1007.14	964.447	-953.824	1002.816	475.079	-1166.05	947.837	454.755	-1065.917	847.359	476.025	-849.161	885.254	456.716	-950.58	906.91	102.806	-808.743	726.914	56.299	-869.046	1104.897	34.415	-1104.204	990.151	103.246	-1115.294	1060.54	104.812	-1174.018	786.879	45.256	-907.899	793.45	46.334	-802.816	1001.329	31.528	-814.598	927.182	104.615	-894.458	830.524	388.126	-837.681	828.743	307.49	-819.719	876.11	54.957	-1277.441	899.966	44.493	-1205.424	986.462	37.453	-1275.055	790.132	612.89	-879.525	791.252	695.642	-875.827	835.461	692.167	-830.286	1030.46	656.726	-1156.305	975.912	647.983	-1189.558	977.056	564.976	-1182.447	987.275	390.239	-1205.149	1002.822	303.985	-1210.68	1046.491	399.474	-1181.959	882.727	395.931	-801.799	884.763	309.839	-785.27	1061.913	317.402	-1187.583	836.299	604.682	-833.481	1030.373	568.335	-1149.614	1098.248	32.22	-1172.698	1024.734	25.304	-1101.003	935.309	22.327	-780.114	956.454	27.259	-883.598
1615	8.07	922.348	1692.947	-991.299	930.733	1409.711	-816.99	1089.998	1400.116	-1089.377	898.081	1359.217	-1018.969	802.755	911.629	-933.177	925.994	931.57	-1134.911	1007.083	964.441	-953.833	1002.817	475.07	-1166.048	947.852	454.716	-1065.915	847.363	475.995	-849.137	885.197	456.713	-950.566	906.913	102.798	-808.746	726.887	56.343	-869.073	1104.873	34.401	-1104.187	990.142	103.303	-1115.311	1060.651	105.104	-1174.019	786.835	45.239	-907.892	793.45	46.331	-802.81	1001.329	31.487	-814.597	927.206	104.654	-894.386	830.532	388.154	-837.692	828.749	307.502	-819.737	876.103	54.968	-1277.438	899.935	44.517	-1205.428	986.459	37.428	-1275.045	790.123	612.879	-879.538	791.243	695.632	-875.837	835.476	692.156	-830.299	1030.475	656.716	-1156.286	975.901	647.981	-1189.593	977.034	565.005	-1182.468	987.303	390.215	-1205.131	1002.808	304.002	-1210.665	1046.504	399.486	-1181.947	882.728	395.953	-801.799	884.786	309.851	-785.301	1061.895	317.418	-1187.614	836.321	604.676	-833.473	1030.383	568.287	-1149.601	1098.236	32.218	-1172.68	1024.774	25.302	-1101.015	935.324	22.345	-780.072	956.449	27.292	-883.615
1616	8.075	922.359	1692.947	-991.297	930.751	1409.727	-816.977	1089.984	1400.121	-1089.39	898.058	1359.199	-1018.979	802.756	911.654	-933.198	925.974	931.55	-1134.914	1007.137	964.466	-953.806	1002.817	475.061	-1165.998	947.862	454.736	-1065.927	847.363	476.017	-849.156	885.224	456.724	-950.598	906.911	102.8	-808.733	726.88	56.308	-869.067	1104.89	34.413	-1104.2	990.126	103.295	-1115.315	1060.614	104.923	-1173.989	786.849	45.223	-907.899	793.449	46.358	-802.822	1001.363	31.52	-814.599	927.253	104.73	-894.376	830.508	388.182	-837.709	828.747	307.498	-819.713	876.096	54.978	-1277.444	899.945	44.527	-1205.419	986.457	37.466	-1275.023	790.116	612.901	-879.549	791.239	695.631	-875.832	835.46	692.162	-830.299	1030.485	656.776	-1156.306	975.904	647.969	-1189.579	977.036	565.027	-1182.473	987.309	390.26	-1205.138	1002.823	303.997	-1210.671	1046.487	399.47	-1181.938	882.727	395.936	-801.776	884.761	309.866	-785.277	1061.888	317.425	-1187.588	836.301	604.691	-833.457	1030.389	568.293	-1149.554	1098.246	32.232	-1172.693	1024.772	25.317	-1101.002	935.344	22.347	-780.069	956.459	27.325	-883.596
1617	8.08	922.394	1692.938	-991.254	930.776	1409.721	-816.977	1089.998	1400.112	-1089.373	898.088	1359.192	-1018.942	802.746	911.63	-933.213	925.966	931.571	-1134.891	1007.099	964.449	-953.804	1002.816	475.078	-1166.048	947.865	454.727	-1065.917	847.37	476.003	-849.136	885.261	456.735	-950.587	906.893	102.856	-808.725	726.887	56.327	-869.073	1104.864	34.394	-1104.18	990.127	103.24	-1115.278	1060.543	104.926	-1174.039	786.866	45.216	-907.895	793.432	46.351	-802.814	1001.339	31.54	-814.573	927.233	104.7	-894.357	830.507	388.183	-837.724	828.751	307.503	-819.704	876.128	54.956	-1277.443	899.966	44.524	-1205.439	986.439	37.46	-1275.034	790.125	612.884	-879.533	791.219	695.619	-875.833	835.452	692.15	-830.304	1030.471	656.77	-1156.302	975.909	647.969	-1189.577	977.046	565.017	-1182.471	987.289	390.229	-1205.151	1002.805	303.985	-1210.683	1046.487	399.467	-1181.964	882.739	395.934	-801.78	884.748	309.877	-785.308	1061.917	317.422	-1187.59	836.284	604.699	-833.455	1030.372	568.302	-1149.534	1098.249	32.211	-1172.662	1024.759	25.31	-1101.004	935.323	22.324	-780.111	956.469	27.308	-883.617
1618	8.085	922.409	1692.945	-991.275	930.784	1409.706	-816.974	1089.992	1400.112	-1089.356	898.096	1359.175	-1018.936	802.744	911.666	-933.2	925.978	931.55	-1134.876	1007.076	964.471	-953.815	1002.808	475.108	-1166.03	947.84	454.733	-1065.894	847.319	476.027	-849.128	885.244	456.76	-950.611	906.918	102.836	-808.741	726.886	56.307	-869.089	1104.871	34.432	-1104.214	990.156	103.279	-1115.28	1060.619	104.893	-1173.929	786.844	45.208	-907.9	793.431	46.341	-802.828	1001.324	31.54	-814.627	927.234	104.669	-894.383	829.979	388.247	-838.546	828.728	307.477	-819.731	876.098	54.948	-1277.417	899.974	44.493	-1205.425	986.475	37.425	-1275.031	790.102	612.907	-879.54	791.24	695.647	-875.831	835.411	692.154	-830.3	1030.47	656.771	-1156.302	975.884	647.988	-1189.555	977.036	565.027	-1182.46	987.334	390.218	-1205.134	1002.824	303.993	-1210.692	1046.508	399.482	-1181.957	882.703	395.967	-801.783	884.707	309.863	-785.302	1061.902	317.406	-1187.57	836.295	604.707	-833.451	1030.394	568.326	-1149.581	1098.253	32.251	-1172.709	1024.785	25.313	-1101.009	935.308	22.348	-780.111	956.45	27.332	-883.641
1619	8.09	922.427	1692.949	-991.281	930.813	1409.71	-816.97	1090.007	1400.087	-1089.369	898.118	1359.202	-1018.911	802.755	911.653	-933.202	925.966	931.589	-1134.925	1007.103	964.49	-953.832	1002.788	475.125	-1166.083	947.892	454.777	-1065.902	847.31	476.008	-849.135	885.17	456.71	-950.591	906.906	102.833	-808.738	726.872	56.326	-869.076	1104.864	34.396	-1104.197	990.134	103.229	-1115.286	1060.695	104.994	-1173.916	786.849	45.241	-907.89	793.433	46.34	-802.81	1001.334	31.536	-814.589	927.252	104.687	-894.352	829.929	388.253	-838.655	828.733	307.504	-819.724	876.103	54.952	-1277.418	899.956	44.529	-1205.447	986.445	37.471	-1275.054	790.103	612.915	-879.569	791.222	695.646	-875.845	835.42	692.137	-830.302	1030.448	656.766	-1156.278	975.893	647.983	-1189.565	977.031	565.012	-1182.468	987.305	390.237	-1205.127	1002.832	304.018	-1210.684	1046.524	399.492	-1181.955	882.689	395.964	-801.78	884.769	309.868	-785.268	1061.94	317.443	-1187.617	836.27	604.694	-833.459	1030.38	568.337	-1149.602	1098.257	32.256	-1172.711	1024.786	25.337	-1100.986	935.312	22.353	-780.079	956.443	27.339	-883.617
1620	8.095	922.462	1692.957	-991.28	930.806	1409.735	-816.959	1090.026	1400.11	-1089.356	898.114	1359.195	-1018.935	802.735	911.648	-933.213	925.952	931.557	-1134.902	1007.131	964.492	-953.825	1002.81	475.085	-1166.056	947.883	454.754	-1065.895	847.293	476.03	-849.134	885.19	456.697	-950.595	906.865	102.82	-808.742	726.881	56.321	-869.079	1104.874	34.414	-1104.191	990.143	103.28	-1115.311	1060.618	104.957	-1173.994	786.859	45.213	-907.903	793.43	46.353	-802.808	1001.311	31.547	-814.584	927.275	104.683	-894.34	829.844	388.249	-838.731	828.719	307.49	-819.726	876.123	54.96	-1277.428	899.981	44.499	-1205.439	986.461	37.432	-1275.043	790.084	612.896	-879.546	791.205	695.662	-875.837	835.394	692.161	-830.282	1030.446	656.785	-1156.303	975.899	647.992	-1189.572	977.049	565.004	-1182.445	987.3	390.24	-1205.142	1002.838	303.984	-1210.661	1046.532	399.468	-1181.958	882.695	395.948	-801.784	884.681	309.896	-785.279	1061.908	317.435	-1187.6	836.247	604.695	-833.452	1030.39	568.332	-1149.608	1098.224	32.243	-1172.715	1024.757	25.345	-1101.014	935.283	22.369	-780.079	956.492	27.312	-883.629
1621	8.1	922.466	1692.946	-991.272	930.832	1409.688	-816.977	1090.041	1400.073	-1089.352	898.123	1359.195	-1018.92	802.729	911.639	-933.191	925.944	931.576	-1134.905	1007.101	964.515	-953.834	1002.85	475.059	-1166.021	947.892	454.725	-1065.916	847.253	476.002	-849.148	885.24	456.758	-950.576	906.91	102.853	-808.718	726.886	56.325	-869.076	1104.87	34.449	-1104.198	990.111	103.309	-1115.294	1060.605	104.914	-1174.013	786.858	45.224	-907.906	793.432	46.359	-802.817	1001.316	31.551	-814.587	927.235	104.699	-894.295	829.765	388.282	-838.846	828.704	307.495	-819.737	876.113	54.971	-1277.428	899.973	44.503	-1205.447	986.46	37.455	-1275.055	790.075	612.912	-879.597	791.212	695.636	-875.831	835.424	692.153	-830.288	1030.447	656.763	-1156.315	975.876	647.954	-1189.568	977.061	565.042	-1182.498	987.292	390.231	-1205.153	1002.829	304.016	-1210.675	1046.52	399.46	-1181.93	882.686	395.95	-801.776	884.708	309.865	-785.279	1061.95	317.451	-1187.622	836.23	604.709	-833.446	1030.387	568.294	-1149.579	1098.254	32.232	-1172.691	1024.746	25.34	-1101.021	935.289	22.318	-780.118	956.467	27.342	-883.629
1622	8.105	922.504	1692.948	-991.26	930.838	1409.698	-816.938	1090.049	1400.071	-1089.316	898.132	1359.184	-1018.926	802.732	911.635	-933.184	925.946	931.568	-1134.892	1007.085	964.46	-953.858	1002.821	475.069	-1166.034	947.86	454.749	-1065.886	847.257	475.987	-849.149	885.18	456.688	-950.586	906.878	102.82	-808.755	726.873	56.301	-869.059	1104.875	34.418	-1104.208	990.177	103.257	-1115.225	1060.663	105.034	-1173.946	786.862	45.25	-907.906	793.433	46.344	-802.829	1001.332	31.536	-814.611	927.275	104.663	-894.266	829.694	388.297	-838.909	828.708	307.483	-819.719	876.106	54.968	-1277.436	899.973	44.498	-1205.423	986.456	37.452	-1275.043	790.072	612.901	-879.543	791.193	695.646	-875.834	835.374	692.156	-830.284	1030.472	656.781	-1156.291	975.878	647.97	-1189.562	977.041	565.024	-1182.477	987.307	390.224	-1205.129	1002.844	304.013	-1210.698	1046.52	399.482	-1181.948	882.671	395.938	-801.78	884.676	309.876	-785.276	1061.934	317.435	-1187.602	836.253	604.644	-833.465	1030.38	568.361	-1149.629	1098.26	32.203	-1172.684	1024.743	25.317	-1101.016	935.334	22.325	-780.1	956.461	27.316	-883.635
1623	8.11	922.536	1692.961	-991.25	930.857	1409.699	-816.928	1090.068	1400.06	-1089.306	898.152	1359.168	-1018.902	802.716	911.639	-933.193	925.983	931.548	-1134.899	1007.037	964.458	-953.795	1002.804	475.07	-1166.028	947.851	454.724	-1065.904	847.261	475.995	-849.118	885.19	456.692	-950.611	906.921	102.829	-808.732	726.885	56.273	-869.073	1104.871	34.427	-1104.197	990.135	103.304	-1115.319	1060.652	104.996	-1173.927	786.857	45.203	-907.89	793.421	46.339	-802.82	1001.339	31.525	-814.591	927.341	104.739	-894.204	829.709	388.292	-838.971	828.69	307.495	-819.746	876.108	54.984	-1277.445	899.957	44.519	-1205.437	986.472	37.445	-1275.053	790.062	612.926	-879.573	791.206	695.622	-875.847	835.404	692.157	-830.304	1030.469	656.768	-1156.304	975.875	647.99	-1189.569	977.033	565.038	-1182.47	987.313	390.19	-1205.124	1002.85	303.956	-1210.654	1046.514	399.45	-1181.95	882.665	395.959	-801.787	884.676	309.876	-785.29	1061.913	317.369	-1187.573	836.217	604.662	-833.433	1030.39	568.318	-1149.582	1098.253	32.256	-1172.701	1024.75	25.325	-1101.021	935.295	22.334	-780.092	956.478	27.317	-883.613
1624	8.115	922.551	1692.931	-991.238	930.849	1409.698	-816.942	1090.063	1400.045	-1089.313	898.162	1359.194	-1018.902	802.712	911.616	-933.198	925.955	931.552	-1134.87	1007.074	964.44	-953.802	1002.806	475.066	-1166.051	947.825	454.724	-1065.915	847.268	476.003	-849.11	885.199	456.675	-950.59	906.912	102.824	-808.741	726.872	56.292	-869.074	1104.882	34.403	-1104.193	990.167	103.226	-1115.262	1060.66	104.973	-1174.005	786.858	45.222	-907.891	793.427	46.334	-802.832	1001.34	31.522	-814.578	927.36	104.758	-894.146	829.707	388.271	-839.006	828.7	307.465	-819.746	876.107	54.683	-1277.298	899.985	44.475	-1205.429	986.473	37.43	-1275.063	790.08	612.92	-879.551	791.188	695.623	-875.865	835.381	692.124	-830.279	1030.436	656.699	-1156.29	975.868	647.969	-1189.555	977.034	565.015	-1182.484	987.301	390.184	-1205.113	1002.866	303.985	-1210.672	1046.528	399.46	-1181.946	882.68	395.938	-801.79	884.667	309.863	-785.31	1061.909	317.387	-1187.569	836.249	604.703	-833.446	1030.377	568.347	-1149.648	1098.264	32.177	-1172.701	1024.741	25.348	-1101.034	935.313	22.376	-780.08	956.476	27.311	-883.633
1625	8.12	922.574	1692.953	-991.228	930.85	1409.67	-816.928	1090.074	1400.056	-1089.314	898.161	1359.156	-1018.89	802.728	911.636	-933.191	925.963	931.539	-1134.869	1007.089	964.425	-953.824	1002.814	475.016	-1166.012	947.815	454.708	-1065.907	847.282	476.004	-849.109	885.219	456.74	-950.58	906.906	102.819	-808.768	726.885	56.302	-869.065	1104.869	34.416	-1104.217	990.165	103.23	-1115.298	1060.561	104.987	-1174.02	786.861	45.187	-907.887	793.438	46.33	-802.829	1001.335	31.531	-814.599	927.382	104.753	-894.071	829.704	388.287	-839.001	828.69	307.47	-819.738	876.104	54.97	-1277.44	899.992	44.506	-1205.441	986.459	37.424	-1275.041	790.057	612.903	-879.561	791.178	695.646	-875.837	835.368	692.132	-830.287	1030.423	656.71	-1156.292	975.872	647.965	-1189.522	977.028	564.986	-1182.469	987.305	390.198	-1205.12	1002.829	303.978	-1210.662	1046.505	399.442	-1181.955	882.659	395.921	-801.804	884.669	309.848	-785.308	1061.925	317.391	-1187.559	836.244	604.658	-833.462	1030.352	568.318	-1149.619	1098.258	32.24	-1172.713	1024.746	25.324	-1100.999	935.294	22.331	-780.082	956.489	27.313	-883.611
1626	8.125	922.602	1692.941	-991.226	930.865	1409.65	-816.906	1090.101	1400.042	-1089.297	898.174	1359.185	-1018.897	802.719	911.622	-933.162	925.997	931.542	-1134.874	1007.088	964.428	-953.806	1002.799	475.072	-1166.045	947.868	454.738	-1065.899	847.304	475.938	-849.094	885.178	456.657	-950.568	906.91	102.809	-808.766	726.876	56.31	-869.077	1104.873	34.419	-1104.222	990.147	103.267	-1115.297	1060.661	104.938	-1173.979	786.855	45.21	-907.894	793.435	46.33	-802.854	1001.355	31.54	-814.583	927.578	104.825	-893.984	829.693	388.287	-839.047	828.699	307.459	-819.738	876.106	54.915	-1277.407	899.941	44.497	-1205.415	986.456	37.483	-1275.056	790.063	612.901	-879.595	791.184	695.616	-875.858	835.374	692.138	-830.295	1030.443	656.749	-1156.286	975.878	647.961	-1189.528	977.022	564.973	-1182.443	987.297	390.209	-1205.148	1002.818	303.995	-1210.664	1046.503	399.463	-1181.949	882.674	395.934	-801.788	884.683	309.831	-785.288	1061.922	317.424	-1187.572	836.248	604.622	-833.48	1030.357	568.297	-1149.591	1098.258	32.219	-1172.724	1024.767	25.315	-1101.012	935.3	22.337	-780.1	956.483	27.319	-883.628
1627	8.13	922.628	1692.924	-991.208	930.867	1409.662	-816.928	1090.097	1400.03	-1089.298	898.189	1359.178	-1018.904	802.728	911.624	-933.194	925.968	931.54	-1134.873	1007.068	964.426	-953.776	1002.788	475.033	-1166.038	947.829	454.723	-1065.915	847.301	475.962	-849.073	885.19	456.657	-950.584	906.914	102.808	-808.767	726.872	56.292	-869.08	1104.868	34.396	-1104.201	990.13	103.302	-1115.301	1060.706	105.085	-1173.926	786.857	45.178	-907.897	793.437	46.334	-802.839	1001.346	31.526	-814.627	927.725	105.016	-893.833	829.654	388.258	-839.071	828.684	307.468	-819.761	876.141	54.923	-1277.412	899.972	44.478	-1205.429	986.476	37.431	-1275.064	790.045	612.905	-879.54	791.189	695.628	-875.862	835.372	692.142	-830.302	1030.47	656.75	-1156.284	975.854	647.982	-1189.555	977.018	564.985	-1182.453	987.306	390.182	-1205.128	1002.832	303.961	-1210.632	1046.492	399.464	-1181.937	882.688	395.924	-801.821	884.69	309.852	-785.301	1061.939	317.427	-1187.563	836.235	604.611	-833.463	1030.362	568.345	-1149.627	1098.256	32.247	-1172.701	1024.761	25.295	-1101.009	935.314	22.334	-780.123	956.47	27.309	-883.618
1628	8.135	922.648	1692.94	-991.234	930.878	1409.671	-816.935	1090.113	1400.039	-1089.307	898.181	1359.193	-1018.891	802.71	911.602	-933.175	925.972	931.57	-1134.867	1007.102	964.433	-953.785	1002.798	475.084	-1166.026	947.803	454.726	-1065.923	847.296	475.949	-849.035	885.209	456.709	-950.572	906.905	102.8	-808.741	726.901	56.268	-869.077	1104.891	34.383	-1104.193	990.142	103.267	-1115.309	1060.692	105.106	-1173.921	786.864	45.226	-907.896	793.452	46.339	-802.845	1001.342	31.522	-814.582	927.799	105.037	-893.778	829.645	388.303	-839.058	828.696	307.488	-819.745	876.106	54.946	-1277.438	899.987	44.515	-1205.449	986.452	37.446	-1275.049	790.064	612.883	-879.572	791.206	695.621	-875.844	835.366	692.147	-830.277	1030.456	656.753	-1156.295	975.88	647.973	-1189.55	977.023	565.017	-1182.445	987.307	390.224	-1205.13	1002.826	303.995	-1210.681	1046.479	399.45	-1181.919	882.695	395.909	-801.805	884.71	309.843	-785.279	1061.919	317.416	-1187.553	836.276	604.648	-833.422	1030.36	568.307	-1149.553	1098.288	32.201	-1172.669	1024.772	25.302	-1101.019	935.333	22.314	-780.089	956.469	27.28	-883.61
1629	8.14	922.682	1692.934	-991.188	930.898	1409.68	-816.901	1090.107	1400.04	-1089.3	898.203	1359.2	-1018.912	802.722	911.635	-933.172	925.973	931.576	-1134.889	1007.129	964.454	-953.771	1002.792	475.082	-1166.035	947.851	454.758	-1065.879	847.34	475.946	-849.03	885.22	456.658	-950.558	906.898	102.82	-808.739	726.893	56.287	-869.061	1104.879	34.41	-1104.207	990.151	103.23	-1115.287	1060.6	104.818	-1173.997	786.869	45.206	-907.904	793.443	46.363	-802.84	1001.346	31.505	-814.591	927.888	105.104	-893.698	829.652	388.307	-839.023	828.691	307.471	-819.75	876.091	54.966	-1277.437	899.962	44.558	-1205.457	986.483	37.461	-1275.024	790.065	612.892	-879.555	791.194	695.616	-875.84	835.403	692.143	-830.284	1030.475	656.741	-1156.266	975.878	647.949	-1189.547	977.013	565.014	-1182.442	987.289	390.211	-1205.117	1002.829	303.97	-1210.664	1046.494	399.452	-1181.918	882.651	395.931	-801.796	884.717	309.852	-785.278	1061.91	317.432	-1187.567	836.26	604.649	-833.44	1030.295	568.302	-1149.595	1098.243	32.25	-1172.694	1024.788	25.323	-1101.019	935.318	22.331	-780.087	956.46	27.293	-883.605
1630	8.145	922.718	1692.955	-991.187	930.927	1409.697	-816.903	1090.127	1400.035	-1089.317	898.217	1359.176	-1018.884	802.727	911.656	-933.177	925.991	931.534	-1134.864	1007.078	964.414	-953.778	1002.774	475.075	-1166.019	947.81	454.777	-1065.903	847.344	475.995	-849.001	885.251	456.713	-950.571	906.898	102.809	-808.728	726.886	56.309	-869.077	1104.879	34.387	-1104.22	990.128	103.325	-1115.335	1060.505	104.845	-1174.017	786.884	45.231	-907.906	793.454	46.357	-802.831	1001.388	31.513	-814.598	928.056	105.254	-893.589	829.677	388.307	-839.042	828.697	307.508	-819.747	876.12	54.979	-1277.452	899.954	44.495	-1205.421	986.477	37.477	-1275.069	790.046	612.893	-879.54	791.188	695.631	-875.834	835.399	692.139	-830.295	1030.466	656.744	-1156.248	975.871	647.972	-1189.522	977.011	564.991	-1182.428	987.288	390.216	-1205.123	1002.807	303.975	-1210.654	1046.499	399.472	-1181.92	882.678	395.921	-801.806	884.7	309.869	-785.281	1061.907	317.406	-1187.523	836.278	604.639	-833.439	1030.349	568.283	-1149.564	1098.259	32.22	-1172.684	1024.764	25.322	-1101.021	935.32	22.355	-780.084	956.488	27.338	-883.622
1631	8.15	922.731	1692.944	-991.197	930.9	1409.651	-816.933	1090.123	1400.024	-1089.325	898.234	1359.18	-1018.899	802.695	911.658	-933.195	925.982	931.563	-1134.861	1007.102	964.404	-953.751	1002.777	475.079	-1166.039	947.81	454.734	-1065.908	847.372	475.944	-848.943	885.145	456.702	-950.594	906.902	102.811	-808.741	726.886	56.296	-869.076	1104.877	34.409	-1104.215	990.117	103.312	-1115.316	1060.706	104.991	-1173.908	786.886	45.227	-907.903	793.451	46.337	-802.824	1001.361	31.492	-814.62	928.224	105.34	-893.483	829.637	388.296	-839.024	828.705	307.471	-819.742	876.114	54.968	-1277.421	899.967	44.503	-1205.44	986.465	37.48	-1275.065	790.073	612.909	-879.572	791.186	695.651	-875.816	835.406	692.163	-830.292	1030.472	656.751	-1156.256	975.879	647.974	-1189.54	977.009	565.014	-1182.441	987.283	390.197	-1205.09	1002.819	303.993	-1210.649	1046.47	399.459	-1181.917	882.696	395.914	-801.817	884.747	309.87	-785.275	1061.896	317.451	-1187.585	836.285	604.615	-833.431	1030.334	568.262	-1149.56	1098.247	32.238	-1172.698	1024.767	25.322	-1101.016	935.304	22.348	-780.074	956.48	27.322	-883.601
1632	8.155	922.751	1692.945	-991.185	930.933	1409.67	-816.908	1090.147	1400.029	-1089.332	898.236	1359.168	-1018.861	802.728	911.634	-933.172	925.971	931.535	-1134.845	1007.094	964.392	-953.747	1002.768	475.073	-1166.012	947.799	454.756	-1065.9	847.383	475.947	-848.932	885.177	456.734	-950.608	906.906	102.807	-808.753	726.89	56.327	-869.081	1104.869	34.4	-1104.2	990.123	103.289	-1115.277	1060.574	104.96	-1173.993	786.868	45.218	-907.899	793.442	46.367	-802.825	1001.34	31.536	-814.606	928.459	105.579	-893.381	829.694	388.265	-839.009	828.713	307.481	-819.748	876.125	54.961	-1277.433	899.967	44.515	-1205.443	986.49	37.465	-1275.059	790.072	612.901	-879.543	791.194	695.647	-875.835	835.382	692.145	-830.274	1030.452	656.73	-1156.229	975.889	647.97	-1189.522	977.022	565.012	-1182.442	987.289	390.22	-1205.117	1002.833	303.97	-1210.65	1046.5	399.458	-1181.909	882.675	395.943	-801.791	884.683	309.843	-785.303	1061.905	317.406	-1187.527	836.285	604.62	-833.406	1030.36	568.336	-1149.547	1098.237	32.233	-1172.687	1024.783	25.3	-1101.013	935.304	22.335	-780.091	956.459	27.304	-883.637
1633	8.16	922.782	1692.949	-991.166	930.941	1409.658	-816.923	1090.156	1400.042	-1089.318	898.239	1359.166	-1018.898	802.709	911.632	-933.152	925.98	931.567	-1134.855	1007.096	964.407	-953.749	1002.775	475.087	-1166.021	947.789	454.716	-1065.903	847.398	475.966	-848.886	885.222	456.702	-950.578	906.911	102.821	-808.752	726.88	56.317	-869.08	1104.867	34.409	-1104.209	990.155	103.232	-1115.236	1060.644	104.986	-1173.963	786.867	45.197	-907.907	793.446	46.359	-802.829	1001.341	31.528	-814.606	931.74	108.263	-891.043	829.688	388.272	-839.003	828.69	307.513	-819.742	876.133	54.947	-1277.423	899.986	44.528	-1205.439	986.469	37.478	-1275.04	790.066	612.905	-879.543	791.201	695.654	-875.818	835.397	692.158	-830.26	1030.448	656.743	-1156.25	975.879	647.974	-1189.54	977.003	565	-1182.438	987.286	390.218	-1205.108	1002.82	304.013	-1210.691	1046.47	399.448	-1181.901	882.696	395.935	-801.783	884.745	309.864	-785.282	1061.922	317.415	-1187.55	836.283	604.637	-833.418	1030.372	568.307	-1149.508	1098.281	32.241	-1172.692	1024.746	25.322	-1101.034	935.298	22.303	-780.129	956.479	27.345	-883.606
1634	8.165	922.793	1692.973	-991.158	930.97	1409.674	-816.927	1090.163	1400.033	-1089.328	898.243	1359.175	-1018.869	802.731	911.647	-933.147	925.984	931.567	-1134.846	1007.091	964.445	-953.751	1002.786	475.102	-1166.01	947.79	454.759	-1065.899	847.415	475.946	-848.883	885.251	456.714	-950.545	906.893	102.806	-808.766	726.895	56.301	-869.059	1104.877	34.428	-1104.193	990.129	103.306	-1115.343	1060.545	104.881	-1174.016	786.866	45.232	-907.9	793.454	46.356	-802.825	1001.35	31.504	-814.609	931.685	108.276	-891.021	829.72	388.272	-838.964	828.71	307.498	-819.737	876.115	54.989	-1277.435	899.977	44.503	-1205.414	986.481	37.458	-1275.04	790.08	612.911	-879.519	791.192	695.648	-875.812	835.402	692.139	-830.268	1030.435	656.711	-1156.25	975.88	647.948	-1189.521	976.99	565.034	-1182.415	987.293	390.21	-1205.082	1002.825	304.022	-1210.678	1046.471	399.486	-1181.918	882.687	395.935	-801.776	884.719	309.853	-785.29	1061.906	317.461	-1187.544	836.296	604.624	-833.395	1030.368	568.306	-1149.508	1098.263	32.25	-1172.709	1024.726	24.88	-1100.951	935.318	22.321	-780.112	956.458	27.317	-883.605
1635	8.17	922.807	1692.987	-991.132	930.989	1409.694	-816.92	1090.161	1400.028	-1089.308	898.253	1359.173	-1018.888	802.705	911.667	-933.156	925.976	931.554	-1134.851	1007.073	964.423	-953.778	1002.786	475.056	-1165.998	947.763	454.713	-1065.912	847.431	475.953	-848.868	885.262	456.723	-950.554	906.905	102.842	-808.741	726.891	56.348	-869.067	1104.874	34.43	-1104.188	990.117	103.337	-1115.32	1060.692	104.98	-1173.947	786.86	45.231	-907.905	793.447	46.353	-802.83	1001.347	31.561	-814.578	931.715	108.235	-891.024	829.707	388.29	-838.975	828.705	307.5	-819.719	876.093	54.982	-1277.422	899.965	44.519	-1205.449	986.478	37.466	-1275.027	790.039	612.913	-879.517	791.187	695.667	-875.804	835.401	692.177	-830.259	1030.448	656.74	-1156.219	975.876	647.975	-1189.523	977.017	565.011	-1182.426	987.257	390.236	-1205.106	1002.808	304.011	-1210.654	1046.489	399.472	-1181.901	882.698	395.93	-801.786	884.734	309.836	-785.277	1061.91	317.401	-1187.517	836.293	604.643	-833.385	1030.336	568.305	-1149.505	1098.275	32.234	-1172.69	1024.751	25.292	-1101.037	935.307	22.309	-780.106	956.467	27.317	-883.622
1636	8.175	922.839	1692.989	-991.115	930.983	1409.689	-816.922	1090.186	1400.036	-1089.325	898.278	1359.212	-1018.905	802.721	911.664	-933.144	925.95	931.565	-1134.835	1007.082	964.451	-953.74	1002.758	475.068	-1165.99	947.815	454.718	-1065.905	847.452	475.929	-848.81	885.222	456.708	-950.561	906.891	102.765	-808.749	726.889	56.321	-869.093	1104.869	34.414	-1104.21	990.131	103.212	-1115.27	1060.596	104.989	-1174.002	786.856	45.257	-907.893	793.464	46.323	-802.819	1001.339	31.527	-814.608	931.738	108.266	-891.043	829.708	388.303	-838.958	828.712	307.489	-819.723	876.113	54.98	-1277.425	899.954	44.533	-1205.434	986.456	37.475	-1275.035	790.066	612.916	-879.509	791.161	695.642	-875.776	835.389	692.165	-830.257	1030.415	656.691	-1156.21	975.886	647.951	-1189.498	977.021	565.009	-1182.419	987.282	390.209	-1205.093	1002.805	304.049	-1210.68	1046.471	399.479	-1181.911	882.706	395.95	-801.759	884.72	309.882	-785.276	1061.889	317.451	-1187.561	836.303	604.634	-833.379	1030.37	568.358	-1149.493	1098.255	32.251	-1172.693	1024.74	25.303	-1101.014	935.314	22.342	-780.103	956.459	27.315	-883.613
1637	8.18	922.863	1692.981	-991.128	931.002	1409.685	-816.959	1090.189	1400.025	-1089.326	898.293	1359.157	-1018.845	802.713	911.67	-933.125	925.954	931.572	-1134.834	1007.073	964.463	-953.782	1002.772	475.069	-1165.987	947.766	454.725	-1065.902	847.461	475.939	-848.811	885.199	456.727	-950.542	906.919	102.834	-808.729	726.893	56.336	-869.064	1104.873	34.425	-1104.207	990.135	103.277	-1115.298	1060.636	105.027	-1173.995	786.859	45.249	-907.907	793.45	46.341	-802.81	1001.325	31.545	-814.613	931.716	108.226	-891.057	829.733	388.262	-838.951	828.712	307.488	-819.721	876.117	54.999	-1277.427	899.971	44.537	-1205.434	986.482	37.504	-1275.042	790.069	612.897	-879.529	791.193	695.672	-875.795	835.424	692.149	-830.25	1030.443	656.732	-1156.209	975.85	647.965	-1189.521	977.011	565.02	-1182.419	987.273	390.229	-1205.1	1002.818	303.989	-1210.648	1046.478	399.455	-1181.877	882.694	395.926	-801.782	884.741	309.868	-785.266	1061.901	317.441	-1187.537	836.32	604.607	-833.34	1030.337	568.27	-1149.498	1098.264	32.229	-1172.676	1024.768	25.291	-1101.046	935.288	22.313	-780.136	956.469	27.347	-883.627
1638	8.185	922.89	1692.972	-991.115	931.016	1409.692	-816.93	1090.205	1400.016	-1089.322	898.318	1359.153	-1018.856	802.712	911.669	-933.133	925.951	931.567	-1134.821	1007.074	964.435	-953.78	1002.783	475.089	-1165.997	947.791	454.724	-1065.883	847.479	475.958	-848.781	885.177	456.691	-950.561	906.9	102.813	-808.753	726.88	56.339	-869.076	1104.892	34.454	-1104.213	990.133	103.294	-1115.284	1060.655	104.967	-1173.944	786.856	45.25	-907.884	793.443	46.36	-802.822	1001.338	31.551	-814.58	931.808	108.238	-891.031	829.675	388.319	-838.923	828.699	307.498	-819.714	876.123	54.969	-1277.415	899.949	44.531	-1205.413	986.464	37.46	-1275.039	790.057	612.933	-879.485	791.191	695.657	-875.783	835.412	692.126	-830.254	1030.444	656.732	-1156.196	975.857	647.952	-1189.48	977.018	565.009	-1182.392	987.266	390.232	-1205.094	1002.809	304.006	-1210.655	1046.471	399.482	-1181.9	882.69	395.953	-801.755	884.738	309.82	-785.283	1061.902	317.467	-1187.511	836.3	604.599	-833.36	1030.324	568.31	-1149.505	1098.238	32.265	-1172.708	1024.785	25.3	-1101.039	935.303	22.325	-780.082	956.488	27.293	-883.597
1639	8.19	922.913	1692.968	-991.087	931.038	1409.687	-816.924	1090.222	1400.012	-1089.323	898.315	1359.181	-1018.874	802.713	911.659	-933.125	925.95	931.544	-1134.827	1007.093	964.471	-953.777	1002.759	475.09	-1165.994	947.808	454.693	-1065.894	847.502	475.947	-848.753	885.219	456.651	-950.539	906.923	102.809	-808.745	726.874	56.321	-869.058	1104.863	34.45	-1104.198	990.132	103.244	-1115.241	1060.605	104.967	-1174.005	786.875	45.224	-907.88	793.445	46.35	-802.819	1001.33	31.513	-814.607	931.752	108.252	-891.01	829.725	388.26	-838.898	828.712	307.507	-819.702	876.1	54.99	-1277.418	899.955	44.564	-1205.438	986.459	37.494	-1275.01	790.057	612.93	-879.473	791.193	695.679	-875.773	835.419	692.171	-830.231	1030.432	656.737	-1156.171	975.859	647.996	-1189.494	976.996	565.017	-1182.415	987.288	390.212	-1205.088	1002.821	304.001	-1210.671	1046.469	399.499	-1181.896	882.699	395.937	-801.747	884.739	309.857	-785.264	1061.903	317.42	-1187.516	836.336	604.593	-833.33	1030.335	568.326	-1149.49	1098.26	32.238	-1172.689	1024.752	25.336	-1101.01	935.313	22.367	-780.092	956.472	27.354	-883.619
1640	8.195	922.931	1692.965	-991.073	931.03	1409.699	-816.943	1090.244	1400.006	-1089.328	898.316	1359.189	-1018.909	802.729	911.678	-933.108	925.944	931.564	-1134.821	1007.085	964.44	-953.749	1002.765	475.077	-1166.021	947.794	454.707	-1065.874	847.491	475.938	-848.723	885.168	456.655	-950.542	906.925	102.804	-808.758	726.871	56.341	-869.062	1104.896	34.446	-1104.199	990.148	103.276	-1115.291	1060.658	105.082	-1173.946	786.869	45.244	-907.884	793.454	46.348	-802.82	1001.347	31.53	-814.618	931.705	108.248	-891.023	829.759	388.322	-838.89	828.734	307.49	-819.703	876.115	54.994	-1277.423	899.965	44.515	-1205.415	986.471	37.478	-1275.023	790.086	612.886	-879.453	791.203	695.689	-875.776	835.41	692.186	-830.22	1030.427	656.751	-1156.203	975.831	647.991	-1189.516	976.98	564.991	-1182.396	987.263	390.22	-1205.087	1002.795	304.013	-1210.653	1046.472	399.502	-1181.887	882.714	395.933	-801.764	884.751	309.827	-785.246	1061.913	317.458	-1187.559	836.336	604.636	-833.313	1030.346	568.34	-1149.495	1098.225	32.254	-1172.674	1024.741	25.312	-1101.044	935.356	22.317	-780.118	956.474	27.298	-883.596
1641	8.2	922.948	1692.979	-991.094	931.056	1409.705	-816.934	1090.255	1400.019	-1089.306	898.348	1359.184	-1018.873	802.736	911.656	-933.102	925.924	931.572	-1134.84	1007.117	964.441	-953.756	1002.777	475.064	-1166	947.801	454.712	-1065.864	847.509	475.935	-848.732	885.191	456.736	-950.57	907.142	103.205	-808.47	726.852	56.349	-869.067	1104.879	34.427	-1104.192	990.156	103.197	-1115.283	1060.785	105.044	-1173.882	786.859	45.26	-907.916	793.456	46.355	-802.815	1001.342	31.548	-814.615	931.822	108.294	-890.982	829.737	388.279	-838.893	828.72	307.479	-819.704	876.101	55.009	-1277.439	899.946	44.558	-1205.431	986.436	37.502	-1275.032	790.082	612.919	-879.489	791.216	695.672	-875.769	835.419	692.157	-830.222	1030.397	656.769	-1156.188	975.836	647.989	-1189.482	976.985	565.014	-1182.392	987.269	390.212	-1205.079	1002.779	304.028	-1210.659	1046.458	399.48	-1181.892	882.695	395.916	-801.762	884.754	309.83	-785.259	1061.896	317.453	-1187.54	836.337	604.593	-833.329	1030.307	568.322	-1149.499	1098.271	32.224	-1172.66	1024.761	25.293	-1101.032	935.299	22.339	-780.089	956.461	27.322	-883.62
1642	8.205	922.97	1692.988	-991.105	931.074	1409.718	-816.962	1090.263	1399.977	-1089.316	898.36	1359.17	-1018.873	802.733	911.674	-933.099	925.937	931.568	-1134.834	1007.109	964.501	-953.76	1002.745	475.093	-1166.009	947.793	454.698	-1065.89	847.533	475.939	-848.706	885.177	456.737	-950.555	906.908	102.785	-808.748	726.879	56.357	-869.077	1104.878	34.467	-1104.214	990.153	103.243	-1115.252	1060.54	104.886	-1174.033	786.861	45.247	-907.921	793.44	46.361	-802.8	1001.353	31.531	-814.618	931.761	108.309	-890.995	829.779	388.287	-838.867	828.704	307.481	-819.71	876.095	54.985	-1277.436	899.96	44.517	-1205.424	986.435	37.481	-1275.021	790.08	612.916	-879.472	791.2	695.658	-875.755	835.424	692.147	-830.218	1030.401	656.715	-1156.216	975.841	647.988	-1189.485	976.982	565.014	-1182.386	987.259	390.233	-1205.079	1002.797	304.033	-1210.652	1046.473	399.465	-1181.905	882.695	395.932	-801.762	884.772	309.831	-785.25	1061.884	317.431	-1187.554	836.345	604.622	-833.303	1030.303	568.314	-1149.528	1098.226	32.206	-1172.677	1024.774	25.3	-1101.031	935.339	22.317	-780.096	956.455	27.323	-883.618
1643	8.21	923.004	1692.985	-991.084	931.111	1409.719	-816.937	1090.279	1399.996	-1089.318	898.367	1359.17	-1018.872	802.729	911.666	-933.091	925.934	931.559	-1134.819	1007.081	964.438	-953.738	1002.771	475.08	-1165.984	947.816	454.696	-1065.862	847.518	475.955	-848.672	885.208	456.715	-950.555	906.905	102.795	-808.738	726.887	56.338	-869.059	1104.879	34.435	-1104.194	990.119	103.196	-1115.275	1060.736	105.067	-1173.902	786.851	45.262	-907.911	793.419	46.351	-802.811	1001.323	31.528	-814.604	931.776	108.295	-890.961	829.767	388.28	-838.838	828.713	307.494	-819.703	876.08	55.002	-1277.44	899.968	44.551	-1205.421	986.446	37.468	-1275.045	790.074	612.903	-879.466	791.202	695.666	-875.747	835.42	692.162	-830.223	1030.39	656.763	-1156.215	975.811	647.968	-1189.477	976.962	565.007	-1182.403	987.255	390.209	-1205.081	1002.79	304.023	-1210.664	1046.456	399.475	-1181.899	882.709	395.926	-801.746	884.75	309.829	-785.277	1061.876	317.421	-1187.55	836.994	603.685	-833.719	1030.307	568.299	-1149.49	1098.25	32.243	-1172.705	1024.75	25.289	-1101.016	935.31	22.36	-780.086	956.449	27.298	-883.594
1644	8.215	923.034	1692.986	-991.096	931.089	1409.675	-816.963	1090.285	1399.974	-1089.322	898.389	1359.194	-1018.883	802.753	911.668	-933.099	925.929	931.556	-1134.828	1007.112	964.448	-953.755	1002.754	475.084	-1165.982	947.782	454.696	-1065.872	847.523	475.939	-848.672	885.188	456.719	-950.533	906.897	102.801	-808.765	726.876	56.311	-869.075	1104.869	34.423	-1104.199	990.16	103.222	-1115.256	1060.576	105.02	-1174.022	786.855	45.26	-907.893	793.438	46.339	-802.825	1001.317	31.544	-814.604	931.752	108.252	-891.01	829.759	388.273	-838.835	828.725	307.496	-819.713	876.105	54.99	-1277.45	899.933	44.539	-1205.421	986.443	37.462	-1275.034	790.112	612.91	-879.452	791.206	695.649	-875.761	835.426	692.169	-830.219	1030.376	656.759	-1156.223	975.798	647.977	-1189.508	976.965	564.992	-1182.408	987.233	390.209	-1205.074	1002.764	304.023	-1210.639	1046.449	399.472	-1181.909	882.693	395.926	-801.737	884.751	309.867	-785.262	1061.861	317.447	-1187.523	836.378	604.565	-833.312	1030.306	568.332	-1149.533	1098.241	32.266	-1172.713	1024.754	25.3	-1101.026	935.287	22.336	-780.117	956.456	27.316	-883.619
1645	8.22	923.068	1692.959	-991.094	931.119	1409.721	-816.97	1090.298	1399.944	-1089.319	898.396	1359.174	-1018.894	802.75	911.639	-933.062	925.931	931.584	-1134.825	1007.112	964.444	-953.755	1002.772	475.063	-1165.963	947.782	454.709	-1065.867	847.533	475.928	-848.648	885.199	456.72	-950.522	906.901	102.814	-808.75	726.879	56.328	-869.079	1104.87	34.411	-1104.21	990.146	103.147	-1115.236	1060.614	104.845	-1173.974	786.879	45.232	-907.875	793.425	46.338	-802.811	1001.347	31.502	-814.615	931.833	108.349	-890.967	829.777	388.233	-838.823	828.714	307.482	-819.705	876.126	54.942	-1277.427	899.954	44.532	-1205.421	986.439	37.47	-1275.051	790.103	612.902	-879.423	791.223	695.633	-875.721	835.408	692.14	-830.195	1030.393	656.751	-1156.219	975.799	647.988	-1189.497	976.973	564.989	-1182.411	987.256	390.207	-1205.081	1002.753	304.012	-1210.645	1046.457	399.508	-1181.916	882.684	395.946	-801.741	884.692	309.835	-785.261	1061.871	317.469	-1187.552	836.342	604.581	-833.293	1030.273	568.3	-1149.495	1098.25	32.205	-1172.676	1024.764	25.328	-1101.043	935.303	22.269	-780.101	956.463	27.305	-883.628
1646	8.225	923.067	1692.976	-991.113	931.11	1409.696	-816.962	1090.326	1399.951	-1089.337	898.395	1359.16	-1018.871	802.743	911.644	-933.074	925.93	931.539	-1134.804	1007.08	964.447	-953.748	1002.732	475.093	-1165.998	947.797	454.737	-1065.846	847.542	475.938	-848.643	885.196	456.698	-950.502	906.894	102.802	-808.753	726.874	56.324	-869.073	1104.87	34.431	-1104.196	990.182	103.218	-1115.243	1060.588	104.934	-1173.991	786.871	45.239	-907.888	793.43	46.329	-802.805	1001.34	31.539	-814.596	931.83	108.347	-891.001	829.775	388.261	-838.808	828.706	307.478	-819.707	876.112	54.949	-1277.436	899.955	44.521	-1205.444	986.452	37.515	-1275.062	790.103	612.884	-879.437	791.216	695.629	-875.719	835.44	692.164	-830.177	1030.392	656.725	-1156.217	975.797	647.945	-1189.46	976.976	565.001	-1182.387	987.243	390.2	-1205.083	1002.797	304.014	-1210.629	1046.453	399.472	-1181.914	882.688	395.939	-801.738	884.734	309.855	-785.226	1061.868	317.454	-1187.541	836.382	604.548	-833.305	1030.285	568.273	-1149.54	1098.263	32.204	-1172.685	1024.772	25.303	-1101.037	935.297	22.294	-780.115	956.466	27.312	-883.635
1647	8.23	923.09	1692.979	-991.136	931.174	1409.719	-816.964	1090.331	1399.944	-1089.328	898.415	1359.176	-1018.896	802.754	911.656	-933.063	925.926	931.55	-1134.808	1007.113	964.439	-953.746	1002.744	475.11	-1166.003	947.773	454.718	-1065.86	847.576	475.916	-848.64	885.206	456.735	-950.52	906.875	102.81	-808.74	726.869	56.313	-869.066	1104.866	34.411	-1104.221	990.13	103.197	-1115.243	1060.619	104.965	-1173.962	786.868	45.207	-907.861	793.429	46.334	-802.827	1001.349	31.503	-814.575	931.812	108.308	-890.981	829.798	388.285	-838.785	828.707	307.498	-819.691	876.13	54.961	-1277.428	899.95	44.523	-1205.452	986.433	37.462	-1275.031	790.101	612.893	-879.458	791.22	695.649	-875.719	835.439	692.151	-830.178	1030.388	656.746	-1156.23	975.803	647.959	-1189.477	976.957	565.003	-1182.382	987.269	390.229	-1205.076	1002.789	304.002	-1210.643	1046.478	399.468	-1181.9	882.7	395.915	-801.731	884.745	309.84	-785.215	1061.879	317.449	-1187.554	836.365	604.557	-833.289	1030.281	568.272	-1149.514	1098.279	32.229	-1172.677	1024.754	25.312	-1101.039	935.287	22.309	-780.117	956.478	27.329	-883.642
1648	8.235	923.121	1692.999	-991.136	931.174	1409.722	-816.97	1090.326	1399.933	-1089.329	898.434	1359.191	-1018.921	802.757	911.666	-933.064	925.935	931.555	-1134.809	1007.097	964.436	-953.771	1002.753	475.05	-1165.963	947.802	454.739	-1065.855	847.575	475.97	-848.644	885.177	456.698	-950.518	906.906	102.796	-808.728	726.889	56.308	-869.078	1104.876	34.42	-1104.219	990.142	103.232	-1115.288	1060.648	105.062	-1173.962	786.849	45.241	-907.919	793.441	46.322	-802.815	1001.339	31.543	-814.598	931.694	108.263	-891.022	829.794	388.25	-838.8	828.726	307.475	-819.674	876.116	54.951	-1277.444	899.988	44.521	-1205.445	986.489	37.455	-1275.054	790.116	612.889	-879.447	791.252	695.643	-875.715	835.448	692.155	-830.17	1030.409	656.767	-1156.244	975.803	647.959	-1189.463	976.973	564.998	-1182.372	987.258	390.22	-1205.07	1002.804	304.004	-1210.633	1046.449	399.446	-1181.89	882.708	395.906	-801.739	884.737	309.874	-785.233	1061.869	317.434	-1187.556	836.351	604.551	-833.295	1030.285	568.292	-1149.551	1098.238	32.258	-1172.714	1024.761	25.296	-1101.026	935.301	22.303	-780.117	956.461	27.32	-883.643
1649	8.24	923.155	1692.987	-991.142	931.147	1409.73	-816.98	1090.328	1399.919	-1089.332	898.438	1359.149	-1018.882	802.76	911.646	-933.069	925.938	931.56	-1134.795	1007.121	964.43	-953.757	1002.744	475.093	-1166.002	947.799	454.71	-1065.847	847.548	475.941	-848.633	885.207	456.742	-950.539	906.906	102.808	-808.753	726.879	56.296	-869.067	1104.868	34.406	-1104.205	990.136	103.216	-1115.282	1060.685	104.885	-1173.919	786.863	45.217	-907.877	793.442	46.302	-802.821	1001.344	31.514	-814.599	931.728	108.279	-891.042	829.787	388.242	-838.814	828.714	307.494	-819.713	876.097	54.98	-1277.442	899.969	44.507	-1205.428	986.46	37.456	-1275.042	790.116	612.853	-879.448	791.216	695.663	-875.71	835.458	692.153	-830.195	1030.389	656.679	-1156.206	975.812	647.977	-1189.493	976.967	564.995	-1182.379	987.236	390.233	-1205.106	1002.804	303.976	-1210.641	1046.456	399.477	-1181.897	882.714	395.938	-801.747	884.713	309.863	-785.261	1061.874	317.393	-1187.51	836.379	604.564	-833.271	1030.304	568.337	-1149.555	1098.262	32.227	-1172.655	1024.773	25.295	-1101.02	935.301	22.332	-780.089	956.476	27.324	-883.63
1650	8.245	923.189	1692.966	-991.138	931.162	1409.701	-816.98	1090.363	1399.882	-1089.337	898.47	1359.16	-1018.882	802.754	911.669	-933.055	925.914	931.566	-1134.797	1007.12	964.396	-953.762	1002.753	475.055	-1165.98	947.797	454.731	-1065.836	847.579	475.926	-848.629	885.218	456.701	-950.543	906.901	102.802	-808.747	726.872	56.325	-869.076	1104.889	34.403	-1104.191	990.141	103.265	-1115.272	1060.739	105.127	-1173.931	786.88	45.237	-907.912	793.425	46.345	-802.812	1001.357	31.527	-814.61	931.694	108.263	-891.022	829.782	388.278	-838.803	828.733	307.485	-819.686	876.125	54.933	-1277.438	899.955	44.522	-1205.406	986.459	37.478	-1275.053	790.104	612.882	-879.438	791.241	695.636	-875.696	835.446	692.127	-830.17	1030.386	656.737	-1156.21	975.813	647.967	-1189.477	976.961	564.997	-1182.403	987.247	390.214	-1205.09	1002.801	303.964	-1210.63	1046.482	399.441	-1181.887	882.714	395.934	-801.74	884.72	309.844	-785.232	1061.893	317.395	-1187.497	836.393	604.55	-833.279	1030.312	568.317	-1149.528	1098.261	32.227	-1172.705	1024.742	25.303	-1101.015	935.27	22.338	-780.096	956.453	27.318	-883.634
1651	8.25	923.202	1692.985	-991.164	931.164	1409.712	-816.974	1090.361	1399.909	-1089.344	898.473	1359.167	-1018.902	802.772	911.668	-933.05	925.954	931.554	-1134.8	1007.205	964.427	-953.739	1002.757	475.045	-1165.961	947.79	454.754	-1065.87	847.588	475.937	-848.623	885.24	456.729	-950.531	906.929	102.801	-808.749	726.873	56.298	-869.076	1104.878	34.437	-1104.224	990.135	103.225	-1115.265	1060.561	105.006	-1174.043	786.863	45.248	-907.92	793.431	46.319	-802.83	1001.32	31.51	-814.615	931.693	108.2	-891.004	829.769	388.296	-838.81	828.741	307.464	-819.711	876.101	54.967	-1277.438	899.958	44.493	-1205.412	986.467	37.441	-1275.033	790.112	612.901	-879.447	791.252	695.65	-875.709	835.444	692.146	-830.174	1030.397	656.714	-1156.226	975.838	647.986	-1189.471	976.968	565.006	-1182.419	987.256	390.211	-1205.076	1002.778	304.009	-1210.63	1046.45	399.459	-1181.918	882.699	395.919	-801.744	884.762	309.843	-785.241	1061.889	317.402	-1187.537	836.405	604.57	-833.285	1030.312	568.353	-1149.549	1098.244	32.198	-1172.688	1024.743	25.339	-1101.007	935.329	22.288	-780.118	956.475	27.286	-883.619
1652	8.255	923.227	1692.981	-991.162	931.195	1409.716	-816.97	1090.385	1399.901	-1089.327	898.48	1359.168	-1018.902	802.769	911.685	-933.06	925.936	931.569	-1134.799	1007.154	964.428	-953.751	1002.729	475.079	-1165.986	947.818	454.737	-1065.864	847.57	475.958	-848.617	885.238	456.73	-950.506	906.913	102.829	-808.752	726.892	56.319	-869.081	1104.883	34.418	-1104.224	990.137	103.23	-1115.267	1060.644	105.085	-1173.931	786.894	45.239	-907.886	793.43	46.357	-802.808	1001.36	31.541	-814.604	931.761	108.24	-891.011	829.763	388.337	-838.787	828.743	307.473	-819.684	876.144	54.936	-1277.43	899.965	44.494	-1205.417	986.498	37.453	-1275.051	790.105	612.914	-879.446	791.257	695.666	-875.697	835.475	692.168	-830.164	1030.396	656.72	-1156.236	975.833	647.979	-1189.461	976.981	565.004	-1182.373	987.257	390.213	-1205.076	1002.784	303.989	-1210.631	1046.449	399.469	-1181.91	882.719	395.941	-801.743	884.747	309.908	-785.225	1061.901	317.391	-1187.513	836.413	604.547	-833.288	1030.303	568.268	-1149.526	1098.262	32.201	-1172.685	1024.772	25.328	-1101.009	935.322	22.339	-780.089	956.465	27.328	-883.634
1653	8.26	923.253	1692.966	-991.172	931.201	1409.734	-816.989	1090.414	1399.888	-1089.328	898.489	1359.189	-1018.904	802.778	911.678	-933.051	925.933	931.553	-1134.8	1007.143	964.418	-953.737	1002.74	475.099	-1165.989	947.801	454.714	-1065.856	847.556	475.951	-848.621	885.28	456.721	-950.529	906.912	102.813	-808.75	726.896	56.329	-869.067	1104.888	34.423	-1104.2	990.105	103.274	-1115.272	1060.499	104.904	-1174.015	786.881	45.252	-907.893	793.466	46.348	-802.814	1001.324	31.562	-814.592	931.721	108.225	-891.023	829.789	388.261	-838.809	828.72	307.483	-819.695	876.129	54.944	-1277.419	899.989	44.526	-1205.418	986.46	37.49	-1275.033	790.114	612.919	-879.454	791.24	695.628	-875.679	835.454	692.145	-830.168	1030.43	656.73	-1156.21	975.835	647.987	-1189.462	976.977	565.018	-1182.416	987.283	390.222	-1205.08	1002.801	304.018	-1210.649	1046.481	399.459	-1181.892	882.717	395.937	-801.742	884.781	309.85	-785.233	1061.892	317.437	-1187.533	836.433	604.517	-833.301	1030.296	568.322	-1149.529	1098.268	32.222	-1172.676	1024.726	25.32	-1101.027	935.294	22.322	-780.091	956.472	27.281	-883.596
1654	8.265	923.283	1692.984	-991.194	931.216	1409.744	-816.991	1090.407	1399.916	-1089.32	898.495	1359.189	-1018.916	802.771	911.666	-933.051	925.941	931.525	-1134.764	1007.196	964.442	-953.737	1002.766	475.093	-1165.996	947.818	454.713	-1065.844	847.578	475.938	-848.65	885.251	456.72	-950.528	906.903	102.804	-808.78	726.891	56.307	-869.074	1104.875	34.416	-1104.209	990.126	103.212	-1115.246	1060.534	104.944	-1174.03	786.868	45.221	-907.898	793.451	46.328	-802.825	1001.344	31.508	-814.63	931.662	108.238	-891.036	829.782	388.286	-838.824	828.738	307.467	-819.699	876.13	54.945	-1277.436	899.964	44.494	-1205.42	986.477	37.469	-1275.044	790.101	612.921	-879.434	791.246	695.658	-875.687	835.477	692.147	-830.161	1030.417	656.737	-1156.207	975.845	647.983	-1189.482	976.96	565.051	-1182.41	987.268	390.203	-1205.058	1002.79	303.997	-1210.644	1046.481	399.451	-1181.896	882.732	395.946	-801.722	884.797	309.853	-785.24	1061.899	317.432	-1187.519	836.417	604.528	-833.275	1030.314	568.291	-1149.483	1098.279	32.254	-1172.68	1024.745	25.328	-1101.024	935.296	22.353	-780.087	956.481	27.304	-883.636
1655	8.27	923.301	1692.974	-991.197	931.221	1409.763	-817.021	1090.411	1399.893	-1089.331	898.543	1359.167	-1018.912	802.774	911.668	-933.038	925.929	931.559	-1134.788	1007.119	964.409	-953.74	1002.781	475.058	-1165.975	947.804	454.733	-1065.848	847.559	475.92	-848.643	885.268	456.681	-950.502	907.127	103.23	-808.481	726.882	56.346	-869.076	1104.885	34.392	-1104.2	990.131	103.257	-1115.272	1060.523	104.897	-1173.996	786.87	45.231	-907.88	793.44	46.354	-802.817	1001.316	31.521	-814.584	931.743	108.334	-890.993	829.814	388.251	-838.816	828.741	307.508	-819.687	876.12	54.973	-1277.417	899.972	44.528	-1205.424	986.475	37.44	-1275.047	790.115	612.922	-879.429	791.26	695.661	-875.685	835.458	692.144	-830.169	1030.431	656.73	-1156.196	975.846	647.972	-1189.466	976.983	565.001	-1182.369	987.299	390.217	-1205.083	1002.828	304.009	-1210.618	1046.482	399.481	-1181.883	882.727	395.963	-801.734	884.77	309.872	-785.237	1061.899	317.432	-1187.519	836.407	604.538	-833.301	1030.321	568.348	-1149.539	1098.275	32.256	-1172.704	1024.774	25.317	-1101.018	935.248	22.314	-780.117	956.469	27.305	-883.6
1656	8.275	923.304	1692.977	-991.197	931.211	1409.757	-817.022	1090.438	1399.898	-1089.334	898.55	1359.161	-1018.915	802.772	911.679	-933.046	925.972	931.551	-1134.787	1007.126	964.403	-953.707	1002.778	475.069	-1165.979	947.809	454.735	-1065.853	847.55	475.967	-848.645	885.248	456.749	-950.512	906.903	102.818	-808.763	726.874	56.325	-869.078	1104.885	34.41	-1104.212	990.152	103.249	-1115.266	1060.568	104.857	-1173.976	786.883	45.208	-907.878	793.45	46.338	-802.832	1001.369	31.512	-814.617	931.784	108.347	-890.98	829.794	388.292	-838.824	828.744	307.473	-819.676	876.121	54.963	-1277.409	899.957	44.526	-1205.426	986.472	37.461	-1275.021	790.122	612.958	-879.435	791.264	695.663	-875.693	835.498	692.133	-830.179	1030.439	656.733	-1156.191	975.857	647.943	-1189.445	976.989	565.045	-1182.395	987.293	390.2	-1205.066	1002.839	303.992	-1210.602	1046.496	399.478	-1181.849	882.725	395.938	-801.744	884.729	309.899	-785.249	1061.923	317.445	-1187.512	836.422	604.542	-833.275	1030.336	568.331	-1149.517	1098.25	32.242	-1172.698	1024.763	25.332	-1101.012	935.29	22.309	-780.119	956.457	27.298	-883.594
1657	8.28	923.328	1692.988	-991.209	931.215	1409.767	-817.002	1090.438	1399.906	-1089.341	898.566	1359.174	-1018.892	802.772	911.699	-933.063	925.953	931.543	-1134.768	1007.121	964.396	-953.74	1002.793	475.05	-1165.969	947.833	454.754	-1065.835	847.568	475.956	-848.658	885.301	456.705	-950.496	906.92	102.789	-808.739	726.896	56.302	-869.069	1104.884	34.438	-1104.21	990.163	103.234	-1115.267	1060.582	104.885	-1174.023	786.877	45.231	-907.886	793.433	46.344	-802.816	1001.352	31.509	-814.602	931.625	108.143	-891.099	829.795	388.312	-838.842	828.753	307.482	-819.702	876.127	54.934	-1277.42	899.979	44.501	-1205.424	986.493	37.484	-1275.041	790.096	612.922	-879.431	791.255	695.656	-875.698	835.467	692.14	-830.162	1030.454	656.728	-1156.18	975.835	647.998	-1189.479	977.013	564.989	-1182.367	987.323	390.209	-1205.069	1002.819	303.995	-1210.63	1046.496	399.451	-1181.877	882.727	395.948	-801.741	884.769	309.844	-785.257	1061.914	317.436	-1187.509	836.421	604.576	-833.299	1030.349	568.343	-1149.482	1098.284	32.233	-1172.687	1024.772	25.322	-1101.018	935.313	22.28	-780.131	956.464	27.331	-883.625
1658	8.285	923.339	1692.98	-991.21	931.24	1409.774	-817.007	1090.468	1399.914	-1089.34	898.574	1359.182	-1018.904	802.776	911.688	-933.036	925.983	931.54	-1134.775	1007.17	964.449	-953.732	1002.805	475.061	-1165.974	947.814	454.728	-1065.871	847.543	475.952	-848.691	885.271	456.731	-950.505	906.903	102.783	-808.764	726.893	56.316	-869.069	1104.888	34.4	-1104.231	990.141	103.243	-1115.269	1060.603	104.917	-1174.015	786.871	45.23	-907.885	793.429	46.338	-802.84	1001.342	31.518	-814.584	931.696	108.261	-891.022	829.787	388.312	-838.827	828.737	307.484	-819.684	876.132	54.962	-1277.428	899.976	44.508	-1205.427	986.463	37.441	-1275.029	790.121	612.937	-879.492	791.245	695.664	-875.701	835.477	692.157	-830.163	1030.432	656.758	-1156.209	975.865	647.971	-1189.454	977.028	565.001	-1182.358	987.308	390.218	-1205.068	1002.848	303.997	-1210.62	1046.506	399.481	-1181.874	882.737	395.917	-801.74	884.74	309.841	-785.235	1061.925	317.412	-1187.499	836.405	604.563	-833.288	1030.359	568.33	-1149.526	1098.262	32.203	-1172.687	1024.764	25.309	-1101.013	935.3	22.334	-780.087	956.472	27.288	-883.608
1659	8.29	923.359	1692.973	-991.246	931.268	1409.772	-817.018	1090.474	1399.907	-1089.325	898.585	1359.201	-1018.87	802.795	911.681	-933.067	925.964	931.539	-1134.762	1007.146	964.411	-953.719	1002.784	475.083	-1165.978	947.832	454.755	-1065.83	847.554	475.943	-848.695	885.208	456.739	-950.529	906.881	102.834	-808.731	726.887	56.31	-869.065	1104.887	34.414	-1104.194	990.129	103.265	-1115.316	1060.56	104.909	-1174.005	786.864	45.238	-907.89	793.447	46.339	-802.822	1001.333	31.497	-814.618	931.751	108.254	-891.01	829.781	388.302	-838.873	828.741	307.498	-819.691	876.146	54.957	-1277.412	899.993	44.493	-1205.41	986.457	37.448	-1275.044	790.094	612.927	-879.452	791.228	695.662	-875.712	835.458	692.138	-830.193	1030.453	656.771	-1156.196	975.889	647.985	-1189.447	977.013	565.001	-1182.361	987.311	390.231	-1205.063	1002.824	304.025	-1210.621	1046.515	399.471	-1181.88	882.737	395.941	-801.738	884.769	309.89	-785.237	1061.946	317.394	-1187.465	836.413	604.581	-833.286	1030.343	568.349	-1149.513	1098.249	32.222	-1172.701	1024.758	25.306	-1101.026	935.293	22.319	-780.097	956.472	27.293	-883.612
1660	8.295	923.378	1692.967	-991.234	931.28	1409.769	-817.007	1090.495	1399.892	-1089.334	898.615	1359.193	-1018.883	802.793	911.698	-933.053	925.966	931.587	-1134.794	1007.211	964.422	-953.731	1002.814	475.079	-1165.96	947.863	454.731	-1065.837	847.543	475.908	-848.706	885.211	456.669	-950.534	906.913	102.791	-808.766	726.887	56.347	-869.065	1104.896	34.413	-1104.187	990.151	103.27	-1115.312	1060.624	104.909	-1173.966	786.841	45.219	-907.895	793.423	46.353	-802.835	1001.342	31.55	-814.61	931.759	108.306	-891.029	829.755	388.296	-838.873	828.732	307.498	-819.719	876.121	54.964	-1277.41	899.981	44.527	-1205.409	986.47	37.496	-1275.042	790.117	612.913	-879.464	791.248	695.659	-875.726	835.469	692.161	-830.168	1030.456	656.76	-1156.187	975.896	647.971	-1189.453	977.052	565.036	-1182.368	987.332	390.22	-1205.052	1002.838	303.98	-1210.605	1046.525	399.45	-1181.876	882.711	395.929	-801.742	884.763	309.866	-785.275	1061.938	317.394	-1187.483	836.357	604.579	-833.308	1030.339	568.326	-1149.492	1098.244	32.22	-1172.679	1024.756	25.318	-1101.017	935.325	22.326	-780.082	956.471	27.303	-883.606
1661	8.3	923.384	1692.98	-991.263	931.282	1409.775	-817.025	1090.512	1399.905	-1089.334	898.634	1359.196	-1018.903	802.803	911.699	-933.044	925.999	931.564	-1134.768	1007.201	964.425	-953.728	1002.832	475.065	-1165.958	947.867	454.711	-1065.842	847.516	475.919	-848.745	885.251	456.712	-950.509	906.895	102.797	-808.774	726.878	56.306	-869.088	1104.864	34.397	-1104.197	990.147	103.209	-1115.24	1060.525	104.853	-1174.056	786.862	45.24	-907.91	793.435	46.342	-802.813	1001.345	31.52	-814.589	931.752	108.252	-891.01	829.737	388.292	-838.878	828.757	307.497	-819.704	876.109	54.996	-1277.419	899.976	44.497	-1205.412	986.466	37.447	-1275.035	790.093	612.935	-879.459	791.248	695.688	-875.718	835.455	692.151	-830.178	1030.465	656.762	-1156.192	975.886	647.968	-1189.463	977.044	565.034	-1182.398	987.308	390.229	-1205.077	1002.839	303.985	-1210.604	1046.514	399.458	-1181.849	882.73	395.919	-801.766	884.731	309.829	-785.267	1061.941	317.435	-1187.511	836.395	604.548	-833.307	1030.377	568.352	-1149.514	1098.275	32.256	-1172.7	1024.762	25.303	-1101.026	935.281	22.322	-780.107	956.466	27.286	-883.601
1662	8.305	923.412	1692.992	-991.282	931.295	1409.762	-817.015	1090.545	1399.905	-1089.318	898.631	1359.201	-1018.913	802.803	911.706	-933.052	925.993	931.572	-1134.755	1007.223	964.405	-953.712	1002.827	475.09	-1165.969	947.842	454.699	-1065.85	847.488	475.949	-848.764	885.189	456.715	-950.523	906.921	102.78	-808.766	726.897	56.333	-869.057	1104.877	34.388	-1104.187	990.137	103.251	-1115.309	1060.655	104.925	-1173.98	786.861	45.245	-907.892	793.462	46.345	-802.805	1001.325	31.485	-814.591	931.753	108.258	-890.977	829.743	388.317	-838.904	828.733	307.503	-819.69	876.133	54.956	-1277.41	899.959	44.55	-1205.442	986.468	37.52	-1275.006	790.109	612.938	-879.481	791.252	695.673	-875.723	835.433	692.175	-830.191	1030.451	656.776	-1156.208	975.893	647.99	-1189.46	977.046	565.004	-1182.355	987.319	390.218	-1205.048	1002.829	303.993	-1210.608	1046.501	399.498	-1181.869	882.725	395.933	-801.748	884.77	309.848	-785.266	1061.929	317.394	-1187.5	836.388	604.553	-833.315	1030.383	568.356	-1149.508	1098.259	32.235	-1172.693	1024.789	25.324	-1101.017	935.301	22.295	-780.126	956.477	27.292	-883.577
1663	8.31	923.417	1692.983	-991.277	931.323	1409.766	-817.039	1090.546	1399.893	-1089.331	899.032	1359.059	-1018.76	802.793	911.704	-933.079	926.025	931.573	-1134.768	1007.201	964.438	-953.738	1002.814	475.097	-1165.974	947.869	454.709	-1065.85	847.5	475.968	-848.777	885.23	456.73	-950.515	906.913	102.808	-808.759	726.879	56.312	-869.083	1104.873	34.389	-1104.201	990.139	103.282	-1115.32	1060.707	105.15	-1173.939	786.875	45.243	-907.895	793.462	46.34	-802.826	1001.353	31.5	-814.602	931.806	108.317	-890.982	829.71	388.276	-838.918	828.731	307.522	-819.718	876.132	54.982	-1277.401	899.971	44.543	-1205.414	986.475	37.519	-1275.048	790.101	612.922	-879.458	791.243	695.658	-875.749	835.446	692.171	-830.19	1030.476	656.735	-1156.19	975.882	647.981	-1189.473	977.01	565.025	-1182.385	987.313	390.195	-1205.063	1002.843	304.015	-1210.612	1046.525	399.467	-1181.853	882.713	395.922	-801.769	884.78	309.868	-785.257	1061.93	317.433	-1187.506	836.378	604.558	-833.309	1030.367	568.339	-1149.512	1098.266	32.225	-1172.682	1024.759	25.306	-1101.007	935.272	22.337	-780.098	956.433	27.307	-883.619
1664	8.315	923.431	1693	-991.319	931.339	1409.771	-817.048	1090.581	1399.899	-1089.308	898.66	1359.218	-1018.927	802.814	911.717	-933.07	926.031	931.579	-1134.775	1007.191	964.441	-953.695	1002.812	475.09	-1165.971	947.876	454.708	-1065.844	847.466	475.955	-848.808	885.228	456.717	-950.514	906.916	102.789	-808.747	726.891	56.302	-869.075	1104.864	34.374	-1104.19	990.109	103.315	-1115.318	1060.641	104.916	-1173.956	786.862	45.246	-907.872	793.439	46.349	-802.815	1001.374	31.511	-814.595	931.816	108.303	-890.983	829.747	388.296	-838.913	828.742	307.52	-819.712	876.142	54.976	-1277.409	899.963	44.521	-1205.42	986.482	37.503	-1275.021	790.123	612.915	-879.475	791.246	695.66	-875.74	835.446	692.171	-830.19	1030.482	656.737	-1156.19	975.883	647.998	-1189.473	977.031	564.999	-1182.377	987.306	390.24	-1205.053	1002.872	304.008	-1210.611	1046.513	399.457	-1181.873	882.719	395.929	-801.739	884.771	309.87	-785.266	1061.924	317.458	-1187.501	836.395	604.516	-833.317	1030.36	568.31	-1149.506	1098.257	32.214	-1172.663	1024.773	25.291	-1101.019	935.297	22.318	-780.088	956.474	27.303	-883.613
1665	8.32	923.427	1692.968	-991.312	931.351	1409.755	-817.033	1090.594	1399.875	-1089.294	898.683	1359.188	-1018.9	802.808	911.709	-933.086	926.039	931.571	-1134.79	1007.17	964.441	-953.723	1002.826	475.079	-1165.985	947.861	454.72	-1065.836	847.45	475.981	-848.813	885.304	456.753	-950.499	907.152	103.217	-808.449	726.893	56.33	-869.062	1104.882	34.394	-1104.176	990.136	103.355	-1115.327	1060.737	105.057	-1173.918	786.852	45.211	-907.892	793.425	46.351	-802.839	1001.362	31.518	-814.601	931.817	108.308	-890.949	829.736	388.297	-838.929	828.734	307.494	-819.694	876.123	54.965	-1277.41	899.982	44.51	-1205.401	986.438	37.476	-1275.015	790.115	612.919	-879.485	791.256	695.672	-875.748	835.449	692.158	-830.206	1030.471	656.71	-1156.171	975.906	647.989	-1189.457	977.049	565.039	-1182.373	987.322	390.225	-1205.054	1002.843	304.023	-1210.612	1046.524	399.465	-1181.877	882.712	395.924	-801.744	884.755	309.844	-785.262	1061.951	317.417	-1187.501	836.366	604.564	-833.305	1030.379	568.298	-1149.515	1098.26	32.203	-1172.691	1024.775	25.292	-1101.006	935.294	22.292	-780.118	956.442	27.293	-883.627
1666	8.325	923.449	1692.992	-991.339	931.358	1409.772	-817.069	1090.609	1399.901	-1089.289	899.084	1359.084	-1018.765	802.813	911.734	-933.081	926.051	931.598	-1134.791	1007.222	964.438	-953.702	1002.853	475.054	-1165.959	947.844	454.708	-1065.87	847.426	475.976	-848.865	885.239	456.749	-950.495	907.143	103.211	-808.473	726.877	56.344	-869.072	1104.877	34.396	-1104.187	990.136	103.258	-1115.285	1060.668	104.871	-1173.928	786.877	45.243	-907.883	793.437	46.352	-802.825	1001.314	31.523	-814.619	928.488	105.544	-893.291	829.714	388.313	-838.957	828.738	307.502	-819.685	876.14	54.975	-1277.41	899.979	44.516	-1205.403	986.459	37.479	-1275.045	790.118	612.928	-879.474	791.251	695.7	-875.757	835.443	692.157	-830.194	1030.503	656.782	-1156.211	975.916	647.982	-1189.455	977.033	565.014	-1182.384	987.335	390.232	-1205.05	1002.847	304.002	-1210.583	1046.527	399.462	-1181.854	882.703	395.924	-801.758	884.732	309.901	-785.264	1061.93	317.446	-1187.493	836.384	604.53	-833.315	1030.377	568.327	-1149.521	1098.268	32.242	-1172.681	1024.766	25.292	-1101.013	935.29	22.337	-780.103	956.473	27.278	-883.603
1667	8.33	923.467	1692.973	-991.357	931.391	1409.756	-817.082	1090.633	1399.867	-1089.291	898.736	1359.181	-1018.92	802.824	911.694	-933.097	926.046	931.582	-1134.795	1007.217	964.416	-953.707	1002.851	475.059	-1165.985	947.879	454.733	-1065.842	847.47	475.942	-848.858	885.293	456.749	-950.5	906.905	102.802	-808.742	726.866	56.324	-869.07	1104.868	34.404	-1104.19	990.154	103.245	-1115.265	1060.555	104.832	-1174.012	786.842	45.235	-907.893	793.428	46.331	-802.826	1001.336	31.554	-814.586	928.238	105.331	-893.461	829.737	388.272	-838.978	828.745	307.492	-819.684	876.1	54.996	-1277.435	899.968	44.526	-1205.402	986.443	37.505	-1275.023	790.128	612.913	-879.444	791.274	695.677	-875.751	835.452	692.169	-830.199	1030.488	656.731	-1156.217	975.912	647.948	-1189.453	977.039	565.021	-1182.379	987.326	390.235	-1205.058	1002.879	303.992	-1210.585	1046.527	399.469	-1181.874	882.734	395.966	-801.745	884.739	309.839	-785.259	1061.938	317.43	-1187.521	836.382	604.518	-833.316	1030.375	568.292	-1149.489	1098.267	32.172	-1172.668	1024.796	25.284	-1101.002	935.298	22.343	-780.108	956.451	27.329	-883.648
1668	8.335	923.466	1692.951	-991.35	931.383	1409.772	-817.083	1090.668	1399.879	-1089.284	898.736	1359.208	-1018.935	802.84	911.719	-933.094	926.054	931.546	-1134.782	1007.217	964.416	-953.707	1002.867	475.08	-1165.962	947.881	454.702	-1065.843	847.448	475.963	-848.884	885.284	456.73	-950.52	906.91	102.798	-808.722	726.88	56.316	-869.061	1104.876	34.403	-1104.182	990.139	103.227	-1115.283	1060.769	105.038	-1173.905	786.848	45.232	-907.895	793.436	46.321	-802.825	1001.335	31.542	-814.618	928.049	105.185	-893.576	829.759	388.286	-838.955	828.788	307.477	-819.692	876.109	54.985	-1277.425	899.954	44.49	-1205.392	986.465	37.429	-1275.037	790.127	612.897	-879.468	791.254	695.675	-875.74	835.452	692.18	-830.223	1030.503	656.716	-1156.198	975.918	647.97	-1189.472	977.066	565.021	-1182.373	987.333	390.225	-1205.05	1002.861	304.013	-1210.619	1046.543	399.463	-1181.859	882.736	395.943	-801.734	884.791	309.874	-785.251	1061.939	317.449	-1187.502	836.377	604.531	-833.308	1030.387	568.3	-1149.477	1098.266	32.235	-1172.678	1024.788	25.285	-1101.011	935.316	22.327	-780.096	956.457	27.314	-883.631
1669	8.34	923.476	1692.969	-991.382	931.392	1409.762	-817.079	1090.664	1399.882	-1089.288	899.124	1359.052	-1018.791	802.852	911.696	-933.109	926.078	931.587	-1134.806	1007.222	964.428	-953.7	1002.845	475.059	-1165.954	947.864	454.734	-1065.872	847.441	475.977	-848.907	885.282	456.771	-950.532	906.92	102.795	-808.761	726.892	56.315	-869.058	1104.865	34.402	-1104.195	990.155	103.235	-1115.295	1060.644	104.899	-1173.964	786.858	45.245	-907.895	793.434	46.348	-802.835	1001.347	31.512	-814.608	927.853	105.08	-893.708	829.77	388.309	-838.956	828.752	307.479	-819.676	876.108	54.996	-1277.414	899.947	44.519	-1205.419	986.452	37.475	-1275.056	790.153	612.888	-879.459	791.28	695.65	-875.744	835.468	692.167	-830.211	1030.52	656.756	-1156.164	975.944	647.974	-1189.486	977.063	565.041	-1182.39	987.355	390.234	-1205.056	1002.874	304.003	-1210.617	1046.544	399.471	-1181.865	882.776	395.905	-801.734	884.747	309.831	-785.261	1061.939	317.442	-1187.509	837.088	603.611	-833.74	1030.401	568.343	-1149.534	1098.276	32.233	-1172.688	1024.742	25.297	-1101.023	935.326	22.333	-780.086	956.45	27.342	-883.652
1670	8.345	923.506	1692.964	-991.412	931.415	1409.754	-817.102	1090.691	1399.874	-1089.257	898.752	1359.185	-1018.943	802.867	911.7	-933.107	926.107	931.57	-1134.78	1007.239	964.477	-953.708	1002.859	475.053	-1165.958	947.839	454.718	-1065.865	847.438	475.969	-848.904	885.283	456.73	-950.52	906.933	102.786	-808.757	726.897	56.32	-869.066	1104.876	34.398	-1104.198	990.161	103.246	-1115.273	1060.608	104.761	-1173.98	786.863	45.222	-907.888	793.438	46.334	-802.819	1001.323	31.514	-814.604	927.77	104.987	-893.788	829.759	388.266	-838.967	828.771	307.492	-819.682	876.108	54.957	-1277.401	899.959	44.518	-1205.415	986.429	37.471	-1275.026	790.196	612.902	-879.473	791.317	695.679	-875.74	835.47	692.187	-830.204	1030.517	656.749	-1156.208	975.956	647.985	-1189.469	977.081	565.002	-1182.369	987.37	390.232	-1205.053	1002.894	304.026	-1210.611	1046.559	399.436	-1181.845	882.758	395.927	-801.727	884.813	309.837	-785.238	1061.952	317.447	-1187.503	836.405	604.518	-833.317	1030.429	568.329	-1149.489	1098.239	32.222	-1172.69	1024.771	25.285	-1100.996	935.315	22.351	-780.076	956.456	27.306	-883.616
1671	8.35	923.502	1692.969	-991.417	931.422	1409.749	-817.073	1090.703	1399.872	-1089.248	899.152	1359.063	-1018.799	802.874	911.678	-933.088	926.102	931.555	-1134.785	1007.229	964.476	-953.682	1002.871	475.065	-1165.964	947.908	454.723	-1065.857	847.407	475.978	-848.96	885.272	456.731	-950.505	906.925	102.788	-808.764	726.875	56.334	-869.08	1104.886	34.381	-1104.201	990.156	103.232	-1115.288	1060.676	104.956	-1173.972	786.878	45.236	-907.895	793.435	46.338	-802.851	1001.345	31.497	-814.567	927.642	104.889	-893.911	829.741	388.293	-838.981	828.772	307.489	-819.689	876.107	55.005	-1277.412	899.965	44.526	-1205.428	986.458	37.499	-1275.047	790.199	612.886	-879.449	791.307	695.671	-875.778	835.486	692.148	-830.223	1030.531	656.773	-1156.177	975.977	647.98	-1189.445	977.097	565.014	-1182.366	987.352	390.217	-1205.051	1002.893	303.971	-1210.609	1046.543	399.449	-1181.859	882.768	395.922	-801.748	884.781	309.879	-785.258	1061.947	317.452	-1187.511	836.392	604.542	-833.328	1030.445	568.292	-1149.469	1098.266	32.21	-1172.663	1024.764	25.29	-1101.012	935.283	22.333	-780.082	956.456	27.281	-883.615
1672	8.355	923.519	1692.954	-991.445	931.423	1409.754	-817.092	1090.725	1399.863	-1089.277	899.178	1359.018	-1018.783	802.864	911.694	-933.108	926.11	931.559	-1134.788	1007.242	964.406	-953.679	1002.887	475.072	-1165.967	947.864	454.728	-1065.866	847.424	475.984	-848.955	885.301	456.756	-950.474	906.936	102.811	-808.758	726.884	56.338	-869.064	1104.857	34.388	-1104.193	990.153	103.222	-1115.287	1060.63	104.952	-1174.003	786.843	45.236	-907.878	793.435	46.344	-802.821	1001.313	31.526	-814.592	927.535	104.797	-893.987	829.774	388.359	-838.963	828.783	307.489	-819.68	876.108	54.984	-1277.409	899.974	44.51	-1205.43	986.465	37.45	-1275.036	790.199	612.9	-879.455	791.319	695.662	-875.738	835.491	692.143	-830.225	1030.554	656.726	-1156.157	975.975	647.967	-1189.468	977.121	565.021	-1182.353	987.389	390.212	-1205.053	1002.907	304.014	-1210.63	1046.579	399.465	-1181.877	882.797	395.938	-801.743	884.75	309.872	-785.249	1061.983	317.467	-1187.512	836.394	604.553	-833.332	1030.457	568.287	-1149.495	1098.262	32.229	-1172.697	1024.799	25.276	-1101.006	935.286	22.327	-780.11	956.458	27.282	-883.596
1673	8.36	923.527	1692.967	-991.431	931.455	1409.75	-817.096	1090.725	1399.865	-1089.281	899.193	1359.053	-1018.79	802.898	911.689	-933.085	926.117	931.569	-1134.787	1007.272	964.459	-953.709	1002.885	475.106	-1165.97	947.911	454.698	-1065.868	847.433	476.002	-848.992	885.305	456.721	-950.533	906.911	102.784	-808.742	726.88	56.341	-869.056	1104.884	34.396	-1104.186	990.136	103.287	-1115.295	1060.695	104.934	-1173.954	786.873	45.252	-907.907	793.453	46.347	-802.813	1001.328	31.495	-814.592	927.388	104.734	-894.089	829.76	388.325	-838.964	828.809	307.493	-819.662	876.107	54.975	-1277.426	899.993	44.525	-1205.421	986.453	37.452	-1275.041	790.232	612.871	-879.453	791.302	695.662	-875.731	835.505	692.144	-830.182	1030.55	656.717	-1156.134	975.992	647.982	-1189.438	977.143	565.014	-1182.374	987.398	390.22	-1205.052	1002.888	304.024	-1210.645	1046.584	399.447	-1181.851	882.767	395.914	-801.745	884.767	309.838	-785.22	1061.979	317.439	-1187.513	836.423	604.552	-833.33	1030.454	568.275	-1149.467	1098.268	32.212	-1172.684	1024.776	25.271	-1101.03	935.287	22.332	-780.092	956.425	27.376	-883.654
1674	8.365	923.562	1692.958	-991.444	931.47	1409.757	-817.103	1090.76	1399.886	-1089.296	898.839	1359.179	-1018.95	802.906	911.701	-933.083	926.138	931.564	-1134.768	1007.288	964.38	-953.707	1002.888	475.105	-1165.983	947.908	454.725	-1065.856	847.419	475.992	-848.985	885.313	456.713	-950.505	906.936	102.784	-808.75	726.88	56.311	-869.063	1104.895	34.382	-1104.195	990.16	103.179	-1115.258	1060.576	104.883	-1174.027	786.86	45.224	-907.887	793.443	46.333	-802.827	1001.377	31.506	-814.588	927.352	104.683	-894.221	829.737	388.31	-838.969	828.796	307.515	-819.667	876.112	54.982	-1277.427	899.981	44.506	-1205.418	986.439	37.446	-1275.043	790.229	612.883	-879.44	791.317	695.671	-875.744	835.505	692.159	-830.184	1030.572	656.764	-1156.14	976.019	647.968	-1189.439	977.158	565.011	-1182.352	987.405	390.221	-1205.064	1002.91	304.018	-1210.605	1046.574	399.461	-1181.871	882.763	395.921	-801.743	884.812	309.834	-785.24	1061.984	317.414	-1187.518	836.426	604.54	-833.335	1030.483	568.324	-1149.453	1098.254	32.211	-1172.714	1024.774	25.28	-1101.018	935.292	22.316	-780.127	956.466	27.268	-883.612
1675	8.37	923.565	1692.989	-991.486	931.477	1409.751	-817.096	1090.768	1399.878	-1089.304	899.233	1359.024	-1018.788	802.928	911.694	-933.112	926.144	931.563	-1134.784	1007.275	964.423	-953.698	1002.902	475.057	-1165.952	947.886	454.723	-1065.86	847.374	475.994	-849.026	885.313	456.74	-950.513	906.929	102.816	-808.733	726.889	56.33	-869.07	1104.883	34.388	-1104.168	990.138	103.259	-1115.283	1060.612	104.795	-1173.984	786.86	45.216	-907.895	793.434	46.356	-802.829	1001.352	31.516	-814.599	927.325	104.654	-894.255	829.797	388.309	-838.943	828.782	307.48	-819.681	876.131	54.985	-1277.407	899.975	44.515	-1205.42	986.476	37.455	-1275.037	790.246	612.886	-879.479	791.344	695.665	-875.731	835.524	692.159	-830.199	1030.594	656.754	-1156.153	976.025	647.979	-1189.435	977.16	565.031	-1182.38	987.391	390.234	-1205.071	1002.901	303.997	-1210.601	1046.582	399.435	-1181.852	882.744	395.945	-801.749	884.792	309.856	-785.258	1061.986	317.427	-1187.506	836.43	604.541	-833.338	1030.46	568.316	-1149.47	1098.266	32.215	-1172.692	1024.777	25.302	-1101.01	935.317	22.341	-780.074	956.475	27.32	-883.633
1676	8.375	923.564	1692.957	-991.483	931.496	1409.76	-817.088	1090.787	1399.88	-1089.263	899.249	1359.048	-1018.824	802.909	911.686	-933.085	926.165	931.577	-1134.792	1007.308	964.408	-953.681	1002.894	475.1	-1165.967	947.931	454.715	-1065.851	847.39	475.984	-849.063	885.316	456.748	-950.532	906.923	102.807	-808.737	726.886	56.339	-869.07	1104.888	34.373	-1104.203	990.171	103.207	-1115.256	1060.625	104.981	-1173.98	786.862	45.231	-907.878	793.447	46.34	-802.821	1001.328	31.494	-814.611	927.245	104.652	-894.297	829.819	388.283	-838.892	828.781	307.499	-819.683	876.118	54.981	-1277.428	899.984	44.535	-1205.402	986.446	37.459	-1275.045	790.244	612.87	-879.467	791.357	695.683	-875.729	835.562	692.148	-830.193	1030.574	656.752	-1156.157	976.039	647.978	-1189.433	977.141	565.034	-1182.364	987.39	390.23	-1205.048	1002.927	303.981	-1210.626	1046.588	399.447	-1181.864	882.754	395.928	-801.766	884.784	309.855	-785.263	1061.979	317.384	-1187.489	836.425	604.529	-833.355	1030.484	568.333	-1149.48	1098.239	32.243	-1172.708	1024.778	25.292	-1101.004	935.322	22.334	-780.095	956.445	27.341	-883.627
1677	8.38	923.593	1692.955	-991.506	931.507	1409.76	-817.13	1090.785	1399.891	-1089.327	899.245	1359.021	-1018.797	802.956	911.729	-933.092	926.176	931.556	-1134.79	1007.336	964.428	-953.698	1002.906	475.047	-1165.949	947.916	454.737	-1065.848	847.338	475.99	-849.086	885.327	456.747	-950.547	906.912	102.778	-808.761	726.888	56.325	-869.066	1104.891	34.361	-1104.211	990.171	103.215	-1115.275	1060.575	104.872	-1174.006	786.849	45.225	-907.885	793.45	46.344	-802.814	1001.366	31.491	-814.602	927.272	104.692	-894.315	829.789	388.318	-838.889	828.75	307.517	-819.707	876.107	54.977	-1277.432	899.994	44.535	-1205.423	986.471	37.47	-1275.057	790.225	612.894	-879.476	791.348	695.674	-875.754	835.558	692.156	-830.232	1030.587	656.713	-1156.128	976.032	647.984	-1189.419	977.145	565.034	-1182.39	987.412	390.2	-1205.049	1002.926	303.961	-1210.617	1046.571	399.431	-1181.863	882.769	395.934	-801.75	884.783	309.851	-785.252	1061.994	317.361	-1187.506	836.425	604.547	-833.337	1030.491	568.317	-1149.477	1098.271	32.173	-1172.655	1024.764	25.31	-1101.013	935.275	22.315	-780.099	956.466	27.284	-883.626
1678	8.385	923.607	1692.943	-991.527	931.519	1409.772	-817.105	1090.814	1399.871	-1089.326	899.278	1359.036	-1018.82	802.965	911.71	-933.087	926.192	931.569	-1134.765	1007.385	964.396	-953.709	1002.903	475.095	-1165.981	947.914	454.735	-1065.874	847.375	476.019	-849.091	885.291	456.712	-950.526	906.905	102.787	-808.758	726.887	56.317	-869.076	1104.909	34.391	-1104.222	990.167	103.173	-1115.277	1060.638	105.071	-1174.003	786.875	45.248	-907.884	793.448	46.36	-802.835	1001.337	31.522	-814.601	927.244	104.693	-894.352	829.851	388.272	-838.814	828.772	307.504	-819.713	876.127	54.996	-1277.433	899.997	44.515	-1205.441	986.492	37.448	-1275.028	790.25	612.874	-879.499	791.363	695.692	-875.761	835.56	692.197	-830.225	1030.592	656.735	-1156.16	976.043	647.942	-1189.451	977.148	564.997	-1182.379	987.394	390.243	-1205.079	1002.915	303.97	-1210.619	1046.585	399.452	-1181.884	882.748	395.945	-801.751	884.792	309.848	-785.277	1061.999	317.382	-1187.513	836.414	604.537	-833.362	1030.486	568.308	-1149.472	1098.257	32.194	-1172.684	1024.776	25.299	-1100.996	935.305	22.325	-780.146	956.476	27.31	-883.621
1679	8.39	923.616	1692.938	-991.543	931.546	1409.771	-817.121	1090.807	1399.869	-1089.329	899.292	1359.024	-1018.814	802.97	911.708	-933.093	926.224	931.571	-1134.773	1007.384	964.451	-953.688	1002.903	475.061	-1165.995	947.897	454.76	-1065.857	847.37	476.009	-849.092	885.293	456.725	-950.527	907.164	103.213	-808.477	726.889	56.323	-869.084	1104.902	34.373	-1104.217	990.13	103.281	-1115.337	1060.682	104.898	-1173.905	786.879	45.239	-907.899	793.434	46.358	-802.829	1001.357	31.518	-814.614	927.247	104.659	-894.355	829.862	388.24	-838.766	828.762	307.507	-819.701	876.125	54.985	-1277.433	899.99	44.532	-1205.423	986.443	37.496	-1275.081	790.26	612.879	-879.506	791.365	695.675	-875.775	835.571	692.157	-830.224	1030.596	656.726	-1156.156	976.04	647.948	-1189.452	977.147	565.039	-1182.395	987.382	390.219	-1205.079	1002.917	304.017	-1210.651	1046.575	399.42	-1181.851	882.738	395.943	-801.775	884.725	309.866	-785.273	1062.014	317.372	-1187.517	836.417	604.545	-833.342	1030.488	568.291	-1149.476	1098.248	32.213	-1172.702	1024.75	25.311	-1101.054	935.312	22.311	-780.105	956.472	27.289	-883.603
1680	8.395	923.622	1692.936	-991.524	931.568	1409.799	-817.154	1090.817	1399.864	-1089.367	899.311	1359.016	-1018.815	802.997	911.737	-933.101	926.217	931.563	-1134.78	1007.388	964.352	-953.714	1002.893	475.039	-1165.968	947.898	454.737	-1065.905	847.387	476.031	-849.099	885.345	456.744	-950.523	906.932	102.821	-808.745	726.919	56.327	-869.081	1104.891	34.371	-1104.2	990.198	103.225	-1115.254	1060.698	105.014	-1173.918	786.86	45.226	-907.912	793.454	46.352	-802.804	1001.357	31.512	-814.612	927.227	104.714	-894.391	830.021	388.245	-838.55	828.788	307.487	-819.703	876.125	54.998	-1277.433	899.997	44.55	-1205.438	986.472	37.486	-1275.035	790.284	612.838	-879.453	791.369	695.696	-875.762	835.58	692.181	-830.2	1030.585	656.712	-1156.186	976.048	647.989	-1189.454	977.161	565.007	-1182.404	987.408	390.198	-1205.067	1002.906	303.98	-1210.641	1046.587	399.461	-1181.888	882.776	395.942	-801.771	884.808	309.885	-785.277	1061.998	317.408	-1187.53	837.15	603.61	-833.791	1030.454	568.311	-1149.539	1098.265	32.181	-1172.666	1024.774	25.32	-1101	935.307	22.337	-780.082	956.479	27.307	-883.612
1681	8.4	923.618	1692.929	-991.551	931.574	1409.787	-817.155	1090.824	1399.885	-1089.38	899.318	1359.012	-1018.798	803.003	911.717	-933.062	926.261	931.596	-1134.785	1007.401	964.395	-953.679	1002.908	475.062	-1166	947.871	454.749	-1065.893	847.408	476.051	-849.087	885.337	456.738	-950.544	906.901	102.809	-808.762	726.899	56.326	-869.069	1104.911	34.367	-1104.21	990.162	103.263	-1115.273	1060.685	104.988	-1173.954	786.897	45.233	-907.898	793.455	46.365	-802.822	1001.362	31.501	-814.61	927.212	104.632	-894.402	830.045	388.177	-838.486	828.797	307.518	-819.722	876.148	54.956	-1277.426	900.003	44.528	-1205.45	986.483	37.491	-1275.062	790.276	612.863	-879.511	791.387	695.679	-875.767	835.589	692.178	-830.242	1030.574	656.709	-1156.207	976.032	647.96	-1189.469	977.163	565.027	-1182.4	987.378	390.213	-1205.09	1002.894	303.981	-1210.665	1046.584	399.432	-1181.904	882.78	395.948	-801.769	884.828	309.906	-785.265	1061.962	317.386	-1187.536	836.447	604.547	-833.373	1030.495	568.305	-1149.529	1098.255	32.196	-1172.713	1024.756	25.296	-1101.006	935.29	22.309	-780.127	956.472	27.331	-883.617
1682	8.405	923.654	1692.941	-991.575	931.615	1409.81	-817.16	1090.837	1399.878	-1089.392	899.345	1358.989	-1018.807	803	911.745	-933.067	926.262	931.556	-1134.755	1007.406	964.379	-953.697	1002.882	475.068	-1165.997	947.893	454.734	-1065.881	847.436	476.072	-849.095	885.368	456.707	-950.526	906.938	102.818	-808.749	726.898	56.335	-869.068	1104.888	34.376	-1104.219	990.152	103.239	-1115.305	1060.678	104.993	-1173.959	786.897	45.245	-907.913	793.444	46.355	-802.829	1001.364	31.571	-814.605	927.218	104.626	-894.456	830.576	388.14	-837.674	828.805	307.495	-819.725	876.106	55.003	-1277.448	899.994	44.518	-1205.417	986.461	37.452	-1275.04	790.319	612.828	-879.502	791.402	695.699	-875.771	835.607	692.149	-830.245	1030.602	656.696	-1156.179	976.044	647.934	-1189.466	977.143	565.022	-1182.418	987.382	390.192	-1205.084	1002.877	303.99	-1210.646	1046.558	399.471	-1181.912	882.793	395.935	-801.781	884.84	309.884	-785.274	1061.978	317.376	-1187.54	836.46	604.54	-833.397	1030.494	568.331	-1149.545	1098.281	32.173	-1172.675	1024.798	25.299	-1101.005	935.325	22.376	-780.098	956.494	27.255	-883.605
1683	8.41	923.658	1692.928	-991.546	931.61	1409.797	-817.171	1090.857	1399.873	-1089.4	899.356	1358.997	-1018.802	803.025	911.762	-933.086	926.296	931.562	-1134.739	1007.436	964.375	-953.672	1002.873	475.04	-1166.007	947.882	454.728	-1065.893	847.422	476.084	-849.1	885.307	456.724	-950.542	906.931	102.817	-808.777	726.911	56.34	-869.062	1104.899	34.388	-1104.218	990.156	103.246	-1115.276	1060.747	105.113	-1173.954	786.882	45.244	-907.898	793.451	46.368	-802.843	1001.378	31.505	-814.616	927.144	104.607	-894.468	830.602	388.157	-837.645	828.8	307.501	-819.721	876.147	54.959	-1277.427	899.985	44.524	-1205.439	986.502	37.451	-1275.045	790.307	612.828	-879.473	791.419	695.69	-875.76	835.625	692.178	-830.239	1030.605	656.692	-1156.223	976.051	647.954	-1189.463	977.145	565.007	-1182.4	987.367	390.198	-1205.104	1002.879	303.965	-1210.66	1046.562	399.438	-1181.881	882.78	395.931	-801.777	884.821	309.902	-785.266	1061.974	317.387	-1187.544	837.216	603.587	-833.811	1030.44	568.287	-1149.581	1098.278	32.222	-1172.701	1024.774	25.339	-1101.013	935.31	22.301	-780.129	956.486	27.268	-883.616
1684	8.415	923.638	1692.931	-991.55	931.629	1409.831	-817.171	1090.865	1399.88	-1089.413	898.97	1359.146	-1018.984	803.045	911.764	-933.07	926.296	931.579	-1134.775	1007.453	964.385	-953.675	1002.871	475.052	-1166.003	947.907	454.73	-1065.889	847.442	476.06	-849.112	885.36	456.764	-950.558	906.926	102.803	-808.768	726.895	56.332	-869.083	1104.886	34.396	-1104.201	990.126	103.364	-1115.347	1060.605	104.808	-1173.992	786.888	45.272	-907.916	793.445	46.351	-802.849	1001.348	31.5	-814.588	927.179	104.596	-894.513	830.521	388.209	-837.663	828.789	307.514	-819.728	876.118	55.014	-1277.431	899.969	44.535	-1205.436	986.48	37.451	-1275.075	790.316	612.867	-879.481	791.413	695.711	-875.777	835.625	692.178	-830.239	1030.614	656.689	-1156.219	976.05	647.965	-1189.479	977.135	565.024	-1182.429	987.371	390.193	-1205.102	1002.881	303.958	-1210.647	1046.553	399.453	-1181.908	882.807	395.957	-801.749	884.879	309.874	-785.264	1061.962	317.379	-1187.543	836.462	604.538	-833.394	1030.441	568.308	-1149.587	1098.274	32.207	-1172.701	1024.783	25.301	-1101.017	935.319	22.351	-780.122	956.482	27.298	-883.613
1685	8.42	923.642	1692.947	-991.573	931.634	1409.795	-817.181	1090.865	1399.874	-1089.411	898.977	1359.114	-1018.981	803.088	911.753	-933.058	926.29	931.578	-1134.761	1007.492	964.385	-953.685	1002.838	475.063	-1166.033	947.932	454.722	-1065.901	847.476	476.094	-849.086	885.357	456.72	-950.539	907.149	103.214	-808.463	726.912	56.325	-869.065	1104.896	34.396	-1104.22	990.175	103.25	-1115.252	1060.679	104.938	-1173.986	786.898	45.245	-907.896	793.45	46.337	-802.853	1001.375	31.522	-814.597	927.143	104.592	-894.536	830.581	388.127	-837.692	828.824	307.503	-819.71	876.145	54.944	-1277.421	899.99	44.527	-1205.421	986.481	37.462	-1275.037	790.349	612.836	-879.492	791.437	695.715	-875.748	835.614	692.174	-830.236	1030.592	656.706	-1156.234	976.055	647.954	-1189.464	977.138	564.991	-1182.425	987.36	390.222	-1205.123	1002.862	303.982	-1210.657	1046.544	399.452	-1181.913	882.815	395.947	-801.787	884.857	309.874	-785.262	1061.947	317.396	-1187.531	836.5	604.537	-833.374	1030.475	568.292	-1149.552	1098.25	32.2	-1172.673	1024.776	25.311	-1101.016	935.311	22.321	-780.109	956.495	27.272	-883.614
1686	8.425	923.658	1692.922	-991.588	931.662	1409.834	-817.214	1090.871	1399.873	-1089.437	899.376	1358.988	-1018.85	803.087	911.757	-933.062	926.318	931.586	-1134.763	1007.513	964.371	-953.665	1002.859	475.038	-1166.003	947.868	454.748	-1065.909	847.498	476.128	-849.045	885.359	456.725	-950.548	906.921	102.816	-808.768	726.911	56.346	-869.072	1104.892	34.395	-1104.225	990.15	103.269	-1115.298	1060.706	104.859	-1173.932	786.873	45.23	-907.909	793.444	46.373	-802.819	1001.347	31.513	-814.585	927.089	104.582	-894.57	830.601	388.116	-837.659	828.813	307.505	-819.694	876.121	54.994	-1277.44	899.973	44.52	-1205.442	986.498	37.464	-1275.039	790.359	612.859	-879.468	791.456	695.715	-875.745	835.652	692.198	-830.22	1030.619	656.709	-1156.262	976.053	647.943	-1189.485	977.139	565.009	-1182.424	987.344	390.201	-1205.116	1002.874	303.996	-1210.652	1046.527	399.448	-1181.904	882.814	395.94	-801.763	884.826	309.871	-785.275	1061.945	317.409	-1187.562	837.205	603.589	-833.763	1030.466	568.297	-1149.555	1098.229	32.215	-1172.689	1024.763	25.309	-1101.025	935.329	22.325	-780.129	956.497	27.295	-883.626
1687	8.43	923.633	1692.934	-991.602	931.681	1409.833	-817.218	1090.882	1399.881	-1089.456	899.401	1359.01	-1018.873	803.106	911.764	-933.045	926.337	931.567	-1134.754	1007.534	964.339	-953.634	1002.855	475.067	-1166.029	947.886	454.715	-1065.931	847.503	476.119	-849.048	885.357	456.762	-950.55	906.95	102.827	-808.75	726.909	56.32	-869.07	1104.905	34.422	-1104.209	990.136	103.243	-1115.268	1060.509	104.899	-1174.058	786.89	45.241	-907.893	793.449	46.39	-802.829	1001.382	31.533	-814.598	927.09	104.599	-894.597	830.615	388.164	-837.68	828.829	307.507	-819.7	876.14	54.662	-1277.246	899.986	44.528	-1205.417	986.459	37.437	-1275.026	790.376	612.861	-879.468	791.472	695.702	-875.759	835.638	692.188	-830.231	1030.625	656.719	-1156.232	976.048	647.951	-1189.502	977.133	565.016	-1182.43	987.349	390.192	-1205.12	1002.87	303.971	-1210.662	1046.545	399.444	-1181.899	882.818	395.939	-801.759	884.846	309.846	-785.254	1061.954	317.412	-1187.571	837.195	603.592	-833.761	1030.458	568.335	-1149.602	1098.258	32.184	-1172.662	1024.765	25.283	-1101.017	935.337	22.319	-780.096	956.505	27.285	-883.58
1688	8.435	923.655	1692.936	-991.6	931.659	1409.818	-817.21	1090.912	1399.856	-1089.451	899.421	1359.003	-1018.86	803.132	911.759	-933.047	926.32	931.587	-1134.741	1007.554	964.35	-953.66	1002.872	475.037	-1166.014	947.895	454.725	-1065.901	847.542	476.074	-849.004	885.348	456.77	-950.553	906.914	102.824	-808.765	726.9	56.33	-869.064	1104.892	34.367	-1104.19	990.146	103.26	-1115.278	1060.609	104.992	-1174.026	786.868	45.255	-907.896	793.429	46.35	-802.814	1001.368	31.528	-814.599	927.051	104.553	-894.607	830.612	388.151	-837.672	828.813	307.537	-819.7	876.144	54.962	-1277.417	899.968	44.519	-1205.436	986.483	37.464	-1275.046	790.4	612.856	-879.463	791.492	695.731	-875.724	835.663	692.147	-830.215	1030.61	656.666	-1156.217	976.049	647.959	-1189.482	977.15	565.046	-1182.434	987.351	390.188	-1205.111	1002.872	304.009	-1210.661	1046.547	399.421	-1181.932	882.815	395.963	-801.77	884.831	309.865	-785.267	1061.943	317.416	-1187.558	837.221	603.555	-833.788	1030.504	568.274	-1149.579	1098.267	32.184	-1172.676	1024.785	25.307	-1101.035	935.324	22.314	-780.118	956.492	27.331	-883.629
1689	8.44	923.659	1692.931	-991.594	931.723	1409.802	-817.24	1090.92	1399.883	-1089.441	899.046	1359.129	-1018.993	803.137	911.775	-933.018	926.351	931.59	-1134.761	1007.598	964.379	-953.648	1002.88	475.057	-1166.027	947.911	454.711	-1065.916	847.574	476.096	-848.977	885.393	456.738	-950.549	906.948	102.814	-808.756	726.889	56.343	-869.069	1104.894	34.417	-1104.203	990.145	103.279	-1115.3	1060.707	105.017	-1173.963	786.862	45.283	-907.889	793.466	46.364	-802.827	1001.33	31.526	-814.592	927.043	104.561	-894.608	830.602	388.168	-837.657	828.809	307.512	-819.705	876.12	54.974	-1277.403	899.964	44.532	-1205.417	986.455	37.472	-1275.044	790.425	612.85	-879.427	791.506	695.731	-875.718	835.708	692.168	-830.211	1030.615	656.702	-1156.216	976.055	647.979	-1189.494	977.132	565.03	-1182.407	987.344	390.194	-1205.108	1002.862	303.997	-1210.646	1046.543	399.432	-1181.921	882.856	395.943	-801.763	884.831	309.892	-785.242	1061.954	317.405	-1187.578	837.224	603.568	-833.8	1030.475	568.259	-1149.563	1098.274	32.242	-1172.684	1024.779	25.283	-1101.049	935.304	22.328	-780.106	956.468	27.319	-883.645
1690	8.445	923.658	1692.917	-991.588	931.727	1409.79	-817.206	1090.932	1399.881	-1089.5	899.077	1359.132	-1019.011	803.164	911.755	-933.017	926.327	931.607	-1134.746	1007.511	964.349	-953.697	1002.902	475.058	-1166.006	947.898	454.731	-1065.936	847.595	476.098	-848.94	885.318	456.747	-950.557	906.942	102.846	-808.739	726.901	56.356	-869.045	1104.893	34.424	-1104.217	990.167	103.269	-1115.282	1060.713	104.933	-1173.942	786.873	45.253	-907.899	793.447	46.357	-802.82	1001.342	31.491	-814.608	927.073	104.58	-894.657	830.619	388.171	-837.657	828.805	307.488	-819.707	876.099	55.014	-1277.435	899.976	44.528	-1205.434	986.488	37.476	-1275.047	790.429	612.847	-879.439	791.507	695.729	-875.704	835.701	692.175	-830.196	1030.619	656.694	-1156.204	976.072	647.961	-1189.475	977.155	565.026	-1182.415	987.339	390.21	-1205.106	1002.864	303.975	-1210.641	1046.527	399.426	-1181.903	882.819	395.94	-801.75	884.846	309.878	-785.263	1061.945	317.402	-1187.569	837.279	603.542	-833.809	1030.488	568.265	-1149.546	1098.296	32.2	-1172.681	1024.773	25.307	-1101.032	935.354	22.374	-780.093	956.457	27.357	-883.651
1691	8.45	923.668	1692.943	-991.622	931.77	1409.802	-817.23	1090.958	1399.87	-1089.49	899.112	1359.121	-1019.027	803.17	911.763	-933.003	926.343	931.608	-1134.764	1007.559	964.371	-953.695	1002.884	475.065	-1166.03	947.915	454.72	-1065.918	847.678	476.073	-848.833	885.349	456.766	-950.542	906.937	102.835	-808.753	726.893	56.344	-869.042	1104.903	34.426	-1104.197	990.157	103.239	-1115.303	1060.777	105.015	-1173.914	786.859	45.232	-907.905	793.446	46.342	-802.814	1001.349	31.528	-814.618	927.056	104.596	-894.625	830.646	388.129	-837.662	828.837	307.503	-819.705	876.121	54.986	-1277.417	899.975	44.545	-1205.414	986.463	37.447	-1275.033	790.442	612.866	-879.44	791.525	695.74	-875.686	835.749	692.165	-830.198	1030.652	656.697	-1156.199	976.096	647.966	-1189.472	977.172	565.03	-1182.427	987.365	390.209	-1205.118	1002.864	304.012	-1210.65	1046.543	399.437	-1181.936	882.832	395.929	-801.768	884.881	309.865	-785.255	1061.947	317.431	-1187.569	837.266	603.569	-833.778	1030.509	568.299	-1149.529	1098.275	32.237	-1172.705	1024.762	25.302	-1101.039	935.341	22.361	-780.081	956.458	27.312	-883.62
1692	8.455	923.685	1692.905	-991.618	931.762	1409.819	-817.242	1090.969	1399.872	-1089.489	899.1	1359.127	-1019.023	803.191	911.754	-932.986	926.361	931.618	-1134.734	1007.622	964.386	-953.689	1002.87	475.059	-1166.012	947.928	454.708	-1065.919	847.734	476.083	-848.735	885.329	456.707	-950.535	906.917	102.814	-808.756	726.908	56.348	-869.047	1104.904	34.405	-1104.196	990.159	103.256	-1115.322	1060.7	105.03	-1173.97	786.878	45.261	-907.878	793.426	46.373	-802.824	1001.377	31.546	-814.606	927.039	104.594	-894.636	830.578	388.175	-837.669	828.828	307.519	-819.692	876.09	55.051	-1277.444	899.948	44.583	-1205.428	986.47	37.467	-1275.05	790.441	612.872	-879.411	791.545	695.72	-875.662	835.724	692.175	-830.176	1030.633	656.704	-1156.208	976.102	647.948	-1189.473	977.159	565.033	-1182.426	987.354	390.224	-1205.101	1002.883	303.992	-1210.658	1046.55	399.436	-1181.93	882.827	395.965	-801.759	884.857	309.895	-785.281	1061.965	317.388	-1187.561	837.268	603.533	-833.785	1030.525	568.314	-1149.502	1098.269	32.196	-1172.674	1024.78	25.291	-1101.017	935.355	22.372	-780.064	956.469	27.322	-883.61
1693	8.46	923.69	1692.928	-991.655	931.775	1409.809	-817.239	1090.978	1399.878	-1089.501	899.111	1359.123	-1019.033	803.209	911.764	-932.986	926.347	931.582	-1134.719	1007.626	964.375	-953.689	1002.9	475.059	-1166.022	947.963	454.719	-1065.899	848.416	476.169	-847.905	885.349	456.726	-950.531	906.954	102.811	-808.77	726.888	56.364	-869.047	1104.886	34.396	-1104.187	990.174	103.259	-1115.326	1060.728	105.05	-1173.955	786.855	45.276	-907.893	793.433	46.377	-802.827	1001.357	31.537	-814.605	927.03	104.594	-894.65	830.622	388.172	-837.645	828.827	307.512	-819.69	876.108	55.004	-1277.417	899.971	44.56	-1205.414	986.467	37.486	-1275.042	790.471	612.872	-879.425	791.521	695.753	-875.665	835.775	692.187	-830.19	1030.666	656.722	-1156.204	976.099	647.946	-1189.457	977.178	565.041	-1182.417	987.393	390.191	-1205.115	1002.892	303.98	-1210.675	1046.568	399.432	-1181.928	882.829	395.965	-801.736	884.849	309.898	-785.263	1061.985	317.406	-1187.565	836.553	604.544	-833.353	1030.515	568.289	-1149.548	1098.242	32.201	-1172.71	1024.783	25.303	-1101.033	935.324	22.37	-780.069	956.496	27.316	-883.602
1694	8.465	923.686	1692.94	-991.671	931.799	1409.809	-817.262	1091.005	1399.871	-1089.504	899.141	1359.14	-1019.029	803.238	911.747	-932.968	926.381	931.598	-1134.744	1007.594	964.32	-953.699	1002.898	475.07	-1166.02	947.952	454.679	-1065.906	848.411	476.153	-847.877	885.32	456.687	-950.555	906.925	102.812	-808.771	726.896	56.39	-869.052	1104.903	34.417	-1104.212	990.179	103.248	-1115.304	1060.711	104.809	-1173.937	786.884	45.244	-907.883	793.443	46.376	-802.813	1001.35	31.525	-814.634	927.055	104.586	-894.631	830.63	388.162	-837.614	828.849	307.51	-819.688	876.116	54.987	-1277.425	899.979	44.55	-1205.404	986.468	37.459	-1275.025	790.464	612.897	-879.427	791.559	695.717	-875.623	835.785	692.14	-830.175	1030.673	656.709	-1156.174	976.112	647.948	-1189.453	977.181	565.026	-1182.401	987.38	390.213	-1205.107	1002.895	303.978	-1210.652	1046.578	399.429	-1181.909	882.835	395.949	-801.76	884.87	309.873	-785.294	1061.975	317.39	-1187.568	837.305	603.575	-833.791	1030.549	568.273	-1149.53	1098.279	32.189	-1172.694	1024.783	25.303	-1101.022	935.316	22.371	-780.095	956.476	27.314	-883.612
1695	8.47	923.691	1692.912	-991.677	931.83	1409.806	-817.248	1091.028	1399.881	-1089.507	899.156	1359.134	-1019.013	803.249	911.783	-932.955	926.383	931.592	-1134.717	1007.634	964.316	-953.686	1002.927	475.06	-1166.01	947.927	454.708	-1065.908	848.433	476.187	-847.907	885.369	456.744	-950.527	906.942	102.855	-808.734	726.883	56.351	-869.058	1104.905	34.408	-1104.217	990.183	103.233	-1115.312	1060.83	105.139	-1173.939	786.874	45.268	-907.894	793.463	46.344	-802.814	1001.363	31.544	-814.62	927.012	104.517	-894.665	831.215	388.142	-836.822	828.855	307.5	-819.704	876.126	55.009	-1277.431	899.991	44.558	-1205.425	986.485	37.444	-1275.048	790.48	612.859	-879.409	791.58	695.745	-875.633	835.757	692.187	-830.158	1030.656	656.706	-1156.196	976.105	647.983	-1189.465	977.197	564.999	-1182.399	987.382	390.189	-1205.11	1002.882	303.982	-1210.655	1046.562	399.458	-1181.95	882.846	395.942	-801.741	884.886	309.874	-785.247	1061.969	317.428	-1187.592	837.31	603.543	-833.795	1030.522	568.323	-1149.544	1098.273	32.197	-1172.701	1024.768	25.296	-1101.036	935.344	22.346	-780.105	956.492	27.351	-883.618
1696	8.475	923.714	1692.911	-991.689	931.851	1409.815	-817.277	1091.031	1399.869	-1089.513	899.17	1359.134	-1019.024	803.266	911.75	-932.941	926.376	931.587	-1134.714	1007.644	964.3	-953.719	1002.916	475.019	-1166.005	947.956	454.672	-1065.898	848.416	476.161	-847.897	885.359	456.726	-950.521	906.944	102.824	-808.748	726.891	56.368	-869.036	1104.906	34.422	-1104.211	990.178	103.224	-1115.296	1060.686	104.781	-1173.962	786.867	45.265	-907.912	793.444	46.338	-802.8	1001.341	31.5	-814.588	927.089	104.57	-894.653	831.291	388.182	-836.706	828.851	307.515	-819.67	876.074	54.373	-1277.108	899.971	44.522	-1205.407	986.498	37.481	-1275.042	790.493	612.871	-879.385	791.586	695.749	-875.645	835.819	692.184	-830.165	1030.679	656.682	-1156.171	976.118	647.978	-1189.467	977.203	565.006	-1182.384	987.36	390.227	-1205.106	1002.883	304.005	-1210.648	1046.587	399.447	-1181.925	882.869	395.973	-801.73	884.895	309.885	-785.248	1061.957	317.434	-1187.576	836.6	604.516	-833.348	1030.55	568.267	-1149.529	1098.266	32.204	-1172.688	1024.783	25.318	-1101.004	935.337	22.336	-780.098	956.467	27.339	-883.631
1697	8.48	923.706	1692.896	-991.716	931.885	1409.805	-817.293	1091.044	1399.874	-1089.539	899.186	1359.119	-1019.029	803.285	911.771	-932.942	926.413	931.582	-1134.709	1007.691	964.331	-953.686	1002.926	475.017	-1165.984	947.994	454.71	-1065.894	848.45	476.179	-847.863	885.391	456.744	-950.532	906.952	102.783	-808.719	726.902	56.356	-869.065	1104.864	34.346	-1104.208	990.193	103.256	-1115.312	1060.592	104.79	-1173.984	786.862	45.266	-907.888	793.448	46.353	-802.81	1001.362	31.498	-814.595	927.026	104.558	-894.66	831.372	388.228	-836.605	828.877	307.531	-819.648	876.082	54.355	-1277.138	899.959	44.546	-1205.406	986.476	37.441	-1275.052	790.505	612.872	-879.394	791.598	695.737	-875.624	835.79	692.201	-830.128	1030.674	656.701	-1156.2	976.11	647.986	-1189.443	977.181	565.038	-1182.437	987.394	390.214	-1205.097	1002.893	303.979	-1210.652	1046.58	399.465	-1181.907	882.863	395.941	-801.741	884.909	309.885	-785.241	1061.969	317.408	-1187.57	837.323	603.523	-833.799	1030.534	568.274	-1149.485	1098.265	32.217	-1172.69	1024.787	25.296	-1101.025	935.316	22.324	-780.115	956.484	27.358	-883.626
1698	8.485	923.722	1692.927	-991.748	931.899	1409.803	-817.277	1091.069	1399.864	-1089.529	899.209	1359.121	-1019.024	803.286	911.762	-932.924	926.42	931.576	-1134.693	1007.647	964.317	-953.665	1002.917	475.028	-1166.001	947.937	454.706	-1065.901	848.455	476.17	-847.848	885.366	456.75	-950.511	906.931	102.783	-808.754	726.896	56.339	-869.037	1104.908	34.395	-1104.213	990.161	103.252	-1115.315	1060.709	104.908	-1173.94	786.853	45.256	-907.887	793.442	46.354	-802.813	1001.33	31.504	-814.6	927.079	104.554	-894.663	831.358	388.142	-836.564	828.886	307.495	-819.649	876.079	54.378	-1277.144	899.997	44.527	-1205.421	986.48	37.46	-1275.044	790.522	612.845	-879.371	791.622	695.743	-875.623	835.855	692.171	-830.135	1030.667	656.693	-1156.207	976.119	647.984	-1189.461	977.195	565.014	-1182.394	987.377	390.201	-1205.094	1002.901	303.995	-1210.646	1046.579	399.436	-1181.911	882.905	395.942	-801.715	884.918	309.857	-785.228	1061.997	317.407	-1187.573	837.305	603.529	-833.822	1030.543	568.286	-1149.532	1098.26	32.198	-1172.66	1024.775	25.297	-1101.013	935.306	22.334	-780.104	956.471	27.296	-883.61
1699	8.49	923.72	1692.916	-991.735	931.92	1409.782	-817.289	1091.088	1399.851	-1089.537	899.237	1359.121	-1019.02	803.296	911.785	-932.911	926.441	931.579	-1134.694	1007.66	964.293	-953.667	1002.928	475.006	-1165.99	947.958	454.695	-1065.879	848.462	476.203	-847.848	885.399	456.773	-950.506	906.919	102.818	-808.747	726.909	56.345	-869.04	1104.896	34.357	-1104.218	990.195	103.224	-1115.292	1060.746	105.017	-1173.987	786.89	45.27	-907.903	793.438	46.358	-802.803	1001.363	31.471	-814.607	927.035	104.519	-894.695	831.39	388.15	-836.58	828.89	307.518	-819.645	876.08	54.385	-1277.142	899.987	44.522	-1205.421	986.475	37.438	-1275.033	790.537	612.859	-879.364	791.641	695.743	-875.63	835.82	692.209	-830.13	1030.676	656.665	-1156.189	976.131	647.949	-1189.431	977.2	565.022	-1182.403	987.397	390.2	-1205.1	1002.893	303.975	-1210.642	1046.583	399.41	-1181.88	882.895	395.949	-801.718	884.914	309.854	-785.252	1061.973	317.41	-1187.594	836.598	604.542	-833.34	1030.576	568.263	-1149.492	1098.244	32.172	-1172.694	1024.765	25.297	-1101.013	935.308	22.344	-780.081	956.475	27.304	-883.621
1700	8.495	923.728	1692.924	-991.786	931.961	1409.804	-817.266	1091.105	1399.873	-1089.563	899.237	1359.118	-1019.047	803.305	911.771	-932.892	926.475	931.581	-1134.705	1007.704	964.321	-953.655	1002.945	475.028	-1165.979	947.967	454.727	-1065.871	848.464	476.187	-847.834	885.42	456.764	-950.519	906.947	102.804	-808.732	726.9	56.358	-869.042	1104.883	34.366	-1104.2	990.134	103.228	-1115.321	1060.531	104.797	-1174.073	786.868	45.271	-907.895	793.438	46.364	-802.826	1001.349	31.485	-814.597	927.051	104.551	-894.661	831.433	388.2	-836.536	828.894	307.52	-819.66	876.044	54.409	-1277.166	899.994	44.541	-1205.408	986.47	37.447	-1275.042	790.547	612.871	-879.363	791.66	695.767	-875.619	835.88	692.196	-830.132	1030.711	656.672	-1156.166	976.14	647.995	-1189.447	977.203	565.015	-1182.4	987.404	390.202	-1205.099	1002.897	303.962	-1210.618	1046.602	399.43	-1181.907	882.923	395.959	-801.708	884.939	309.838	-785.236	1061.985	317.399	-1187.572	837.351	603.519	-833.852	1030.556	568.247	-1149.527	1098.27	32.176	-1172.702	1024.795	25.288	-1101.018	935.339	22.293	-780.092	956.487	27.312	-883.622
1701	8.5	923.732	1692.901	-991.782	931.974	1409.796	-817.314	1091.121	1399.855	-1089.558	899.271	1359.099	-1019.044	803.324	911.779	-932.914	926.477	931.58	-1134.67	1007.74	964.313	-953.663	1002.955	475.023	-1165.977	947.993	454.711	-1065.839	848.48	476.201	-847.839	885.432	456.765	-950.482	906.969	102.815	-808.763	726.912	56.347	-869.03	1104.903	34.365	-1104.198	990.16	103.271	-1115.31	1060.622	105.019	-1173.99	786.839	45.253	-907.896	793.445	46.35	-802.816	1001.364	31.53	-814.567	927.029	104.559	-894.682	831.452	388.213	-836.56	828.92	307.536	-819.642	876.064	54.403	-1277.179	899.991	44.515	-1205.422	986.451	37.471	-1275.036	790.561	612.87	-879.378	791.686	695.744	-875.616	835.873	692.195	-830.123	1030.73	656.692	-1156.194	976.124	647.977	-1189.458	977.208	565.01	-1182.405	987.419	390.196	-1205.087	1002.915	303.973	-1210.633	1046.598	399.446	-1181.898	882.91	395.951	-801.691	884.922	309.855	-785.215	1061.998	317.401	-1187.537	837.4	603.507	-833.867	1030.573	568.272	-1149.519	1098.271	32.207	-1172.673	1024.783	25.293	-1101.012	935.311	22.296	-780.073	956.471	27.305	-883.617
1702	8.505	923.753	1692.912	-991.824	931.999	1409.827	-817.288	1091.148	1399.875	-1089.592	899.283	1359.112	-1019.068	803.333	911.78	-932.899	926.504	931.579	-1134.691	1007.731	964.343	-953.64	1002.956	475.038	-1165.972	948.011	454.701	-1065.829	848.502	476.221	-847.825	885.412	456.747	-950.46	906.935	102.829	-808.741	726.895	56.336	-869.052	1104.909	34.361	-1104.192	990.162	103.257	-1115.28	1060.656	104.88	-1173.958	786.891	45.255	-907.879	793.456	46.369	-802.805	1001.361	31.52	-814.587	927.029	104.587	-894.66	831.43	388.214	-836.566	828.922	307.514	-819.626	876.057	54.448	-1277.179	899.99	44.522	-1205.419	986.473	37.456	-1275.038	790.586	612.866	-879.37	791.694	695.755	-875.606	835.892	692.203	-830.125	1030.714	656.66	-1156.179	976.158	647.948	-1189.425	977.244	565.011	-1182.386	987.424	390.214	-1205.067	1002.916	303.985	-1210.623	1046.605	399.446	-1181.909	882.938	395.943	-801.68	884.926	309.854	-785.195	1061.982	317.365	-1187.536	836.616	604.527	-833.393	1030.6	568.288	-1149.536	1098.277	32.186	-1172.69	1024.798	25.292	-1100.997	935.317	22.332	-780.093	956.486	27.278	-883.595
1703	8.51	923.761	1692.877	-991.783	932.012	1409.824	-817.287	1091.157	1399.866	-1089.602	899.327	1359.103	-1019.046	803.348	911.785	-932.877	926.508	931.574	-1134.662	1007.757	964.318	-953.621	1002.951	475.055	-1165.989	948.021	454.714	-1065.848	848.5	476.191	-847.831	885.472	456.762	-950.462	906.938	102.83	-808.741	726.9	56.362	-869.061	1104.919	34.352	-1104.208	990.171	103.268	-1115.322	1060.694	105.096	-1173.969	786.873	45.238	-907.881	793.45	46.345	-802.833	1001.364	31.451	-814.593	927.063	104.565	-894.659	831.464	388.226	-836.583	828.928	307.517	-819.645	876.023	54.442	-1277.195	899.991	44.487	-1205.44	986.486	37.48	-1275.049	790.578	612.857	-879.344	791.686	695.754	-875.613	835.911	692.218	-830.103	1030.734	656.695	-1156.175	976.156	647.96	-1189.436	977.236	565.002	-1182.351	987.42	390.206	-1205.074	1002.937	303.995	-1210.62	1046.631	399.407	-1181.871	882.93	395.968	-801.695	884.948	309.884	-785.19	1062.037	317.369	-1187.538	836.622	604.519	-833.377	1030.61	568.328	-1149.534	1098.279	32.232	-1172.688	1024.815	25.32	-1101.002	935.336	22.352	-780.08	956.487	27.308	-883.614
1704	8.515	923.765	1692.906	-991.845	932.064	1409.824	-817.281	1091.161	1399.858	-1089.614	899.353	1359.107	-1019.055	803.367	911.772	-932.889	926.525	931.59	-1134.678	1007.774	964.302	-953.603	1002.979	475.039	-1165.97	947.982	454.734	-1065.85	848.537	476.221	-847.796	885.547	456.754	-950.428	906.954	102.796	-808.735	726.895	56.376	-869.105	1104.9	34.379	-1104.2	990.155	103.243	-1115.261	1060.686	105.022	-1173.946	786.853	45.208	-907.902	793.468	46.372	-802.811	1001.367	31.508	-814.578	927.053	104.578	-894.67	831.455	388.181	-836.586	828.934	307.541	-819.624	876.019	54.509	-1277.226	899.992	44.504	-1205.403	986.467	37.442	-1275.025	790.607	612.875	-879.334	791.721	695.762	-875.61	835.939	692.186	-830.123	1030.749	656.697	-1156.179	976.173	647.94	-1189.427	977.264	564.994	-1182.337	987.456	390.208	-1205.072	1002.953	303.963	-1210.608	1046.638	399.434	-1181.876	882.999	395.969	-801.681	884.971	309.872	-785.202	1062.041	317.357	-1187.534	836.655	604.525	-833.388	1030.641	568.277	-1149.483	1098.279	32.189	-1172.707	1024.772	25.307	-1101.004	935.295	22.369	-780.089	956.498	27.298	-883.612
1705	8.52	923.758	1692.903	-991.855	932.067	1409.859	-817.317	1091.178	1399.857	-1089.634	899.332	1359.089	-1019.038	803.372	911.787	-932.879	926.544	931.57	-1134.634	1007.785	964.316	-953.618	1003.01	475.029	-1165.945	948.041	454.704	-1065.847	848.524	476.236	-847.792	885.452	456.738	-950.457	906.965	102.789	-808.721	726.898	56.374	-869.115	1104.925	34.391	-1104.223	990.184	103.232	-1115.309	1060.601	104.883	-1174.041	786.86	45.252	-907.912	793.453	46.364	-802.838	1001.403	31.504	-814.622	927.094	104.552	-894.671	831.428	388.206	-836.606	828.945	307.517	-819.603	876.021	54.507	-1277.235	900.005	44.518	-1205.416	986.463	37.465	-1275.044	790.616	612.872	-879.332	791.729	695.76	-875.608	835.941	692.204	-830.104	1030.755	656.692	-1156.137	976.211	647.953	-1189.417	977.274	565.023	-1182.355	987.459	390.199	-1205.057	1002.963	303.994	-1210.602	1046.659	399.421	-1181.863	882.979	395.951	-801.676	884.976	309.86	-785.208	1062.049	317.357	-1187.516	837.372	603.564	-833.87	1030.612	568.282	-1149.514	1098.269	32.209	-1172.701	1024.778	25.286	-1101.025	935.339	22.288	-780.121	956.487	27.326	-883.641
1706	8.525	923.783	1692.92	-991.885	932.101	1409.834	-817.335	1091.19	1399.864	-1089.636	899.371	1359.098	-1019.049	803.388	911.787	-932.872	926.565	931.579	-1134.629	1007.778	964.318	-953.625	1003.007	475.033	-1165.94	948.059	454.717	-1065.832	848.538	476.216	-847.81	885.475	456.706	-950.47	906.973	102.811	-808.734	726.877	56.381	-869.12	1104.9	34.38	-1104.215	990.188	103.295	-1115.317	1060.599	104.991	-1173.981	786.864	45.218	-907.914	793.449	46.357	-802.836	1001.377	31.524	-814.614	927.051	104.608	-894.644	831.41	388.226	-836.643	828.965	307.519	-819.619	876.003	54.482	-1277.249	899.995	44.501	-1205.393	986.482	37.46	-1275.037	790.637	612.868	-879.353	791.752	695.77	-875.594	835.954	692.198	-830.09	1030.772	656.699	-1156.169	976.217	647.962	-1189.408	977.288	565.015	-1182.347	987.474	390.219	-1205.048	1002.959	303.952	-1210.581	1046.669	399.411	-1181.847	882.975	395.931	-801.667	884.986	309.897	-785.186	1062.045	317.378	-1187.541	836.655	604.544	-833.408	1030.651	568.315	-1149.491	1098.276	32.197	-1172.697	1024.782	25.301	-1101	935.336	22.325	-780.09	956.468	27.304	-883.621
1707	8.53	923.79	1692.899	-991.899	932.114	1409.848	-817.347	1091.205	1399.845	-1089.634	899.404	1359.083	-1019.044	803.404	911.786	-932.881	926.569	931.584	-1134.63	1007.795	964.292	-953.609	1003.029	475.028	-1165.923	948.046	454.717	-1065.824	848.528	476.196	-847.834	885.556	456.736	-950.433	906.915	102.83	-808.716	726.872	56.384	-869.144	1104.894	34.366	-1104.195	990.193	103.214	-1115.331	1060.519	104.759	-1174.041	786.844	45.222	-907.932	793.452	46.355	-802.833	1001.341	31.522	-814.589	927.076	104.61	-894.648	831.363	388.201	-836.694	828.959	307.526	-819.588	876.001	54.497	-1277.248	900.018	44.504	-1205.395	986.456	37.452	-1275.033	790.636	612.879	-879.338	791.758	695.746	-875.577	835.977	692.191	-830.104	1030.777	656.708	-1156.132	976.233	647.96	-1189.405	977.29	565.025	-1182.31	987.492	390.22	-1205.061	1002.976	303.964	-1210.587	1046.677	399.389	-1181.852	882.989	395.939	-801.657	884.937	309.876	-785.197	1062.062	317.369	-1187.502	836.66	604.527	-833.393	1030.657	568.281	-1149.442	1098.298	32.188	-1172.704	1024.773	25.3	-1101.023	935.341	22.323	-780.073	956.482	27.275	-883.594
1708	8.535	923.802	1692.888	-991.907	932.134	1409.826	-817.372	1091.22	1399.849	-1089.645	899.427	1359.084	-1019.023	803.418	911.798	-932.882	926.605	931.556	-1134.613	1007.857	964.289	-953.575	1003.048	475.055	-1165.937	948.067	454.704	-1065.82	848.554	476.227	-847.794	885.514	456.745	-950.436	906.95	102.809	-808.706	726.844	56.388	-869.199	1104.893	34.372	-1104.21	990.187	103.219	-1115.306	1060.53	104.804	-1174.011	786.827	45.249	-907.935	793.45	46.352	-802.822	1001.37	31.521	-814.591	927.037	104.534	-894.649	831.327	388.188	-836.719	828.964	307.55	-819.607	876.008	54.501	-1277.269	899.99	44.511	-1205.405	986.49	37.433	-1275.039	790.668	612.873	-879.336	791.769	695.749	-875.575	835.971	692.204	-830.084	1030.813	656.656	-1156.091	976.251	647.949	-1189.389	977.349	565.016	-1182.304	987.486	390.206	-1205.038	1002.991	303.952	-1210.598	1046.685	399.412	-1181.843	882.988	395.952	-801.651	884.955	309.845	-785.182	1062.081	317.381	-1187.511	836.667	604.513	-833.425	1030.68	568.33	-1149.433	1098.285	32.173	-1172.712	1024.794	25.308	-1101.004	935.319	22.293	-780.082	956.461	27.34	-883.638
1709	8.54	923.811	1692.881	-991.914	932.168	1409.874	-817.348	1091.23	1399.841	-1089.666	899.458	1359.085	-1019.082	803.434	911.789	-932.854	926.599	931.578	-1134.61	1007.809	964.316	-953.6	1003.045	475.021	-1165.922	948.097	454.704	-1065.805	848.618	476.244	-847.762	885.536	456.763	-950.431	906.962	102.797	-808.703	726.823	56.431	-869.235	1104.916	34.337	-1104.207	990.181	103.224	-1115.299	1060.646	104.967	-1174.014	786.842	45.245	-907.952	793.476	46.335	-802.83	1001.378	31.501	-814.585	927.106	104.574	-894.631	831.28	388.154	-836.772	828.974	307.523	-819.608	875.989	54.539	-1277.26	900.002	44.491	-1205.419	986.473	37.46	-1275.028	790.67	612.911	-879.334	791.78	695.76	-875.58	835.959	692.213	-830.085	1030.82	656.7	-1156.082	976.271	647.942	-1189.357	977.364	565.009	-1182.293	987.505	390.208	-1205.043	1002.978	303.96	-1210.595	1046.699	399.399	-1181.826	882.987	395.953	-801.638	884.949	309.883	-785.185	1062.075	317.418	-1187.535	836.695	604.523	-833.424	1030.691	568.308	-1149.42	1098.289	32.175	-1172.71	1024.783	25.291	-1101.014	935.313	22.328	-780.072	956.487	27.29	-883.625
1710	8.545	923.807	1692.899	-991.963	932.186	1409.86	-817.34	1091.229	1399.839	-1089.665	899.46	1359.081	-1019.086	803.454	911.81	-932.847	926.625	931.563	-1134.59	1007.859	964.262	-953.573	1003.054	475.021	-1165.914	948.096	454.71	-1065.798	848.559	476.225	-847.796	885.495	456.726	-950.439	907.186	103.193	-808.457	726.814	56.397	-869.311	1104.906	34.353	-1104.208	990.185	103.221	-1115.286	1060.711	105.013	-1173.946	786.825	45.254	-907.974	793.467	46.369	-802.81	1001.367	31.549	-814.596	927.039	104.52	-894.667	831.282	388.182	-836.82	828.975	307.533	-819.582	875.974	54.529	-1277.268	900.031	44.48	-1205.4	986.452	37.441	-1275.03	790.687	612.904	-879.309	791.792	695.808	-875.559	836	692.204	-830.072	1030.845	656.672	-1156.088	976.32	647.973	-1189.34	977.359	565.005	-1182.29	987.508	390.205	-1205.014	1002.99	303.95	-1210.561	1046.686	399.416	-1181.857	883.006	395.955	-801.64	884.977	309.86	-785.171	1062.098	317.377	-1187.509	836.672	604.504	-833.444	1030.674	568.266	-1149.405	1098.285	32.161	-1172.701	1024.793	25.311	-1100.988	935.356	22.329	-780.086	956.467	27.287	-883.62
1711	8.55	923.839	1692.898	-991.936	932.177	1409.872	-817.353	1091.255	1399.869	-1089.68	899.496	1359.107	-1019.079	803.486	911.827	-932.857	926.655	931.582	-1134.589	1007.902	964.315	-953.55	1003.051	475.07	-1165.924	948.123	454.707	-1065.791	848.622	476.221	-847.801	885.527	456.731	-950.423	906.963	102.815	-808.696	726.777	56.462	-869.36	1104.907	34.364	-1104.207	990.218	103.194	-1115.283	1060.699	104.985	-1173.93	786.818	45.257	-908.029	793.437	46.356	-802.823	1001.345	31.481	-814.578	927.049	104.543	-894.658	831.261	388.22	-836.861	828.971	307.542	-819.602	875.973	54.558	-1277.297	900.014	44.522	-1205.391	986.485	37.491	-1275.036	790.696	612.91	-879.308	791.795	695.776	-875.526	835.989	692.209	-830.067	1030.834	656.694	-1156.073	976.295	647.993	-1189.345	977.396	565.018	-1182.296	987.52	390.223	-1205.012	1003.016	303.99	-1210.597	1046.703	399.412	-1181.851	883.026	395.961	-801.637	885.02	309.836	-785.173	1062.103	317.405	-1187.509	836.693	604.513	-833.458	1030.69	568.296	-1149.428	1098.271	32.165	-1172.682	1024.777	25.294	-1100.998	935.333	22.347	-780.074	956.496	27.339	-883.641
1712	8.555	923.839	1692.915	-992.009	932.205	1409.886	-817.376	1091.278	1399.834	-1089.697	899.501	1359.097	-1019.083	803.496	911.818	-932.823	926.677	931.589	-1134.584	1007.886	964.245	-953.555	1003.067	475.05	-1165.911	948.121	454.716	-1065.771	849.062	476.373	-847.283	885.577	456.76	-950.411	907.207	103.214	-808.429	726.761	56.5	-869.45	1104.89	34.345	-1104.192	990.175	103.278	-1115.302	1060.776	105.051	-1173.941	786.777	45.277	-908.063	793.457	46.372	-802.809	1001.382	31.513	-814.585	927.095	104.564	-894.645	831.205	388.237	-836.922	828.979	307.518	-819.583	875.955	54.591	-1277.287	900.007	44.521	-1205.385	986.505	37.461	-1275.035	790.693	612.882	-879.304	791.806	695.798	-875.532	836.005	692.228	-830.071	1030.863	656.675	-1156.056	976.312	647.996	-1189.347	977.374	565.032	-1182.29	987.524	390.234	-1205.017	1003.01	303.988	-1210.585	1046.714	399.423	-1181.817	883.012	395.947	-801.63	885.03	309.898	-785.139	1062.102	317.399	-1187.515	836.653	604.508	-833.45	1030.693	568.293	-1149.436	1098.299	32.152	-1172.694	1024.807	25.286	-1101.006	935.309	22.301	-780.095	956.493	27.295	-883.621
1713	8.56	923.871	1692.913	-991.983	932.239	1409.913	-817.352	1091.291	1399.831	-1089.688	899.491	1359.089	-1019.084	803.506	911.813	-932.81	926.695	931.604	-1134.566	1007.889	964.303	-953.561	1003.058	475.054	-1165.92	948.124	454.7	-1065.784	849.054	476.396	-847.253	885.587	456.755	-950.418	906.952	102.813	-808.709	726.731	56.518	-869.497	1104.885	34.364	-1104.209	990.209	103.252	-1115.311	1060.699	105.005	-1173.934	786.765	45.265	-908.092	793.457	46.367	-802.809	1001.388	31.489	-814.587	927.073	104.537	-894.656	831.202	388.193	-836.965	829.009	307.518	-819.589	875.961	54.568	-1277.294	900.001	44.516	-1205.405	986.487	37.453	-1275.01	790.723	612.883	-879.306	791.796	695.794	-875.53	836.025	692.218	-830.045	1030.856	656.677	-1156.045	976.317	647.991	-1189.341	977.386	565.021	-1182.278	987.538	390.22	-1205.017	1002.99	303.984	-1210.579	1046.706	399.425	-1181.842	883.013	395.952	-801.645	885.002	309.847	-785.158	1062.099	317.422	-1187.507	836.676	604.512	-833.445	1030.725	568.274	-1149.411	1098.279	32.203	-1172.704	1024.768	25.286	-1100.977	935.342	22.339	-780.095	956.519	27.314	-883.604
1714	8.565	923.854	1692.905	-992.022	932.252	1409.906	-817.377	1091.308	1399.834	-1089.684	899.529	1359.095	-1019.081	803.522	911.839	-932.826	926.714	931.593	-1134.552	1007.935	964.244	-953.524	1003.065	475.062	-1165.906	948.111	454.697	-1065.803	849.031	476.362	-847.319	885.534	456.792	-950.415	907.22	103.23	-808.427	726.691	56.525	-869.574	1104.893	34.382	-1104.218	990.184	103.263	-1115.312	1060.712	105.076	-1173.952	786.708	45.267	-908.146	793.468	46.364	-802.814	1001.36	31.496	-814.573	927.099	104.599	-894.635	831.169	388.183	-837.021	828.996	307.538	-819.588	875.909	54.632	-1277.337	900.008	44.516	-1205.409	986.478	37.474	-1275.038	790.716	612.879	-879.308	791.822	695.801	-875.531	836.005	692.217	-830.047	1030.868	656.715	-1156.05	976.331	647.988	-1189.306	977.413	565.005	-1182.295	987.527	390.23	-1205.011	1003.014	303.984	-1210.57	1046.734	399.43	-1181.813	883.025	395.949	-801.638	885.007	309.836	-785.145	1062.09	317.355	-1187.476	836.647	604.497	-833.459	1030.709	568.243	-1149.393	1098.302	32.207	-1172.661	1024.782	25.276	-1101.003	935.333	22.3	-780.099	956.492	27.305	-883.595
1715	8.57	923.881	1692.9	-992.015	932.315	1409.93	-817.361	1091.305	1399.852	-1089.701	899.524	1359.07	-1019.063	803.533	911.839	-932.793	926.749	931.62	-1134.561	1007.932	964.273	-953.521	1003.091	475.06	-1165.89	948.11	454.71	-1065.765	849.004	476.339	-847.254	885.526	456.778	-950.417	906.977	102.783	-808.72	726.675	56.541	-869.627	1104.919	34.353	-1104.203	990.166	103.247	-1115.313	1060.698	104.935	-1174.003	786.693	45.285	-908.205	793.471	46.366	-802.8	1001.375	31.538	-814.573	927.095	104.555	-894.641	831.121	388.226	-837.041	828.986	307.538	-819.581	875.92	54.595	-1277.327	900.008	44.526	-1205.42	986.495	37.426	-1275.019	790.718	612.919	-879.318	791.827	695.796	-875.522	836.023	692.22	-830.011	1030.861	656.679	-1156.044	976.339	647.984	-1189.33	977.401	565.026	-1182.277	987.512	390.231	-1205.01	1002.998	303.986	-1210.553	1046.713	399.431	-1181.808	883.02	395.958	-801.624	884.999	309.851	-785.133	1062.082	317.401	-1187.492	836.654	604.497	-833.478	1030.733	568.256	-1149.41	1098.258	32.219	-1172.694	1024.782	25.288	-1100.991	935.33	22.36	-780.075	956.498	27.276	-883.596
1716	8.575	923.9	1692.895	-992.059	932.299	1409.95	-817.378	1091.33	1399.835	-1089.704	899.543	1359.104	-1019.089	803.57	911.826	-932.791	926.741	931.606	-1134.542	1007.963	964.262	-953.487	1003.046	475.069	-1165.894	948.081	454.704	-1065.772	849.269	476.268	-846.859	885.523	456.806	-950.427	906.984	102.814	-808.701	726.697	56.527	-869.63	1104.895	34.38	-1104.201	990.179	103.258	-1115.281	1060.598	104.876	-1173.991	786.665	45.302	-908.238	793.458	46.353	-802.803	1001.357	31.492	-814.557	927.076	104.511	-894.642	831.112	388.185	-837.096	828.973	307.535	-819.57	875.915	54.584	-1277.32	900.011	44.515	-1205.393	986.474	37.469	-1275.021	790.729	612.884	-879.285	791.849	695.793	-875.525	836.016	692.196	-830.022	1030.879	656.7	-1156.053	976.341	647.974	-1189.339	977.394	565.024	-1182.291	987.519	390.235	-1205.001	1002.997	303.983	-1210.578	1046.709	399.416	-1181.794	883	395.957	-801.612	884.99	309.873	-785.166	1062.085	317.429	-1187.495	837.413	603.517	-834.062	1030.742	568.266	-1149.397	1098.262	32.208	-1172.706	1024.79	25.31	-1101.004	935.33	22.316	-780.092	956.472	27.298	-883.597
1717	8.58	923.915	1692.888	-992.075	932.297	1409.932	-817.383	1091.338	1399.832	-1089.71	899.573	1359.087	-1019.099	803.574	911.828	-932.782	926.783	931.583	-1134.515	1007.957	964.254	-953.484	1003.067	475.062	-1165.911	948.05	454.707	-1065.788	849.289	476.144	-846.714	885.549	456.796	-950.412	906.943	102.777	-808.699	726.677	56.564	-869.661	1104.925	34.384	-1104.195	990.184	103.236	-1115.31	1060.682	104.945	-1173.966	786.686	45.305	-908.217	793.465	46.358	-802.807	1001.372	31.503	-814.58	927.074	104.549	-894.651	831.106	388.199	-837.143	828.981	307.506	-819.591	875.881	54.633	-1277.363	900.005	44.494	-1205.403	986.486	37.492	-1275.042	790.733	612.895	-879.292	791.85	695.796	-875.523	836.04	692.223	-830.009	1030.887	656.71	-1156.019	976.345	647.984	-1189.316	977.396	565.038	-1182.268	987.508	390.237	-1205.011	1002.977	303.997	-1210.562	1046.71	399.405	-1181.806	883.011	395.966	-801.613	885.002	309.831	-785.18	1062.06	317.409	-1187.508	836.642	604.501	-833.485	1030.732	568.254	-1149.373	1098.27	32.196	-1172.678	1024.791	25.301	-1100.994	935.336	22.365	-780.049	956.478	27.306	-883.595
1718	8.585	923.929	1692.911	-992.13	932.328	1409.967	-817.384	1091.348	1399.832	-1089.729	899.583	1359.078	-1019.099	803.596	911.81	-932.776	926.783	931.608	-1134.512	1007.953	964.263	-953.483	1003.059	475.036	-1165.882	948.114	454.69	-1065.786	849.26	476.06	-846.657	885.526	456.764	-950.415	906.919	102.812	-808.711	726.732	56.62	-869.608	1104.867	34.378	-1104.194	990.21	103.266	-1115.29	1060.759	105.036	-1173.949	786.696	45.289	-908.2	793.462	46.364	-802.8	1001.365	31.504	-814.595	927.076	104.522	-894.632	831.028	388.187	-837.204	828.981	307.528	-819.582	875.872	54.633	-1277.374	899.991	44.51	-1205.387	986.468	37.486	-1275.035	790.739	612.909	-879.311	791.842	695.774	-875.481	836.016	692.222	-830.022	1030.871	656.687	-1156.032	976.352	647.991	-1189.335	977.385	565.028	-1182.281	987.512	390.224	-1205.021	1002.986	304.002	-1210.565	1046.701	399.415	-1181.815	883.011	395.935	-801.61	884.958	309.827	-785.16	1062.055	317.396	-1187.493	836.672	604.481	-833.517	1030.726	568.264	-1149.399	1098.274	32.233	-1172.695	1024.792	25.278	-1101.011	935.327	22.316	-780.092	956.491	27.305	-883.604
1719	8.59	923.932	1692.909	-992.145	932.347	1409.958	-817.394	1091.354	1399.825	-1089.714	899.581	1359.068	-1019.087	803.597	911.841	-932.75	926.818	931.599	-1134.505	1008.06	964.253	-953.451	1003.067	475.036	-1165.878	948.096	454.694	-1065.795	849.338	476.055	-846.551	885.533	456.788	-950.406	906.863	103.407	-808.893	726.756	56.616	-869.619	1104.895	34.391	-1104.195	990.207	103.205	-1115.269	1060.692	105.018	-1173.941	786.715	45.297	-908.202	793.476	46.361	-802.806	1001.347	31.509	-814.607	927.056	104.533	-894.647	830.999	388.186	-837.218	828.983	307.516	-819.579	875.853	54.644	-1277.369	899.989	44.527	-1205.391	986.452	37.479	-1275.021	790.732	612.909	-879.254	791.861	695.791	-875.501	836.056	692.208	-829.999	1030.902	656.683	-1156.024	976.36	647.973	-1189.318	977.383	564.997	-1182.248	987.507	390.224	-1205.02	1002.981	304.003	-1210.561	1046.697	399.408	-1181.793	882.997	395.957	-801.621	884.977	309.828	-785.146	1062.074	317.398	-1187.483	836.697	604.493	-833.531	1030.745	568.251	-1149.404	1098.268	32.183	-1172.666	1024.78	25.276	-1100.994	935.304	22.303	-780.075	956.479	27.329	-883.618
1720	8.595	923.954	1692.906	-992.173	932.37	1409.967	-817.394	1091.38	1399.833	-1089.744	899.622	1359.034	-1019.091	803.629	911.844	-932.741	926.814	931.617	-1134.504	1008.022	964.246	-953.441	1003.043	475.037	-1165.888	948.064	454.709	-1065.8	849.348	476.059	-846.522	885.547	456.76	-950.411	906.94	102.819	-808.712	726.824	56.645	-869.493	1104.9	34.391	-1104.177	990.16	103.232	-1115.295	1060.536	104.871	-1174.007	786.716	45.308	-908.175	793.448	46.368	-802.816	1001.399	31.509	-814.585	927.075	104.604	-894.615	830.975	388.203	-837.267	828.997	307.516	-819.604	875.833	54.654	-1277.361	899.989	44.516	-1205.414	986.475	37.479	-1275.03	790.757	612.922	-879.267	791.87	695.771	-875.474	836.048	692.193	-830.033	1030.903	656.649	-1156.032	976.38	647.986	-1189.319	977.391	565.037	-1182.274	987.496	390.231	-1205.002	1002.974	303.975	-1210.55	1046.693	399.434	-1181.818	882.987	395.973	-801.61	884.998	309.858	-785.163	1062.079	317.393	-1187.473	836.673	604.5	-833.545	1030.74	568.256	-1149.383	1098.3	32.175	-1172.676	1024.801	25.3	-1100.987	935.31	22.33	-780.075	956.454	27.294	-883.61
1721	8.6	923.968	1692.872	-992.183	932.352	1409.952	-817.39	1091.407	1399.818	-1089.749	899.657	1359.082	-1019.096	803.638	911.831	-932.757	926.838	931.598	-1134.48	1008.036	964.278	-953.449	1003.073	475.047	-1165.907	948.101	454.662	-1065.77	849.374	476.041	-846.488	885.523	456.793	-950.399	906.933	102.825	-808.696	727.141	56.621	-868.959	1104.906	34.399	-1104.192	990.159	103.224	-1115.266	1060.705	104.992	-1173.927	787.095	45.395	-907.654	793.456	46.362	-802.822	1001.346	31.486	-814.589	927.047	104.563	-894.641	830.978	388.196	-837.285	829.005	307.547	-819.579	875.822	54.63	-1277.385	900.008	44.477	-1205.37	986.495	37.449	-1275.018	790.746	612.934	-879.245	791.885	695.783	-875.482	836.082	692.194	-830.014	1030.906	656.678	-1156.021	976.384	647.981	-1189.313	977.41	565.045	-1182.268	987.509	390.225	-1205.02	1002.969	304.002	-1210.569	1046.722	399.406	-1181.792	883.021	395.924	-801.622	884.981	309.872	-785.161	1062.067	317.385	-1187.47	836.675	604.502	-833.565	1030.756	568.268	-1149.393	1098.257	32.204	-1172.669	1024.803	25.291	-1100.995	935.335	22.27	-780.102	956.499	27.297	-883.579
1722	8.605	923.99	1692.877	-992.228	932.393	1409.959	-817.38	1091.412	1399.841	-1089.747	899.638	1359.077	-1019.101	803.654	911.838	-932.723	926.845	931.597	-1134.471	1008.056	964.217	-953.432	1003.102	475.053	-1165.885	948.047	454.695	-1065.797	849.387	476.041	-846.466	885.556	456.776	-950.382	907.167	103.195	-808.448	727.134	56.603	-868.947	1104.912	34.371	-1104.168	990.144	103.245	-1115.305	1060.562	104.989	-1174.058	787.122	45.418	-907.641	793.462	46.354	-802.808	1001.365	31.466	-814.609	927.065	104.534	-894.621	830.979	388.221	-837.343	829.013	307.526	-819.567	875.84	54.616	-1277.385	899.989	44.506	-1205.394	986.478	37.45	-1275.013	790.769	612.943	-879.244	791.898	695.808	-875.495	836.08	692.206	-830.006	1030.906	656.659	-1156.021	976.372	647.986	-1189.31	977.407	565.016	-1182.246	987.506	390.263	-1205.016	1002.973	304.009	-1210.532	1046.724	399.425	-1181.802	883.049	395.941	-801.602	885.009	309.851	-785.146	1062.108	317.388	-1187.469	836.672	604.506	-833.563	1030.748	568.251	-1149.363	1098.294	32.203	-1172.674	1024.788	25.283	-1100.997	935.305	22.343	-780.049	956.456	27.298	-883.619
1723	8.61	924.011	1692.886	-992.25	932.394	1409.986	-817.386	1091.422	1399.818	-1089.776	899.679	1359.068	-1019.123	803.66	911.83	-932.707	926.862	931.607	-1134.476	1008.088	964.218	-953.44	1003.102	475.02	-1165.867	948.085	454.67	-1065.792	849.414	475.992	-846.431	885.547	456.761	-950.385	906.969	102.821	-808.682	727.143	56.605	-868.97	1104.883	34.389	-1104.179	990.191	103.171	-1115.288	1060.682	104.945	-1173.966	787.117	45.383	-907.681	793.463	46.34	-802.806	1001.364	31.517	-814.574	927.051	104.555	-894.588	830.975	388.202	-837.365	829.005	307.539	-819.579	875.834	54.637	-1277.37	899.995	44.513	-1205.392	986.478	37.473	-1275.014	790.778	612.913	-879.218	791.911	695.801	-875.473	836.094	692.222	-829.972	1030.945	656.702	-1156.033	976.38	648.008	-1189.325	977.413	565.025	-1182.242	987.52	390.246	-1204.998	1003.004	304.033	-1210.561	1046.718	399.434	-1181.798	883.057	395.935	-801.6	885.014	309.833	-785.136	1062.076	317.395	-1187.473	836.69	604.481	-833.556	1030.77	568.232	-1149.371	1098.27	32.19	-1172.657	1024.79	25.281	-1100.987	935.348	22.289	-780.065	956.44	27.304	-883.606
1724	8.615	924.006	1692.909	-992.294	932.414	1409.982	-817.398	1091.45	1399.813	-1089.745	899.697	1359.06	-1019.093	803.683	911.853	-932.721	926.877	931.598	-1134.464	1008.084	964.215	-953.429	1003.1	475.038	-1165.859	948.099	454.694	-1065.776	849.42	475.972	-846.38	885.583	456.743	-950.367	906.939	102.813	-808.698	727.144	56.604	-868.951	1104.912	34.392	-1104.19	990.178	103.183	-1115.243	1060.727	105.056	-1173.962	787.117	45.39	-907.619	793.461	46.354	-802.812	1001.354	31.499	-814.563	927.083	104.553	-894.624	830.959	388.242	-837.392	829.028	307.521	-819.565	875.851	54.612	-1277.348	899.992	44.466	-1205.379	986.486	37.45	-1275.026	790.795	612.927	-879.226	791.935	695.817	-875.48	836.107	692.223	-829.983	1030.955	656.695	-1156.01	976.413	647.993	-1189.297	977.44	565.001	-1182.207	987.543	390.255	-1204.998	1003.013	304.028	-1210.535	1046.757	399.399	-1181.78	883.064	395.959	-801.589	885.011	309.858	-785.156	1062.111	317.361	-1187.448	836.708	604.496	-833.572	1030.792	568.301	-1149.344	1098.267	32.196	-1172.675	1024.771	25.274	-1100.99	935.365	22.315	-780.061	956.491	27.316	-883.618
1725	8.62	924.024	1692.887	-992.31	932.435	1409.982	-817.417	1091.467	1399.822	-1089.779	899.731	1359.045	-1019.089	803.697	911.825	-932.713	926.891	931.613	-1134.466	1008.119	964.241	-953.436	1003.13	475.032	-1165.857	948.176	454.658	-1065.75	849.438	475.988	-846.409	885.588	456.771	-950.368	906.986	102.809	-808.681	727.133	56.622	-868.939	1104.91	34.35	-1104.199	990.177	103.219	-1115.268	1060.735	105.043	-1173.967	787.124	45.414	-907.642	793.47	46.361	-802.793	1001.357	31.486	-814.577	927.005	104.558	-894.648	830.923	388.224	-837.418	829.057	307.553	-819.547	875.854	54.612	-1277.358	900	44.515	-1205.39	986.47	37.456	-1275.035	790.809	612.947	-879.244	791.935	695.809	-875.465	836.147	692.198	-829.991	1030.955	656.697	-1155.973	976.441	647.983	-1189.275	977.473	565.029	-1182.208	987.558	390.232	-1204.981	1003.018	304.009	-1210.543	1046.753	399.41	-1181.767	883.089	395.956	-801.576	885.011	309.843	-785.137	1062.098	317.406	-1187.441	836.707	604.527	-833.548	1030.801	568.271	-1149.347	1098.285	32.213	-1172.675	1024.799	25.293	-1100.998	935.334	22.27	-780.086	956.48	27.343	-883.627
1726	8.625	924.04	1692.857	-992.321	932.45	1409.97	-817.397	1091.493	1399.795	-1089.763	899.74	1359.037	-1019.081	803.708	911.813	-932.684	926.895	931.611	-1134.448	1008.131	964.232	-953.418	1003.145	475.061	-1165.868	948.161	454.692	-1065.759	849.449	475.957	-846.361	885.608	456.759	-950.345	906.969	102.8	-808.677	727.145	56.636	-868.958	1104.917	34.361	-1104.214	990.198	103.154	-1115.251	1060.808	105.028	-1173.863	787.111	45.408	-907.648	793.454	46.365	-802.81	1001.357	31.469	-814.57	927.089	104.581	-894.643	830.94	388.239	-837.437	829.049	307.56	-819.535	875.862	54.635	-1277.356	900.001	44.52	-1205.401	986.502	37.428	-1275.029	790.82	612.94	-879.21	791.97	695.803	-875.456	836.165	692.23	-829.974	1030.987	656.699	-1155.981	976.429	648.006	-1189.28	977.491	565.013	-1182.195	987.6	390.233	-1204.97	1003.039	304.005	-1210.542	1046.785	399.418	-1181.778	883.083	395.948	-801.586	885.077	309.83	-785.14	1062.14	317.413	-1187.474	836.73	604.518	-833.565	1030.811	568.297	-1149.343	1098.291	32.176	-1172.69	1024.783	25.276	-1100.996	935.317	22.346	-780.048	956.491	27.323	-883.605
1727	8.63	924.033	1692.871	-992.367	932.47	1409.998	-817.399	1091.496	1399.805	-1089.777	899.767	1359.021	-1019.105	803.724	911.821	-932.685	926.909	931.619	-1134.475	1008.123	964.223	-953.383	1003.175	475.013	-1165.825	948.196	454.696	-1065.755	849.452	475.979	-846.37	885.621	456.754	-950.35	906.998	102.79	-808.693	727.153	56.635	-868.947	1104.908	34.37	-1104.204	990.18	103.222	-1115.282	1060.598	104.865	-1174.014	787.128	45.423	-907.663	793.457	46.359	-802.805	1001.364	31.508	-814.535	927.1	104.574	-894.628	830.921	388.224	-837.449	829.073	307.523	-819.538	875.877	54.65	-1277.365	899.986	44.513	-1205.396	986.46	37.467	-1275.039	790.828	612.957	-879.215	791.978	695.811	-875.45	836.184	692.216	-829.971	1031	656.673	-1155.952	976.451	648.003	-1189.252	977.503	565.043	-1182.198	987.61	390.268	-1204.981	1003.057	303.995	-1210.532	1046.813	399.417	-1181.793	883.118	395.965	-801.58	885.053	309.866	-785.123	1062.17	317.389	-1187.447	836.72	604.521	-833.597	1030.839	568.292	-1149.338	1098.284	32.15	-1172.677	1024.807	25.293	-1100.998	935.322	22.295	-780.087	956.515	27.297	-883.594
1728	8.635	924.046	1692.877	-992.437	932.532	1410.032	-817.408	1091.522	1399.788	-1089.769	899.771	1359.055	-1019.113	803.75	911.834	-932.694	926.933	931.593	-1134.444	1008.132	964.272	-953.409	1003.186	475.042	-1165.829	948.205	454.703	-1065.718	849.449	475.955	-846.374	885.617	456.786	-950.37	906.992	102.814	-808.678	727.388	56.627	-868.539	1104.92	34.372	-1104.184	990.201	103.268	-1115.317	1060.641	104.999	-1174.005	786.893	45.321	-907.934	793.463	46.337	-802.796	1001.365	31.509	-814.568	927.089	104.581	-894.634	830.92	388.227	-837.488	829.072	307.568	-819.533	875.909	54.628	-1277.332	900.012	44.519	-1205.376	986.495	37.46	-1275.037	790.863	612.961	-879.21	791.99	695.803	-875.439	836.176	692.253	-829.928	1030.991	656.687	-1155.959	976.495	648.028	-1189.255	977.519	565.05	-1182.178	987.619	390.254	-1204.98	1003.08	303.987	-1210.522	1046.816	399.429	-1181.766	883.091	395.944	-801.579	885.105	309.857	-785.113	1062.181	317.43	-1187.458	836.762	604.522	-833.609	1030.831	568.266	-1149.299	1098.252	32.201	-1172.661	1024.781	25.3	-1100.991	935.328	22.311	-780.074	956.478	27.315	-883.623
1729	8.64	924.053	1692.877	-992.447	932.545	1410.047	-817.418	1091.549	1399.808	-1089.769	899.805	1359.045	-1019.095	803.774	911.86	-932.683	926.942	931.608	-1134.425	1008.155	964.234	-953.4	1003.209	475.037	-1165.828	948.247	454.702	-1065.716	849.465	475.93	-846.347	885.617	456.787	-950.344	906.969	102.821	-808.682	727.438	56.633	-868.488	1104.918	34.377	-1104.206	990.194	103.251	-1115.295	1060.782	105.11	-1173.935	786.89	45.309	-907.944	793.451	46.359	-802.826	1001.337	31.453	-814.585	927.116	104.567	-894.614	830.897	388.24	-837.484	829.091	307.533	-819.536	875.928	54.615	-1277.296	900.01	44.525	-1205.403	986.463	37.477	-1275.024	790.883	612.979	-879.204	792.024	695.826	-875.42	836.205	692.247	-829.954	1031.04	656.681	-1155.919	976.506	647.998	-1189.246	977.532	565.024	-1182.149	987.643	390.281	-1204.963	1003.086	304.009	-1210.52	1046.84	399.422	-1181.755	883.116	395.951	-801.566	885.079	309.851	-785.097	1062.204	317.389	-1187.432	836.731	604.528	-833.579	1030.859	568.32	-1149.294	1098.26	32.23	-1172.708	1024.794	25.287	-1101.016	935.319	22.316	-780.084	956.489	27.296	-883.629
1730	8.645	924.048	1692.897	-992.489	932.574	1410.036	-817.418	1091.565	1399.816	-1089.795	899.812	1359.057	-1019.096	803.796	911.857	-932.68	926.953	931.616	-1134.427	1008.182	964.213	-953.381	1003.217	475.057	-1165.818	948.241	454.674	-1065.711	849.451	475.935	-846.383	885.681	456.773	-950.337	906.958	102.819	-808.694	727.447	56.638	-868.479	1104.938	34.352	-1104.176	990.191	103.198	-1115.293	1060.695	105.026	-1173.992	786.879	45.278	-907.903	793.459	46.385	-802.8	1001.337	31.494	-814.581	927.133	104.569	-894.569	830.888	388.252	-837.521	829.075	307.538	-819.535	875.968	54.578	-1277.297	900.003	44.518	-1205.397	986.505	37.475	-1275.04	790.876	612.992	-879.195	792.023	695.829	-875.449	836.232	692.241	-829.939	1031.047	656.706	-1155.911	976.522	648.021	-1189.237	977.547	565.053	-1182.182	987.667	390.267	-1204.964	1003.109	303.983	-1210.513	1046.848	399.416	-1181.769	883.135	395.967	-801.558	885.072	309.892	-785.096	1062.184	317.371	-1187.427	836.748	604.535	-833.587	1030.887	568.338	-1149.294	1098.299	32.175	-1172.672	1024.798	25.324	-1100.993	935.313	22.339	-780.074	956.507	27.316	-883.616
1731	8.65	924.057	1692.893	-992.525	932.609	1410.076	-817.402	1091.576	1399.797	-1089.772	899.849	1359.054	-1019.129	803.807	911.861	-932.642	926.957	931.614	-1134.443	1008.185	964.232	-953.384	1003.228	475.052	-1165.838	948.249	454.731	-1065.692	849.44	475.992	-846.373	885.648	456.788	-950.318	906.961	102.841	-808.669	727.436	56.659	-868.452	1104.916	34.37	-1104.198	990.207	103.286	-1115.321	1060.826	105.089	-1173.914	786.878	45.281	-907.865	793.467	46.373	-802.819	1001.345	31.502	-814.56	927.045	104.578	-894.605	830.875	388.219	-837.535	829.083	307.539	-819.534	875.988	54.568	-1277.257	900.007	44.516	-1205.395	986.494	37.486	-1275.024	790.887	612.984	-879.193	792.044	695.817	-875.407	836.233	692.262	-829.944	1031.07	656.68	-1155.908	976.524	648.03	-1189.239	977.582	565.028	-1182.156	987.663	390.277	-1204.945	1003.098	303.987	-1210.509	1046.864	399.425	-1181.743	883.141	395.975	-801.563	885.048	309.876	-785.103	1062.209	317.409	-1187.439	836.76	604.521	-833.599	1030.905	568.321	-1149.3	1098.252	32.188	-1172.712	1024.809	25.313	-1101.01	935.321	22.298	-780.088	956.498	27.319	-883.635
1732	8.655	924.085	1692.881	-992.519	932.63	1410.113	-817.392	1091.604	1399.802	-1089.772	899.873	1359.05	-1019.092	803.819	911.839	-932.628	927.004	931.622	-1134.416	1008.183	964.227	-953.383	1003.251	475.054	-1165.811	948.258	454.752	-1065.7	849.462	475.958	-846.386	885.659	456.751	-950.332	906.957	102.813	-808.712	727.433	56.669	-868.484	1104.931	34.338	-1104.207	990.239	103.209	-1115.257	1060.694	105.017	-1173.972	786.884	45.276	-907.888	793.471	46.385	-802.808	1001.383	31.493	-814.594	927.1	104.607	-894.585	830.867	388.256	-837.561	829.065	307.55	-819.538	876.017	54.554	-1277.241	900.012	44.502	-1205.371	986.502	37.477	-1275.024	790.896	612.992	-879.204	792.05	695.845	-875.421	836.258	692.276	-829.917	1031.077	656.704	-1155.925	976.546	648.022	-1189.214	977.569	565.033	-1182.167	987.686	390.279	-1204.95	1003.15	304.003	-1210.505	1046.876	399.451	-1181.766	883.189	395.96	-801.561	885.061	309.887	-785.089	1062.221	317.398	-1187.417	836.758	604.557	-833.592	1030.914	568.312	-1149.291	1098.278	32.179	-1172.692	1024.779	25.313	-1101.006	935.339	22.312	-780.086	956.503	27.285	-883.599
1733	8.66	924.079	1692.913	-992.597	932.656	1410.095	-817.417	1091.6	1399.781	-1089.759	899.873	1359.043	-1019.072	803.837	911.842	-932.646	927.015	931.619	-1134.401	1008.219	964.275	-953.383	1003.27	475.019	-1165.782	948.287	454.73	-1065.694	849.445	475.988	-846.401	885.68	456.807	-950.303	906.962	102.83	-808.679	727.42	56.637	-868.517	1104.903	34.339	-1104.203	990.209	103.284	-1115.324	1060.642	105.04	-1174.05	786.915	45.28	-907.859	793.453	46.359	-802.806	1001.371	31.502	-814.566	927.086	104.554	-894.606	830.861	388.247	-837.569	829.081	307.561	-819.541	876.016	54.571	-1277.226	900.006	44.528	-1205.378	986.5	37.502	-1275.048	790.91	612.981	-879.223	792.068	695.839	-875.429	836.265	692.268	-829.911	1031.106	656.685	-1155.929	976.574	648.058	-1189.217	977.603	565.03	-1182.149	987.694	390.267	-1204.94	1003.129	303.98	-1210.473	1046.873	399.436	-1181.764	883.162	395.947	-801.562	885.089	309.846	-785.083	1062.237	317.389	-1187.42	836.759	604.572	-833.607	1030.912	568.244	-1149.28	1098.288	32.212	-1172.697	1024.804	25.345	-1100.985	935.337	22.327	-780.082	956.514	27.325	-883.621
1734	8.665	924.087	1692.886	-992.63	932.699	1410.134	-817.415	1091.639	1399.786	-1089.755	899.914	1359.048	-1019.095	803.87	911.853	-932.642	927.047	931.612	-1134.384	1008.265	964.277	-953.361	1003.275	475.042	-1165.798	948.263	454.73	-1065.687	849.44	475.982	-846.428	885.679	456.771	-950.302	906.977	102.796	-808.712	727.409	56.64	-868.508	1104.921	34.37	-1104.201	990.237	103.261	-1115.244	1060.759	105.045	-1173.964	786.906	45.289	-907.863	793.459	46.39	-802.821	1001.354	31.504	-814.589	927.09	104.589	-894.584	830.865	388.257	-837.571	829.095	307.546	-819.521	876.075	54.534	-1277.186	900.009	44.514	-1205.391	986.49	37.465	-1275.042	790.931	612.989	-879.229	792.079	695.852	-875.426	836.276	692.256	-829.909	1031.125	656.668	-1155.907	976.571	648.02	-1189.211	977.604	565.044	-1182.172	987.689	390.271	-1204.924	1003.119	304.002	-1210.499	1046.907	399.428	-1181.738	883.157	395.971	-801.555	885.078	309.909	-785.068	1062.238	317.408	-1187.401	836.781	604.552	-833.65	1030.931	568.296	-1149.299	1098.263	32.188	-1172.724	1024.797	25.332	-1100.978	935.345	22.37	-780.057	956.501	27.306	-883.628
1735	8.67	924.085	1692.905	-992.647	932.703	1410.116	-817.396	1091.664	1399.791	-1089.785	899.92	1359.043	-1019.066	803.876	911.869	-932.615	927.068	931.619	-1134.393	1008.269	964.239	-953.367	1003.277	475.025	-1165.799	948.28	454.737	-1065.703	849.472	475.992	-846.444	885.723	456.793	-950.312	906.947	102.817	-808.693	727.413	56.604	-868.51	1104.91	34.338	-1104.2	990.233	103.224	-1115.268	1060.805	105.093	-1173.897	786.91	45.303	-907.89	793.458	46.375	-802.821	1001.384	31.519	-814.589	927.096	104.626	-894.619	830.867	388.265	-837.604	829.082	307.572	-819.535	876.078	54.522	-1277.205	900.026	44.531	-1205.382	986.48	37.475	-1275.024	790.938	612.985	-879.204	792.091	695.851	-875.417	836.274	692.263	-829.925	1031.137	656.689	-1155.894	976.583	648.019	-1189.226	977.624	565.053	-1182.166	987.711	390.274	-1204.922	1003.15	304.013	-1210.494	1046.906	399.428	-1181.723	883.181	395.985	-801.555	885.057	309.864	-785.077	1062.256	317.365	-1187.392	836.786	604.564	-833.633	1030.972	568.313	-1149.283	1098.284	32.176	-1172.707	1024.797	25.314	-1100.98	935.309	22.307	-780.087	956.496	27.289	-883.617
1736	8.675	924.103	1692.921	-992.701	932.722	1410.115	-817.427	1091.673	1399.771	-1089.794	899.931	1359.075	-1019.081	803.892	911.868	-932.618	927.083	931.636	-1134.392	1008.296	964.264	-953.366	1003.29	475.068	-1165.81	948.309	454.723	-1065.697	849.438	475.977	-846.424	885.733	456.82	-950.311	907.182	103.212	-808.435	727.376	56.608	-868.541	1104.915	34.371	-1104.21	990.203	103.276	-1115.366	1060.839	105.22	-1173.918	786.916	45.324	-907.939	793.475	46.355	-802.815	1001.39	31.482	-814.569	927.127	104.549	-894.582	830.878	388.289	-837.6	829.083	307.603	-819.545	876.106	54.519	-1277.18	900.021	44.524	-1205.364	986.501	37.512	-1275.056	790.943	613.005	-879.238	792.084	695.829	-875.416	836.299	692.265	-829.929	1031.137	656.652	-1155.895	976.615	648.023	-1189.209	977.625	565.063	-1182.166	987.723	390.289	-1204.926	1003.15	304.021	-1210.501	1046.898	399.453	-1181.724	883.179	395.975	-801.556	885.083	309.855	-785.089	1062.256	317.432	-1187.441	836.771	604.58	-833.623	1030.953	568.318	-1149.319	1098.281	32.187	-1172.672	1024.791	25.326	-1100.991	935.328	22.319	-780.081	956.5	27.292	-883.627
1737	8.68	924.121	1692.911	-992.69	932.743	1410.142	-817.424	1091.686	1399.775	-1089.768	899.956	1359.054	-1019.097	803.934	911.886	-932.638	927.098	931.643	-1134.386	1008.263	964.221	-953.354	1003.304	475.046	-1165.796	948.294	454.69	-1065.708	849.44	476.03	-846.434	885.723	456.801	-950.331	906.965	102.837	-808.714	727.328	56.555	-868.555	1104.928	34.362	-1104.197	990.203	103.268	-1115.314	1060.675	104.77	-1173.922	786.907	45.339	-907.957	793.448	46.38	-802.828	1001.403	31.514	-814.587	927.122	104.575	-894.597	830.861	388.264	-837.59	829.104	307.544	-819.522	876.127	54.488	-1277.163	900.03	44.502	-1205.38	986.471	37.481	-1275.034	790.969	613.009	-879.211	792.117	695.852	-875.42	836.299	692.266	-829.874	1031.163	656.687	-1155.893	976.605	648.018	-1189.197	977.645	565.025	-1182.145	987.705	390.285	-1204.937	1003.163	304.033	-1210.522	1046.919	399.421	-1181.734	883.173	395.977	-801.528	885.098	309.884	-785.103	1062.256	317.372	-1187.384	836.803	604.581	-833.633	1030.969	568.309	-1149.313	1098.288	32.191	-1172.699	1024.762	25.309	-1101	935.335	22.328	-780.109	956.501	27.324	-883.627
1738	8.685	924.143	1692.909	-992.749	932.736	1410.128	-817.436	1091.709	1399.779	-1089.78	899.957	1359.078	-1019.123	803.925	911.865	-932.624	927.123	931.611	-1134.358	1008.308	964.247	-953.321	1003.296	475.056	-1165.796	948.293	454.701	-1065.716	849.439	475.993	-846.45	885.746	456.775	-950.305	907.182	103.223	-808.43	727.284	56.563	-868.59	1104.934	34.382	-1104.215	990.227	103.224	-1115.24	1060.621	104.897	-1173.999	786.905	45.401	-907.98	793.452	46.382	-802.8	1001.36	31.497	-814.58	927.104	104.609	-894.598	830.879	388.256	-837.575	829.118	307.574	-819.511	876.115	54.534	-1277.17	900.019	44.518	-1205.373	986.487	37.461	-1275.046	790.976	613.004	-879.195	792.113	695.842	-875.396	836.308	692.264	-829.9	1031.181	656.676	-1155.9	976.614	648.017	-1189.215	977.652	565.052	-1182.171	987.713	390.27	-1204.913	1003.138	304.017	-1210.506	1046.91	399.42	-1181.736	883.216	395.973	-801.556	885.143	309.848	-785.086	1062.275	317.37	-1187.408	836.803	604.606	-833.643	1030.987	568.28	-1149.273	1098.287	32.192	-1172.694	1024.776	25.31	-1100.996	935.333	22.37	-780.061	956.479	27.308	-883.614
1739	8.69	924.171	1692.892	-992.743	932.748	1410.131	-817.443	1091.721	1399.749	-1089.769	899.975	1359.077	-1019.112	803.938	911.88	-932.626	927.139	931.631	-1134.348	1008.303	964.231	-953.308	1003.301	475.018	-1165.778	948.291	454.72	-1065.698	849.437	476.021	-846.431	885.785	456.791	-950.272	907.018	102.806	-808.673	727.286	56.54	-868.609	1104.946	34.366	-1104.202	990.221	103.26	-1115.254	1060.657	104.979	-1174.009	786.892	45.42	-908.045	793.472	46.36	-802.817	1001.396	31.509	-814.565	927.103	104.556	-894.594	830.893	388.255	-837.592	829.145	307.568	-819.513	876.103	54.514	-1277.161	900.002	44.529	-1205.374	986.5	37.439	-1275.019	790.977	613.001	-879.173	792.134	695.838	-875.37	836.304	692.274	-829.908	1031.19	656.683	-1155.9	976.64	647.984	-1189.178	977.662	565.025	-1182.17	987.702	390.285	-1204.948	1003.172	304.018	-1210.514	1046.898	399.426	-1181.744	883.22	395.977	-801.545	885.117	309.87	-785.067	1062.243	317.37	-1187.42	837.607	603.562	-834.367	1030.997	568.32	-1149.282	1098.291	32.185	-1172.672	1024.774	25.29	-1100.982	935.328	22.38	-780.038	956.478	27.276	-883.616
1740	8.695	924.182	1692.915	-992.755	932.759	1410.184	-817.456	1091.731	1399.768	-1089.796	899.982	1359.057	-1019.078	803.966	911.867	-932.605	927.171	931.628	-1134.36	1008.345	964.271	-953.274	1003.305	475.049	-1165.81	948.296	454.741	-1065.682	849.462	475.984	-846.478	885.788	456.753	-950.295	906.992	102.823	-808.68	727.256	56.521	-868.649	1104.92	34.374	-1104.211	990.232	103.191	-1115.224	1060.625	104.849	-1174.005	786.879	45.453	-908.12	793.467	46.366	-802.811	1001.363	31.507	-814.556	927.129	104.571	-894.612	830.874	388.272	-837.597	829.14	307.582	-819.509	876.121	54.476	-1277.147	900.016	44.536	-1205.393	986.479	37.45	-1275.036	791.009	612.989	-879.168	792.152	695.834	-875.382	836.321	692.271	-829.893	1031.203	656.673	-1155.898	976.639	648.043	-1189.22	977.691	565.02	-1182.157	987.719	390.286	-1204.95	1003.155	304.003	-1210.503	1046.902	399.411	-1181.698	883.228	395.969	-801.528	885.153	309.871	-785.049	1062.259	317.366	-1187.418	836.854	604.571	-833.655	1031.006	568.318	-1149.285	1098.282	32.174	-1172.678	1024.78	25.31	-1100.999	935.294	22.353	-780.064	956.481	27.272	-883.604
1741	8.7	924.217	1692.915	-992.79	932.771	1410.151	-817.454	1091.725	1399.761	-1089.807	900.008	1359.079	-1019.144	803.965	911.875	-932.602	927.185	931.625	-1134.345	1008.333	964.218	-953.282	1003.295	475.026	-1165.812	948.291	454.674	-1065.707	849.467	476.019	-846.473	885.755	456.771	-950.286	906.997	102.867	-808.665	727.217	56.502	-868.661	1104.91	34.378	-1104.209	990.212	103.185	-1115.299	1060.605	104.88	-1174.025	786.838	45.48	-908.208	793.442	46.356	-802.802	1001.387	31.5	-814.555	927.13	104.589	-894.614	830.882	388.25	-837.607	829.15	307.551	-819.503	876.099	54.512	-1277.16	899.996	44.505	-1205.394	986.475	37.497	-1275.03	791.025	612.993	-879.164	792.155	695.884	-875.384	836.341	692.254	-829.885	1031.205	656.665	-1155.864	976.656	648.033	-1189.194	977.671	565.062	-1182.151	987.696	390.255	-1204.944	1003.163	304.003	-1210.515	1046.906	399.413	-1181.734	883.224	395.973	-801.529	885.135	309.862	-785.07	1062.248	317.372	-1187.402	836.856	604.596	-833.645	1031.005	568.333	-1149.299	1098.284	32.152	-1172.671	1024.769	25.319	-1100.993	935.37	22.348	-780.043	956.499	27.288	-883.626
1742	8.705	924.211	1692.923	-992.825	932.792	1410.178	-817.484	1091.751	1399.766	-1089.807	900.014	1359.063	-1019.133	804.004	911.877	-932.599	927.217	931.645	-1134.344	1008.367	964.262	-953.269	1003.294	475.033	-1165.817	948.285	454.714	-1065.698	849.477	476.022	-846.482	885.755	456.78	-950.305	907.015	102.822	-808.667	727.196	56.531	-868.707	1104.92	34.362	-1104.203	990.225	103.189	-1115.248	1060.7	104.871	-1173.957	786.8	45.492	-908.29	793.454	46.361	-802.814	1001.394	31.508	-814.554	927.111	104.597	-894.628	830.879	388.274	-837.608	829.15	307.567	-819.502	876.114	54.478	-1277.145	900.013	44.5	-1205.379	986.504	37.473	-1275.043	791.04	612.991	-879.155	792.165	695.882	-875.373	836.366	692.273	-829.879	1031.195	656.665	-1155.848	976.677	648.033	-1189.19	977.696	565.011	-1182.162	987.729	390.282	-1204.933	1003.149	304.032	-1210.516	1046.902	399.444	-1181.769	883.234	395.943	-801.523	885.149	309.872	-785.066	1062.243	317.37	-1187.42	836.871	604.601	-833.646	1031.023	568.291	-1149.243	1098.286	32.193	-1172.691	1024.791	25.29	-1100.993	935.354	22.351	-780.036	956.481	27.295	-883.615
1743	8.71	924.238	1692.891	-992.828	932.79	1410.162	-817.478	1091.751	1399.763	-1089.812	900.005	1359.061	-1019.097	804.004	911.902	-932.601	927.225	931.671	-1134.354	1008.405	964.246	-953.267	1003.314	475.037	-1165.81	948.292	454.72	-1065.709	849.437	475.995	-846.488	885.788	456.74	-950.288	907.221	103.195	-808.428	727.189	56.523	-868.732	1104.918	34.386	-1104.214	990.22	103.26	-1115.247	1060.703	104.949	-1173.939	786.769	45.527	-908.36	793.456	46.347	-802.797	1001.364	31.493	-814.545	927.048	104.567	-894.6	830.923	388.262	-837.596	829.154	307.592	-819.492	876.092	54.482	-1277.16	899.997	44.528	-1205.382	986.457	37.468	-1275.041	791.034	613.028	-879.172	792.178	695.852	-875.348	836.387	692.258	-829.859	1031.22	656.66	-1155.864	976.695	648.053	-1189.2	977.689	565.059	-1182.14	987.714	390.294	-1204.952	1003.151	304.018	-1210.535	1046.899	399.398	-1181.72	883.246	395.953	-801.511	885.152	309.84	-785.059	1062.258	317.367	-1187.417	836.845	604.572	-833.662	1031.028	568.284	-1149.239	1098.297	32.195	-1172.685	1024.792	25.316	-1100.996	935.344	22.355	-780.072	956.475	27.34	-883.598
1744	8.715	924.272	1692.884	-992.822	932.809	1410.168	-817.5	1091.767	1399.753	-1089.83	900.063	1359.049	-1019.145	804.028	911.882	-932.582	927.224	931.65	-1134.336	1008.406	964.27	-953.266	1003.303	475.062	-1165.791	948.29	454.692	-1065.714	849.466	475.985	-846.501	885.79	456.812	-950.291	906.982	102.81	-808.698	727.164	56.518	-868.742	1104.906	34.355	-1104.203	990.171	103.233	-1115.28	1060.716	104.966	-1173.965	786.749	45.564	-908.412	793.466	46.338	-802.797	1001.376	31.482	-814.58	927.118	104.576	-894.586	830.891	388.251	-837.611	829.16	307.568	-819.497	876.117	54.468	-1277.163	899.994	44.518	-1205.391	986.477	37.481	-1275.038	791.028	613.002	-879.138	792.196	695.855	-875.351	836.388	692.253	-829.858	1031.245	656.66	-1155.851	976.677	648.037	-1189.184	977.7	565.06	-1182.132	987.752	390.27	-1204.919	1003.156	304.019	-1210.501	1046.904	399.429	-1181.713	883.242	395.96	-801.522	885.129	309.883	-785.056	1062.253	317.373	-1187.387	836.889	604.58	-833.644	1031.044	568.275	-1149.226	1098.263	32.202	-1172.728	1024.772	25.305	-1100.998	935.379	22.363	-780.061	956.498	27.321	-883.624
1745	8.72	924.301	1692.91	-992.863	932.822	1410.193	-817.478	1091.781	1399.771	-1089.833	900.047	1359.04	-1019.115	804.056	911.887	-932.56	927.238	931.665	-1134.328	1008.444	964.261	-953.249	1003.314	475.038	-1165.795	948.302	454.701	-1065.705	849.405	476.027	-846.532	885.757	456.82	-950.315	906.98	102.812	-808.688	727.132	56.501	-868.748	1104.94	34.35	-1104.186	990.206	103.23	-1115.27	1060.785	105.028	-1173.961	786.736	45.563	-908.468	793.455	46.35	-802.792	1001.357	31.475	-814.575	927.104	104.598	-894.607	830.902	388.257	-837.613	829.171	307.564	-819.493	876.097	54.494	-1277.17	900.007	44.505	-1205.37	986.456	37.463	-1275.017	791.054	613.01	-879.139	792.193	695.882	-875.326	836.384	692.274	-829.856	1031.227	656.674	-1155.84	976.702	648.019	-1189.164	977.696	565.075	-1182.13	987.748	390.277	-1204.907	1003.158	304.042	-1210.517	1046.922	399.437	-1181.725	883.239	395.966	-801.516	885.139	309.872	-785.061	1062.26	317.368	-1187.373	836.871	604.59	-833.625	1031.037	568.294	-1149.234	1098.275	32.197	-1172.689	1024.79	25.305	-1101.003	935.306	22.332	-780.069	956.468	27.293	-883.611
1746	8.725	924.305	1692.886	-992.851	932.833	1410.185	-817.515	1091.783	1399.76	-1089.869	900.056	1359.061	-1019.131	804.055	911.872	-932.583	927.251	931.68	-1134.339	1008.427	964.267	-953.269	1003.343	475.034	-1165.789	948.326	454.718	-1065.684	849.429	475.972	-846.524	885.775	456.804	-950.31	907.193	103.208	-808.429	727.128	56.488	-868.797	1104.911	34.375	-1104.216	990.249	103.185	-1115.209	1060.62	104.906	-1174.02	786.702	45.58	-908.531	793.456	46.365	-802.827	1001.349	31.473	-814.562	927.118	104.585	-894.61	830.898	388.245	-837.627	829.165	307.562	-819.503	876.096	54.496	-1277.153	899.986	44.518	-1205.386	986.476	37.452	-1275.024	791.062	613.013	-879.129	792.218	695.867	-875.338	836.437	692.292	-829.866	1031.241	656.666	-1155.835	976.72	648.059	-1189.173	977.723	565.063	-1182.121	987.778	390.292	-1204.912	1003.194	304.031	-1210.507	1046.947	399.452	-1181.733	883.26	395.977	-801.516	885.191	309.858	-785.073	1062.285	317.38	-1187.368	836.857	604.603	-833.633	1031.075	568.312	-1149.188	1098.291	32.185	-1172.666	1024.789	25.281	-1101.006	935.351	22.331	-780.057	956.479	27.337	-883.631
1747	8.73	924.334	1692.885	-992.885	932.849	1410.207	-817.505	1091.789	1399.794	-1089.846	900.075	1359.057	-1019.165	804.082	911.884	-932.567	927.254	931.673	-1134.325	1008.431	964.247	-953.26	1003.367	475.029	-1165.769	948.362	454.692	-1065.678	849.432	476.003	-846.527	885.799	456.79	-950.286	906.977	102.84	-808.703	727.083	56.481	-868.798	1104.914	34.4	-1104.184	990.228	103.172	-1115.242	1060.748	105.026	-1173.955	786.685	45.629	-908.616	793.454	46.353	-802.826	1001.338	31.478	-814.562	927.126	104.575	-894.599	830.914	388.232	-837.6	829.174	307.585	-819.484	876.075	54.509	-1277.167	900.001	44.52	-1205.4	986.474	37.463	-1275.046	791.061	613.022	-879.144	792.214	695.874	-875.34	836.42	692.263	-829.869	1031.263	656.675	-1155.852	976.724	648.062	-1189.171	977.737	565.08	-1182.141	987.775	390.312	-1204.917	1003.2	304.01	-1210.462	1046.966	399.41	-1181.69	883.22	395.981	-801.499	885.168	309.853	-785.034	1062.282	317.394	-1187.4	837.666	603.576	-834.338	1031.095	568.308	-1149.182	1098.285	32.203	-1172.698	1024.796	25.288	-1100.977	935.34	22.322	-780.066	956.473	27.316	-883.597
1748	8.735	924.342	1692.892	-992.882	932.901	1410.222	-817.494	1091.802	1399.782	-1089.882	900.075	1359.04	-1019.151	804.086	911.883	-932.549	927.275	931.675	-1134.306	1008.426	964.213	-953.255	1003.359	475.045	-1165.745	948.365	454.713	-1065.658	849.452	475.985	-846.537	885.768	456.78	-950.294	906.968	102.803	-808.676	727.097	56.5	-868.788	1104.919	34.376	-1104.205	990.227	103.16	-1115.271	1060.734	104.918	-1173.981	786.67	45.655	-908.634	793.43	46.365	-802.787	1001.354	31.506	-814.564	927.113	104.54	-894.625	830.892	388.266	-837.586	829.165	307.568	-819.49	876.059	54.545	-1277.177	899.994	44.555	-1205.414	986.49	37.478	-1275.027	791.07	613.028	-879.148	792.229	695.874	-875.323	836.439	692.289	-829.833	1031.261	656.696	-1155.832	976.74	648.058	-1189.134	977.761	565.045	-1182.088	987.781	390.289	-1204.902	1003.227	304.008	-1210.468	1046.977	399.431	-1181.698	883.25	395.966	-801.497	885.161	309.877	-785.048	1062.302	317.419	-1187.397	836.915	604.598	-833.618	1031.079	568.251	-1149.166	1098.282	32.187	-1172.702	1024.823	25.308	-1100.984	935.321	22.312	-780.076	956.483	27.345	-883.613
1749	8.74	924.357	1692.901	-992.926	932.899	1410.236	-817.505	1091.802	1399.791	-1089.913	900.1	1359.043	-1019.135	804.103	911.916	-932.55	927.275	931.66	-1134.304	1008.445	964.237	-953.272	1003.392	475.051	-1165.756	948.402	454.715	-1065.635	849.45	475.993	-846.524	885.821	456.781	-950.272	907.006	102.795	-808.693	727.089	56.503	-868.807	1104.922	34.354	-1104.17	990.2	103.271	-1115.279	1060.762	105.024	-1173.913	786.651	45.666	-908.681	793.462	46.357	-802.789	1001.362	31.469	-814.583	927.112	104.565	-894.601	830.892	388.297	-837.606	829.163	307.594	-819.471	876.066	54.532	-1277.174	900.005	44.554	-1205.395	986.476	37.45	-1275.006	791.067	613.067	-879.122	792.249	695.894	-875.337	836.437	692.299	-829.861	1031.283	656.708	-1155.796	976.752	648.048	-1189.132	977.788	565.055	-1182.088	987.801	390.306	-1204.901	1003.229	304.006	-1210.466	1046.982	399.446	-1181.683	883.247	395.981	-801.512	885.162	309.889	-785.021	1062.314	317.401	-1187.381	837.659	603.63	-834.311	1031.093	568.263	-1149.188	1098.273	32.149	-1172.674	1024.806	25.292	-1101.01	935.355	22.331	-780.066	956.488	27.301	-883.585
1750	8.745	924.364	1692.9	-992.928	932.95	1410.246	-817.53	1091.809	1399.784	-1089.911	900.133	1359.038	-1019.156	804.111	911.907	-932.545	927.283	931.684	-1134.317	1008.456	964.265	-953.253	1003.411	475.055	-1165.718	948.392	454.725	-1065.633	849.427	476.015	-846.539	885.821	456.812	-950.291	906.994	102.793	-808.691	727.085	56.489	-868.822	1104.928	34.351	-1104.177	990.242	103.183	-1115.216	1060.734	104.998	-1173.927	786.622	45.664	-908.733	793.465	46.344	-802.802	1001.357	31.493	-814.56	927.147	104.6	-894.574	830.925	388.264	-837.604	829.16	307.6	-819.49	876.06	54.588	-1277.179	899.995	44.539	-1205.385	986.453	37.487	-1275.014	791.081	613.054	-879.14	792.261	695.892	-875.34	836.467	692.271	-829.841	1031.303	656.69	-1155.803	976.767	648.058	-1189.131	977.78	565.072	-1182.081	987.819	390.297	-1204.869	1003.228	304.044	-1210.461	1047	399.434	-1181.663	883.266	395.972	-801.506	885.162	309.85	-785.058	1062.317	317.423	-1187.387	836.916	604.608	-833.625	1031.134	568.321	-1149.153	1098.265	32.125	-1172.657	1024.785	25.315	-1100.999	935.307	22.313	-780.074	956.455	27.309	-883.624
1751	8.75	924.383	1692.897	-992.937	932.924	1410.235	-817.504	1091.826	1399.787	-1089.933	900.143	1359.058	-1019.16	804.112	911.906	-932.518	927.299	931.655	-1134.302	1008.484	964.274	-953.26	1003.42	475.054	-1165.74	948.442	454.716	-1065.633	849.463	475.987	-846.55	885.802	456.726	-950.274	906.97	102.801	-808.686	727.085	56.484	-868.813	1104.921	34.344	-1104.185	990.234	103.287	-1115.281	1060.741	104.931	-1173.928	786.609	45.688	-908.767	793.462	46.389	-802.767	1001.341	31.462	-814.567	927.125	104.61	-894.579	830.945	388.281	-837.606	829.191	307.606	-819.456	876.063	54.567	-1277.163	900.025	44.526	-1205.389	986.491	37.493	-1275.022	791.093	613.055	-879.141	792.274	695.896	-875.317	836.495	692.296	-829.852	1031.332	656.68	-1155.767	976.791	648.072	-1189.112	977.773	565.093	-1182.1	987.834	390.299	-1204.893	1003.225	304.021	-1210.457	1047.004	399.407	-1181.644	883.284	395.993	-801.521	885.156	309.903	-785.058	1062.337	317.366	-1187.349	836.917	604.624	-833.604	1031.14	568.334	-1149.177	1098.282	32.213	-1172.678	1024.775	25.319	-1100.972	935.313	22.316	-780.071	956.467	27.337	-883.625
1752	8.755	924.4	1692.896	-992.968	933.001	1410.256	-817.531	1091.85	1399.813	-1089.964	900.142	1359.064	-1019.174	804.131	911.906	-932.526	927.297	931.649	-1134.279	1008.472	964.267	-953.268	1003.437	475.031	-1165.709	948.44	454.728	-1065.638	849.469	476.034	-846.555	885.842	456.809	-950.287	906.992	102.824	-808.682	727.066	56.482	-868.828	1104.907	34.375	-1104.187	990.246	103.223	-1115.23	1060.768	104.986	-1173.933	786.593	45.688	-908.8	793.457	46.366	-802.801	1001.357	31.483	-814.556	927.065	104.567	-894.63	830.929	388.259	-837.591	829.181	307.597	-819.465	876.089	54.524	-1277.174	900.021	44.491	-1205.382	986.481	37.439	-1275.002	791.101	613.084	-879.099	792.283	695.895	-875.316	836.521	692.287	-829.856	1031.317	656.684	-1155.78	976.795	648.06	-1189.113	977.81	565.041	-1182.069	987.825	390.29	-1204.877	1003.274	304.02	-1210.454	1047.008	399.414	-1181.648	883.299	395.974	-801.511	885.148	309.878	-785.028	1062.34	317.374	-1187.368	837.718	603.625	-834.315	1031.156	568.297	-1149.161	1098.268	32.166	-1172.687	1024.781	25.296	-1100.991	935.298	22.343	-780.058	956.481	27.336	-883.631
1753	8.76	924.396	1692.89	-992.956	933.022	1410.254	-817.546	1091.859	1399.773	-1089.956	900.147	1359.04	-1019.164	804.144	911.913	-932.495	927.322	931.648	-1134.275	1008.48	964.277	-953.246	1003.448	475.037	-1165.719	948.455	454.719	-1065.628	849.442	476.042	-846.522	885.807	456.827	-950.279	906.986	102.821	-808.696	727.062	56.487	-868.849	1104.927	34.349	-1104.188	990.252	103.247	-1115.297	1060.674	104.834	-1173.987	786.612	45.668	-908.811	793.444	46.388	-802.814	1001.364	31.485	-814.595	927.136	104.564	-894.624	830.958	388.243	-837.591	829.215	307.624	-819.448	876.059	54.515	-1277.181	899.996	44.549	-1205.392	986.468	37.474	-1275.016	791.121	613.038	-879.119	792.303	695.893	-875.31	836.555	692.269	-829.853	1031.345	656.7	-1155.811	976.791	648.071	-1189.122	977.809	565.029	-1182.076	987.848	390.302	-1204.859	1003.263	304.043	-1210.478	1047.025	399.434	-1181.672	883.295	395.979	-801.504	885.219	309.892	-785.013	1062.351	317.37	-1187.38	836.974	604.632	-833.609	1031.172	568.295	-1149.225	1098.298	32.169	-1172.665	1024.784	25.288	-1100.993	935.33	22.341	-780.056	956.464	27.293	-883.603
1754	8.765	924.393	1692.899	-992.96	933.064	1410.242	-817.554	1091.872	1399.768	-1089.966	900.182	1359.072	-1019.196	804.16	911.892	-932.502	927.359	931.656	-1134.275	1008.518	964.24	-953.251	1003.444	475.043	-1165.737	948.446	454.743	-1065.604	849.51	476.012	-846.566	885.914	456.859	-950.281	906.991	102.823	-808.68	727.082	56.457	-868.869	1104.931	34.325	-1104.167	990.252	103.21	-1115.298	1060.64	104.865	-1173.985	786.613	45.695	-908.843	793.462	46.326	-802.815	1001.342	31.488	-814.576	927.114	104.544	-894.606	830.952	388.275	-837.583	829.198	307.629	-819.47	876.079	54.505	-1277.185	900.037	44.533	-1205.385	986.501	37.421	-1275.024	791.132	613.026	-879.113	792.312	695.896	-875.307	836.539	692.293	-829.833	1031.363	656.674	-1155.807	976.802	648.083	-1189.116	977.811	565.06	-1182.086	987.839	390.291	-1204.86	1003.277	303.998	-1210.462	1047.041	399.435	-1181.664	883.323	395.98	-801.496	885.205	309.856	-785.033	1062.353	317.35	-1187.359	836.963	604.643	-833.595	1031.174	568.303	-1149.172	1098.299	32.125	-1172.678	1024.775	25.307	-1100.999	935.348	22.29	-780.07	956.482	27.297	-883.624
1755	8.77	924.411	1692.904	-993.002	933.095	1410.257	-817.549	1091.883	1399.759	-1089.978	900.195	1359.086	-1019.232	804.184	911.912	-932.516	927.377	931.668	-1134.278	1008.523	964.245	-953.254	1003.44	475.045	-1165.743	948.47	454.715	-1065.638	849.476	476.009	-846.541	885.869	456.82	-950.255	906.981	102.795	-808.694	727.054	56.476	-868.857	1104.947	34.338	-1104.208	990.248	103.259	-1115.268	1060.715	105.046	-1173.968	786.613	45.674	-908.851	793.474	46.361	-802.804	1001.36	31.471	-814.55	927.119	104.56	-894.59	830.976	388.271	-837.597	829.205	307.629	-819.444	876.066	54.537	-1277.185	900.02	44.508	-1205.391	986.478	37.436	-1275.026	791.127	613.077	-879.11	792.322	695.901	-875.3	836.569	692.282	-829.82	1031.371	656.659	-1155.803	976.825	648.101	-1189.139	977.823	565.05	-1182.108	987.851	390.264	-1204.88	1003.27	303.975	-1210.444	1047.035	399.436	-1181.704	883.344	395.97	-801.474	885.212	309.863	-785.032	1062.351	317.37	-1187.38	836.986	604.645	-833.603	1031.197	568.308	-1149.187	1098.309	32.119	-1172.684	1024.794	25.27	-1101.013	935.297	22.343	-780.067	956.49	27.291	-883.587
1756	8.775	924.414	1692.904	-992.99	933.098	1410.266	-817.581	1091.917	1399.757	-1089.96	900.224	1359.084	-1019.213	804.192	911.896	-932.5	927.399	931.624	-1134.254	1008.54	964.246	-953.224	1003.449	475.038	-1165.733	948.505	454.699	-1065.619	849.504	476.02	-846.547	885.892	456.798	-950.239	907.222	103.209	-808.441	727.051	56.48	-868.882	1104.928	34.339	-1104.206	990.26	103.235	-1115.275	1060.676	104.878	-1173.976	786.613	45.73	-908.857	793.447	46.347	-802.801	1001.376	31.464	-814.582	927.159	104.547	-894.577	830.984	388.269	-837.593	829.229	307.604	-819.464	876.067	54.543	-1277.221	900.022	44.543	-1205.381	986.488	37.429	-1275.015	791.165	613.043	-879.093	792.342	695.901	-875.295	836.545	692.275	-829.821	1031.383	656.654	-1155.807	976.818	648.072	-1189.14	977.838	565.044	-1182.097	987.85	390.3	-1204.907	1003.259	303.991	-1210.455	1047.029	399.423	-1181.703	883.339	395.966	-801.469	885.203	309.87	-785.028	1062.358	317.376	-1187.399	837.025	604.656	-833.582	1031.18	568.301	-1149.229	1098.279	32.126	-1172.645	1024.791	25.283	-1100.994	935.314	22.326	-780.043	956.479	27.298	-883.614
1757	8.78	924.432	1692.901	-993.008	933.13	1410.269	-817.57	1091.94	1399.721	-1089.987	900.235	1359.064	-1019.219	804.224	911.906	-932.504	927.417	931.64	-1134.269	1008.577	964.262	-953.244	1003.465	475.027	-1165.753	948.476	454.74	-1065.632	849.5	476.008	-846.574	885.882	456.819	-950.27	906.958	102.825	-808.634	727.045	56.453	-868.871	1104.924	34.321	-1104.189	990.255	103.233	-1115.277	1060.735	105.044	-1173.968	786.609	45.723	-908.866	793.48	46.364	-802.827	1001.352	31.453	-814.562	927.099	104.558	-894.58	830.964	388.292	-837.568	829.227	307.592	-819.437	876.078	54.566	-1277.207	900.012	44.513	-1205.375	986.475	37.434	-1275.023	791.158	613.079	-879.081	792.371	695.918	-875.296	836.588	692.296	-829.796	1031.386	656.651	-1155.826	976.835	648.049	-1189.124	977.859	565.066	-1182.111	987.849	390.295	-1204.899	1003.27	303.974	-1210.479	1047.046	399.413	-1181.675	883.351	395.986	-801.477	885.211	309.858	-785.02	1062.371	317.364	-1187.378	837.027	604.65	-833.57	1031.195	568.272	-1149.23	1098.281	32.15	-1172.696	1024.799	25.282	-1100.993	935.342	22.33	-780.031	956.483	27.293	-883.617
1758	8.785	924.463	1692.878	-993.015	933.168	1410.309	-817.574	1091.951	1399.694	-1090.017	900.249	1359.073	-1019.237	804.226	911.901	-932.497	927.423	931.665	-1134.259	1008.567	964.236	-953.207	1003.438	475.038	-1165.771	948.49	454.724	-1065.616	849.522	476.028	-846.552	885.883	456.824	-950.253	906.972	102.835	-808.685	727.037	56.441	-868.883	1104.924	34.308	-1104.196	990.24	103.198	-1115.253	1060.695	104.927	-1173.972	786.615	45.735	-908.874	793.472	46.345	-802.802	1001.356	31.498	-814.542	927.106	104.558	-894.584	831.021	388.272	-837.571	829.239	307.619	-819.421	876.061	54.557	-1277.225	900.017	44.526	-1205.364	986.488	37.45	-1275.032	791.193	613.063	-879.083	792.377	695.903	-875.265	836.61	692.293	-829.801	1031.398	656.655	-1155.802	976.819	648.029	-1189.121	977.855	565.084	-1182.129	987.867	390.297	-1204.897	1003.29	303.962	-1210.463	1047.059	399.414	-1181.708	883.372	395.959	-801.456	885.241	309.871	-785.009	1062.367	317.41	-1187.42	837.029	604.645	-833.575	1031.204	568.271	-1149.225	1098.28	32.127	-1172.679	1024.78	25.282	-1101.007	935.328	22.345	-780.043	956.481	27.285	-883.62
1759	8.79	924.475	1692.901	-993.047	933.191	1410.293	-817.609	1091.962	1399.717	-1089.996	900.264	1359.081	-1019.24	804.247	911.895	-932.499	927.438	931.646	-1134.254	1008.59	964.25	-953.199	1003.453	475.052	-1165.773	948.484	454.726	-1065.614	849.531	476.033	-846.534	885.872	456.793	-950.219	906.974	102.818	-808.663	727.037	56.45	-868.872	1104.908	34.307	-1104.201	990.217	103.251	-1115.318	1060.731	104.858	-1173.952	786.59	45.734	-908.88	793.468	46.356	-802.81	1001.352	31.501	-814.568	927.082	104.554	-894.58	831.016	388.299	-837.566	829.249	307.604	-819.425	876.064	54.556	-1277.209	900.037	44.513	-1205.361	986.484	37.442	-1275.034	791.173	613.062	-879.045	792.388	695.906	-875.263	836.619	692.292	-829.815	1031.424	656.663	-1155.816	976.842	648.086	-1189.13	977.86	565.091	-1182.125	987.861	390.27	-1204.872	1003.293	303.999	-1210.457	1047.052	399.436	-1181.711	883.361	395.98	-801.462	885.253	309.852	-785.024	1062.378	317.361	-1187.393	837.046	604.679	-833.566	1031.197	568.242	-1149.252	1098.289	32.16	-1172.704	1024.781	25.297	-1101.009	935.339	22.357	-780.063	956.49	27.247	-883.589
1760	8.795	924.478	1692.901	-993.042	933.218	1410.291	-817.637	1092	1399.686	-1090.003	900.288	1359.06	-1019.236	804.264	911.896	-932.49	927.47	931.622	-1134.249	1008.597	964.264	-953.216	1003.474	475.025	-1165.76	948.446	454.74	-1065.638	849.579	476.054	-846.519	885.922	456.826	-950.218	906.983	102.822	-808.642	727.041	56.473	-868.895	1104.929	34.335	-1104.197	990.21	103.257	-1115.331	1060.613	104.893	-1174.073	786.626	45.718	-908.84	793.456	46.354	-802.806	1001.364	31.503	-814.581	927.115	104.567	-894.57	831.018	388.3	-837.557	829.257	307.628	-819.4	876.069	54.533	-1277.195	900.036	44.525	-1205.382	986.517	37.435	-1275.018	791.201	613.098	-879.041	792.4	695.902	-875.261	836.619	692.294	-829.78	1031.415	656.655	-1155.827	976.841	648.077	-1189.149	977.875	565.08	-1182.118	987.888	390.284	-1204.908	1003.313	303.99	-1210.466	1047.058	399.412	-1181.706	883.415	395.968	-801.449	885.287	309.845	-785	1062.413	317.354	-1187.385	837.04	604.677	-833.526	1031.196	568.28	-1149.251	1098.303	32.14	-1172.693	1024.791	25.282	-1100.983	935.339	22.327	-780.043	956.496	27.275	-883.606
1761	8.8	924.5	1692.898	-993.05	933.247	1410.331	-817.6	1092.004	1399.697	-1090.044	900.31	1359.074	-1019.283	804.289	911.909	-932.483	927.486	931.66	-1134.245	1008.635	964.265	-953.221	1003.464	475.027	-1165.774	948.522	454.694	-1065.617	849.555	476.036	-846.527	885.924	456.843	-950.229	906.982	102.86	-808.64	727.044	56.465	-868.874	1104.918	34.288	-1104.192	990.251	103.225	-1115.29	1060.698	104.782	-1173.992	786.625	45.77	-908.859	793.465	46.354	-802.807	1001.395	31.477	-814.574	927.078	104.55	-894.588	831.059	388.33	-837.544	829.277	307.641	-819.401	876.06	54.568	-1277.197	900.052	44.52	-1205.375	986.508	37.427	-1275.028	791.191	613.065	-879.059	792.415	695.949	-875.275	836.625	692.335	-829.777	1031.452	656.658	-1155.814	976.856	648.102	-1189.141	977.885	565.037	-1182.106	987.906	390.271	-1204.895	1003.303	304.005	-1210.477	1047.063	399.401	-1181.679	883.418	395.98	-801.442	885.228	309.889	-785.018	1062.411	317.361	-1187.381	837.77	603.741	-834.158	1031.196	568.27	-1149.22	1098.277	32.101	-1172.685	1024.808	25.3	-1100.971	935.338	22.319	-780.053	956.469	27.287	-883.609
1762	8.805	924.514	1692.902	-993.086	933.26	1410.319	-817.637	1092.019	1399.685	-1090.037	900.304	1359.075	-1019.278	804.31	911.902	-932.485	927.498	931.651	-1134.262	1008.65	964.245	-953.203	1003.496	475.029	-1165.753	948.538	454.709	-1065.632	849.578	476.052	-846.524	885.958	456.825	-950.238	907.214	103.228	-808.413	727.047	56.455	-868.895	1104.943	34.315	-1104.181	990.232	103.289	-1115.32	1060.633	104.825	-1174.013	786.621	45.739	-908.846	793.465	46.355	-802.816	1001.366	31.481	-814.548	927.152	104.614	-894.559	831.069	388.272	-837.569	829.282	307.638	-819.404	876.078	54.54	-1277.205	900.037	44.518	-1205.38	986.488	37.436	-1275.022	791.224	613.077	-879.044	792.443	695.924	-875.266	836.62	692.35	-829.744	1031.453	656.675	-1155.824	976.874	648.09	-1189.148	977.911	565.045	-1182.076	987.895	390.276	-1204.902	1003.305	303.993	-1210.457	1047.089	399.412	-1181.686	883.432	396.005	-801.436	885.276	309.9	-784.972	1062.413	317.354	-1187.385	837.087	604.664	-833.518	1031.198	568.223	-1149.206	1098.3	32.14	-1172.703	1024.794	25.318	-1100.968	935.35	22.337	-780.037	956.495	27.278	-883.609
1763	8.81	924.544	1692.894	-993.071	933.277	1410.385	-817.641	1092.026	1399.674	-1090.074	900.343	1359.069	-1019.298	804.307	911.909	-932.461	927.49	931.644	-1134.24	1008.681	964.257	-953.198	1003.487	475.033	-1165.775	948.49	454.739	-1065.642	849.6	476.057	-846.496	885.997	456.886	-950.203	906.991	102.817	-808.658	727.04	56.442	-868.891	1104.942	34.294	-1104.196	990.274	103.221	-1115.28	1060.807	105.031	-1173.934	786.628	45.773	-908.869	793.468	46.348	-802.808	1001.367	31.489	-814.543	927.104	104.571	-894.574	831.098	388.293	-837.545	829.279	307.607	-819.397	876.08	54.562	-1277.202	900.054	44.503	-1205.363	986.49	37.449	-1275.005	791.244	613.078	-879.034	792.459	695.915	-875.253	836.69	692.318	-829.752	1031.466	656.652	-1155.819	976.884	648.083	-1189.145	977.909	565.059	-1182.126	987.89	390.28	-1204.892	1003.325	303.992	-1210.473	1047.087	399.4	-1181.701	883.448	395.976	-801.443	885.313	309.866	-784.97	1062.426	317.358	-1187.379	837.076	604.682	-833.499	1031.237	568.263	-1149.202	1098.303	32.135	-1172.7	1024.802	25.313	-1100.982	935.369	22.375	-780.022	956.489	27.32	-883.629
1764	8.815	924.575	1692.886	-993.104	933.289	1410.376	-817.659	1092.034	1399.682	-1090.084	900.354	1359.054	-1019.291	804.336	911.918	-932.466	927.53	931.664	-1134.242	1008.626	964.268	-953.21	1003.528	475.039	-1165.769	948.531	454.703	-1065.632	849.637	476.067	-846.508	885.968	456.844	-950.217	906.974	102.801	-808.646	727.039	56.454	-868.889	1104.948	34.316	-1104.181	990.273	103.254	-1115.288	1060.601	104.696	-1173.991	786.644	45.767	-908.845	793.456	46.354	-802.8	1001.38	31.477	-814.544	927.162	104.536	-894.532	831.083	388.321	-837.535	829.297	307.644	-819.408	876.059	54.573	-1277.21	900.05	44.534	-1205.368	986.504	37.444	-1275.021	791.244	613.102	-879.004	792.468	695.935	-875.266	836.682	692.34	-829.772	1031.457	656.66	-1155.815	976.91	648.072	-1189.116	977.909	565.073	-1182.113	987.921	390.265	-1204.902	1003.308	304.013	-1210.485	1047.089	399.399	-1181.671	883.45	395.995	-801.425	885.302	309.891	-784.998	1062.432	317.323	-1187.365	837.114	604.709	-833.503	1031.26	568.261	-1149.183	1098.304	32.113	-1172.67	1024.834	25.325	-1100.972	935.352	22.306	-780.075	956.496	27.317	-883.593
1765	8.82	924.591	1692.893	-993.123	933.3	1410.393	-817.685	1092.054	1399.683	-1090.086	900.347	1359.043	-1019.325	804.366	911.914	-932.456	927.522	931.665	-1134.257	1008.701	964.254	-953.201	1003.508	475.012	-1165.734	948.535	454.719	-1065.646	849.647	476.048	-846.508	885.985	456.818	-950.194	907.01	102.824	-808.642	727.04	56.46	-868.858	1104.945	34.322	-1104.191	990.279	103.229	-1115.283	1060.711	104.889	-1173.972	786.623	45.76	-908.843	793.466	46.34	-802.802	1001.375	31.459	-814.548	927.129	104.569	-894.6	831.104	388.298	-837.536	829.287	307.631	-819.397	876.1	54.531	-1277.2	900.038	44.555	-1205.394	986.518	37.438	-1275.015	791.256	613.094	-879.036	792.487	695.917	-875.269	836.67	692.311	-829.75	1031.484	656.656	-1155.792	976.927	648.063	-1189.137	977.938	565.066	-1182.103	987.918	390.298	-1204.92	1003.332	303.957	-1210.457	1047.102	399.41	-1181.699	883.439	395.99	-801.43	885.329	309.896	-784.965	1062.411	317.361	-1187.381	837.851	603.743	-834.151	1031.258	568.276	-1149.222	1098.281	32.135	-1172.682	1024.799	25.316	-1100.994	935.326	22.35	-780.036	956.479	27.295	-883.596
1766	8.825	924.607	1692.901	-993.128	933.317	1410.412	-817.677	1092.061	1399.683	-1090.107	900.364	1359.054	-1019.327	804.385	911.902	-932.454	927.523	931.639	-1134.215	1008.697	964.261	-953.244	1003.506	475.058	-1165.789	948.546	454.704	-1065.62	849.623	476.069	-846.489	885.996	456.846	-950.192	907.215	103.193	-808.394	727.06	56.455	-868.869	1104.922	34.294	-1104.174	990.256	103.249	-1115.305	1060.681	104.741	-1173.964	786.651	45.754	-908.836	793.471	46.362	-802.794	1001.375	31.484	-814.511	927.134	104.536	-894.549	831.136	388.305	-837.509	829.317	307.618	-819.374	876.082	54.549	-1277.189	900.033	44.526	-1205.39	986.507	37.457	-1275.021	791.294	613.091	-879.045	792.502	695.914	-875.222	836.709	692.37	-829.73	1031.49	656.665	-1155.796	976.931	648.064	-1189.128	977.94	565.031	-1182.1	987.918	390.274	-1204.903	1003.338	303.955	-1210.46	1047.099	399.406	-1181.685	883.491	396.004	-801.432	885.349	309.878	-784.952	1062.426	317.391	-1187.388	837.868	603.761	-834.17	1031.253	568.256	-1149.211	1098.284	32.115	-1172.687	1024.805	25.296	-1100.966	935.327	22.32	-780.042	956.491	27.282	-883.604
1767	8.83	924.62	1692.907	-993.159	933.301	1410.417	-817.703	1092.076	1399.679	-1090.111	900.374	1359.026	-1019.321	804.402	911.895	-932.42	927.539	931.657	-1134.229	1008.705	964.247	-953.202	1003.511	475.048	-1165.775	948.53	454.713	-1065.634	849.645	476.07	-846.501	885.984	456.856	-950.169	907.022	102.817	-808.628	727.06	56.465	-868.865	1104.925	34.314	-1104.179	990.245	103.242	-1115.291	1060.672	104.819	-1174.017	786.647	45.771	-908.831	793.467	46.361	-802.798	1001.379	31.472	-814.535	927.116	104.612	-894.541	831.105	388.317	-837.516	829.329	307.622	-819.376	876.076	54.571	-1277.206	900.066	44.534	-1205.385	986.471	37.459	-1275.023	791.291	613.112	-879.017	792.509	695.946	-875.221	836.738	692.346	-829.718	1031.505	656.663	-1155.783	976.944	648.079	-1189.129	977.922	565.06	-1182.113	987.913	390.288	-1204.917	1003.334	304.016	-1210.491	1047.108	399.399	-1181.669	883.47	395.981	-801.41	885.334	309.882	-784.943	1062.422	317.369	-1187.382	837.853	603.756	-834.133	1031.27	568.256	-1149.184	1098.293	32.134	-1172.704	1024.818	25.274	-1100.981	935.325	22.354	-780.006	956.486	27.313	-883.612
1768	8.835	924.66	1692.916	-993.184	933.337	1410.432	-817.713	1092.063	1399.667	-1090.117	900.363	1359.046	-1019.344	804.433	911.924	-932.402	927.538	931.658	-1134.217	1008.749	964.261	-953.224	1003.528	475.062	-1165.769	948.491	454.677	-1065.642	849.628	476.063	-846.497	885.985	456.856	-950.169	906.985	102.847	-808.627	727.064	56.469	-868.854	1104.955	34.299	-1104.2	990.26	103.207	-1115.282	1060.747	104.918	-1173.921	786.634	45.743	-908.804	793.476	46.375	-802.781	1001.4	31.49	-814.535	927.192	104.52	-894.552	831.124	388.26	-837.518	829.328	307.634	-819.377	876.063	54.568	-1277.208	900.052	44.515	-1205.393	986.502	37.478	-1275.035	791.299	613.105	-879.012	792.516	695.901	-875.21	836.705	692.356	-829.732	1031.507	656.643	-1155.803	976.935	648.069	-1189.14	977.953	565.05	-1182.117	987.904	390.281	-1204.939	1003.309	303.98	-1210.49	1047.079	399.411	-1181.698	883.477	395.993	-801.419	885.346	309.846	-784.976	1062.414	317.376	-1187.395	837.873	603.786	-834.102	1031.285	568.239	-1149.159	1098.276	32.122	-1172.695	1024.788	25.331	-1100.985	935.338	22.319	-780.055	956.481	27.31	-883.586
1769	8.84	924.66	1692.903	-993.213	933.301	1410.415	-817.737	1092.078	1399.677	-1090.112	900.389	1359.028	-1019.341	804.436	911.919	-932.393	927.542	931.628	-1134.191	1008.748	964.26	-953.224	1003.494	475.023	-1165.754	948.517	454.704	-1065.643	849.647	476.025	-846.491	885.955	456.836	-950.21	907.005	102.801	-808.652	727.066	56.484	-868.809	1104.928	34.34	-1104.175	990.255	103.281	-1115.279	1060.776	104.963	-1173.942	786.621	45.771	-908.809	793.46	46.353	-802.798	1001.36	31.519	-814.518	927.141	104.575	-894.533	831.111	388.3	-837.464	829.301	307.601	-819.38	876.065	54.508	-1277.197	900.03	44.529	-1205.4	986.488	37.449	-1275.01	791.304	613.084	-878.975	792.536	695.948	-875.21	836.767	692.337	-829.714	1031.506	656.607	-1155.8	976.95	648.089	-1189.146	977.957	565.084	-1182.112	987.904	390.259	-1204.931	1003.329	303.962	-1210.465	1047.073	399.418	-1181.706	883.467	396.003	-801.399	885.37	309.845	-784.968	1062.406	317.34	-1187.374	837.894	603.771	-834.107	1031.289	568.246	-1149.205	1098.315	32.101	-1172.688	1024.799	25.294	-1100.974	935.304	22.316	-780.054	956.475	27.298	-883.592
1770	8.845	924.683	1692.906	-993.223	933.31	1410.417	-817.726	1092.078	1399.683	-1090.141	900.375	1359.045	-1019.369	804.454	911.921	-932.366	927.554	931.642	-1134.195	1008.782	964.261	-953.218	1003.488	475.009	-1165.774	948.486	454.666	-1065.671	849.653	476.042	-846.445	885.932	456.847	-950.171	907.003	102.794	-808.627	727.079	56.476	-868.819	1104.923	34.313	-1104.185	990.263	103.222	-1115.282	1060.703	104.832	-1173.966	786.647	45.757	-908.743	793.471	46.357	-802.799	1001.345	31.464	-814.544	927.119	104.551	-894.559	831.079	388.275	-837.497	829.312	307.661	-819.375	876.086	54.557	-1277.19	900.006	44.549	-1205.398	986.489	37.407	-1275.011	791.297	613.117	-878.978	792.55	695.937	-875.17	836.781	692.33	-829.717	1031.477	656.637	-1155.806	976.933	648.083	-1189.135	977.907	565.058	-1182.14	987.879	390.291	-1204.93	1003.315	303.95	-1210.495	1047.06	399.409	-1181.717	883.437	395.984	-801.393	885.294	309.842	-784.946	1062.393	317.352	-1187.397	837.905	603.744	-834.125	1031.255	568.195	-1149.168	1098.285	32.143	-1172.698	1024.792	25.283	-1100.966	935.336	22.335	-780.017	956.487	27.339	-883.606
1771	8.85	924.701	1692.894	-993.23	933.333	1410.456	-817.737	1092.077	1399.682	-1090.162	900.397	1359.027	-1019.371	804.48	911.931	-932.362	927.549	931.655	-1134.192	1008.8	964.283	-953.223	1003.492	475.033	-1165.766	948.5	454.655	-1065.669	849.65	476.073	-846.443	885.952	456.833	-950.175	906.984	102.811	-808.641	727.095	56.486	-868.81	1104.937	34.338	-1104.176	990.263	103.159	-1115.248	1060.596	104.716	-1174.055	786.669	45.749	-908.775	793.455	46.334	-802.796	1001.34	31.474	-814.539	927.139	104.545	-894.554	831.126	388.266	-837.492	829.309	307.637	-819.332	876.07	54.535	-1277.198	900.016	44.494	-1205.394	986.501	37.461	-1275.015	791.309	613.125	-878.955	792.561	695.944	-875.168	836.777	692.327	-829.688	1031.509	656.629	-1155.765	976.921	648.054	-1189.129	977.931	565.057	-1182.134	987.882	390.274	-1204.936	1003.283	303.96	-1210.489	1047.044	399.391	-1181.708	883.471	395.994	-801.413	885.316	309.866	-784.954	1062.394	317.358	-1187.39	837.913	603.728	-834.128	1031.263	568.19	-1149.168	1098.274	32.139	-1172.694	1024.796	25.292	-1100.971	935.323	22.291	-780.048	956.467	27.308	-883.616
1772	8.855	924.731	1692.91	-993.272	933.315	1410.451	-817.755	1092.078	1399.67	-1090.162	900.404	1359.038	-1019.368	804.492	911.924	-932.328	927.564	931.64	-1134.174	1008.792	964.275	-953.188	1003.461	475.021	-1165.776	948.459	454.642	-1065.691	849.655	476.03	-846.461	885.924	456.832	-950.174	906.97	102.796	-808.664	727.08	56.508	-868.807	1104.907	34.309	-1104.171	990.249	103.163	-1115.253	1060.79	104.863	-1173.931	786.67	45.737	-908.703	793.476	46.348	-802.793	1001.334	31.472	-814.539	927.078	104.502	-894.597	831.1	388.303	-837.488	829.33	307.624	-819.36	876.076	54.558	-1277.193	900.019	44.536	-1205.381	986.488	37.448	-1275.013	791.341	613.146	-878.925	792.582	695.952	-875.155	836.804	692.323	-829.677	1031.492	656.62	-1155.813	976.899	648.055	-1189.126	977.898	565.053	-1182.138	987.859	390.242	-1204.932	1003.263	303.996	-1210.512	1047.061	399.385	-1181.715	883.493	395.994	-801.394	885.359	309.867	-784.947	1062.372	317.354	-1187.415	837.938	603.764	-834.077	1031.248	568.225	-1149.197	1098.291	32.137	-1172.688	1024.796	25.294	-1100.991	935.348	22.323	-780.025	956.487	27.27	-883.583
1773	8.86	924.73	1692.894	-993.277	933.332	1410.458	-817.793	1092.105	1399.695	-1090.183	900.407	1359.025	-1019.396	804.509	911.952	-932.324	927.567	931.645	-1134.166	1008.822	964.258	-953.193	1003.482	475.018	-1165.765	948.484	454.642	-1065.665	849.676	476.027	-846.446	885.903	456.887	-950.181	907.216	103.158	-808.427	727.091	56.497	-868.791	1104.926	34.336	-1104.197	990.27	103.198	-1115.275	1060.88	105.097	-1173.916	786.683	45.724	-908.687	793.464	46.35	-802.801	1001.366	31.511	-814.53	927.103	104.542	-894.569	831.136	388.274	-837.489	829.336	307.636	-819.324	876.059	54.527	-1277.18	900.024	44.531	-1205.392	986.479	37.436	-1275.031	791.319	613.15	-878.869	792.583	695.964	-875.147	836.798	692.313	-829.651	1031.461	656.606	-1155.788	976.919	648.085	-1189.121	977.904	565.069	-1182.118	987.883	390.234	-1204.927	1003.297	303.975	-1210.492	1047.043	399.415	-1181.721	883.464	395.982	-801.392	885.343	309.865	-784.92	1062.387	317.338	-1187.424	837.969	603.76	-834.072	1031.25	568.234	-1149.202	1098.287	32.124	-1172.685	1024.782	25.283	-1100.983	935.319	22.298	-780.043	956.471	27.32	-883.623
1774	8.865	924.765	1692.915	-993.314	933.329	1410.454	-817.787	1092.11	1399.707	-1090.232	900.422	1359.014	-1019.418	804.512	911.959	-932.304	927.578	931.632	-1134.159	1008.83	964.25	-953.204	1003.426	475.05	-1165.808	948.442	454.694	-1065.702	849.68	476.043	-846.403	885.925	456.852	-950.159	907.004	102.82	-808.636	727.098	56.501	-868.799	1104.931	34.336	-1104.182	990.235	103.252	-1115.282	1060.672	104.809	-1174.021	786.707	45.711	-908.68	793.458	46.349	-802.812	1001.366	31.484	-814.549	927.135	104.546	-894.543	831.122	388.304	-837.453	829.34	307.628	-819.345	876.07	54.548	-1277.18	900.001	44.552	-1205.387	986.466	37.454	-1275.041	791.321	613.167	-878.889	792.607	695.98	-875.11	836.817	692.317	-829.662	1031.458	656.587	-1155.762	976.913	648.051	-1189.112	977.885	565.059	-1182.124	987.875	390.249	-1204.941	1003.272	303.998	-1210.513	1047.039	399.415	-1181.723	883.492	395.986	-801.374	885.347	309.855	-784.949	1062.373	317.334	-1187.392	837.96	603.762	-834.07	1031.256	568.222	-1149.233	1098.286	32.161	-1172.678	1024.77	25.303	-1100.993	935.311	22.335	-780.051	956.486	27.302	-883.611
1775	8.87	924.76	1692.913	-993.337	933.338	1410.469	-817.819	1092.146	1399.696	-1090.217	900.456	1359.015	-1019.447	804.534	911.986	-932.285	927.584	931.658	-1134.149	1008.817	964.263	-953.192	1003.458	475.029	-1165.771	948.454	454.653	-1065.662	849.703	476.047	-846.387	885.932	456.862	-950.147	906.992	102.839	-808.652	727.112	56.481	-868.778	1104.922	34.302	-1104.175	990.258	103.182	-1115.254	1060.712	104.808	-1173.974	786.709	45.721	-908.668	793.449	46.358	-802.8	1001.351	31.47	-814.535	927.147	104.587	-894.531	831.168	388.28	-837.471	829.369	307.654	-819.311	876.065	54.541	-1277.187	900.011	44.556	-1205.406	986.487	37.403	-1275.009	791.36	613.159	-878.884	792.613	695.949	-875.092	836.874	692.322	-829.629	1031.471	656.645	-1155.786	976.898	648.063	-1189.131	977.88	565.107	-1182.112	987.869	390.281	-1204.925	1003.278	303.99	-1210.527	1047.053	399.375	-1181.712	883.513	395.994	-801.366	885.358	309.86	-784.925	1062.388	317.332	-1187.387	837.268	604.732	-833.38	1031.218	568.237	-1149.206	1098.288	32.144	-1172.672	1024.821	25.286	-1100.988	935.359	22.315	-780.043	956.48	27.289	-883.589
1776	8.875	924.771	1692.909	-993.358	933.352	1410.472	-817.828	1092.148	1399.713	-1090.246	900.454	1359.012	-1019.457	804.54	911.976	-932.271	927.597	931.657	-1134.135	1008.838	964.267	-953.165	1003.476	475.002	-1165.761	948.45	454.661	-1065.668	849.781	476.038	-846.352	885.974	456.908	-950.131	907.234	103.18	-808.388	727.13	56.475	-868.757	1104.922	34.32	-1104.194	990.237	103.197	-1115.301	1060.74	105.032	-1174.031	786.728	45.716	-908.625	793.481	46.349	-802.795	1001.354	31.465	-814.537	927.09	104.54	-894.552	831.209	388.288	-837.421	829.384	307.651	-819.282	876.074	54.537	-1277.161	900.019	44.535	-1205.391	986.496	37.416	-1275.019	791.38	613.176	-878.839	792.623	695.98	-875.09	836.879	692.346	-829.627	1031.454	656.606	-1155.768	976.886	648.067	-1189.117	977.874	565.108	-1182.143	987.852	390.267	-1204.935	1003.271	303.974	-1210.503	1047.044	399.384	-1181.711	883.559	395.975	-801.358	885.4	309.858	-784.9	1062.381	317.37	-1187.411	838.021	603.776	-834.034	1031.253	568.23	-1149.156	1098.273	32.134	-1172.69	1024.794	25.293	-1100.991	935.334	22.331	-780.064	956.48	27.297	-883.609
1777	8.88	924.771	1692.91	-993.402	933.35	1410.468	-817.873	1092.174	1399.708	-1090.244	900.476	1359.024	-1019.466	804.532	911.987	-932.246	927.588	931.669	-1134.132	1008.875	964.272	-953.183	1003.448	475.024	-1165.769	948.457	454.652	-1065.672	849.779	476.041	-846.348	886.024	456.906	-950.102	907.249	103.179	-808.365	727.131	56.508	-868.764	1104.927	34.334	-1104.171	990.279	103.21	-1115.294	1060.584	104.761	-1174.016	786.743	45.75	-908.586	793.472	46.346	-802.784	1001.363	31.47	-814.527	927.135	104.543	-894.564	831.249	388.307	-837.41	829.414	307.662	-819.278	876.097	54.526	-1277.186	900.022	44.517	-1205.397	986.475	37.431	-1275	791.411	613.176	-878.815	792.646	695.944	-875.029	836.908	692.34	-829.612	1031.476	656.641	-1155.76	976.9	648.072	-1189.11	977.89	565.047	-1182.088	987.873	390.265	-1204.922	1003.273	303.964	-1210.495	1047.054	399.394	-1181.72	883.588	395.972	-801.347	885.436	309.882	-784.873	1062.388	317.325	-1187.395	838.046	603.77	-834.029	1031.249	568.263	-1149.183	1098.286	32.154	-1172.72	1024.801	25.312	-1100.987	935.328	22.269	-780.085	956.477	27.308	-883.598
1778	8.885	924.776	1692.909	-993.412	933.386	1410.494	-817.859	1092.173	1399.713	-1090.254	900.503	1359.017	-1019.478	804.554	911.993	-932.23	927.594	931.659	-1134.103	1008.901	964.272	-953.176	1003.462	475.029	-1165.764	948.486	454.677	-1065.636	849.784	476.057	-846.301	886.067	456.889	-950.075	907.024	102.824	-808.601	727.157	56.522	-868.715	1104.926	34.314	-1104.179	990.271	103.165	-1115.278	1060.522	104.767	-1174.11	786.768	45.731	-908.553	793.471	46.363	-802.79	1001.362	31.473	-814.527	927.158	104.531	-894.52	831.289	388.326	-837.372	829.445	307.678	-819.255	876.123	54.51	-1277.183	900.026	44.532	-1205.385	986.498	37.479	-1275.029	791.41	613.162	-878.804	792.669	695.972	-875.054	836.934	692.328	-829.623	1031.458	656.643	-1155.758	976.882	648.042	-1189.087	977.896	565.063	-1182.09	987.884	390.227	-1204.911	1003.295	303.942	-1210.464	1047.05	399.415	-1181.7	883.612	396	-801.326	885.473	309.867	-784.876	1062.377	317.374	-1187.422	838.072	603.806	-833.979	1031.221	568.237	-1149.167	1098.303	32.165	-1172.705	1024.788	25.306	-1100.975	935.315	22.339	-780.041	956.499	27.298	-883.608
1779	8.89	924.757	1692.946	-993.433	933.366	1410.495	-817.894	1092.204	1399.741	-1090.301	900.511	1359.02	-1019.522	804.577	912.001	-932.205	927.575	931.622	-1134.093	1008.871	964.233	-953.156	1003.472	475.028	-1165.755	948.47	454.672	-1065.65	849.819	476.061	-846.314	886.088	456.862	-950.049	907.246	103.184	-808.384	727.172	56.545	-868.714	1104.913	34.338	-1104.199	990.285	103.201	-1115.243	1060.771	104.912	-1173.903	786.78	45.734	-908.515	793.482	46.358	-802.784	1001.338	31.46	-814.529	927.154	104.548	-894.532	831.257	388.3	-837.384	829.464	307.657	-819.252	876.09	54.521	-1277.174	900.028	44.524	-1205.368	986.492	37.442	-1275.019	791.436	613.16	-878.829	792.682	695.937	-875.006	836.955	692.366	-829.584	1031.463	656.589	-1155.742	976.898	648.08	-1189.1	977.885	565.046	-1182.077	987.856	390.234	-1204.902	1003.283	303.98	-1210.48	1047.058	399.411	-1181.717	883.635	396.003	-801.305	885.483	309.87	-784.878	1062.368	317.333	-1187.407	838.09	603.78	-833.978	1031.248	568.285	-1149.193	1098.308	32.143	-1172.708	1024.813	25.289	-1100.987	935.307	22.289	-780.055	956.455	27.387	-883.64
1780	8.895	924.764	1692.915	-993.429	933.395	1410.506	-817.894	1092.211	1399.744	-1090.293	900.543	1359.019	-1019.516	804.59	912.031	-932.193	927.591	931.665	-1134.103	1008.904	964.261	-953.153	1003.474	475.022	-1165.733	948.452	454.673	-1065.655	849.841	476.078	-846.295	886.049	456.875	-950.061	907.019	102.789	-808.617	727.181	56.556	-868.696	1104.956	34.326	-1104.186	990.267	103.188	-1115.255	1060.756	104.761	-1173.934	786.802	45.737	-908.486	793.485	46.392	-802.802	1001.352	31.467	-814.518	927.144	104.522	-894.563	831.28	388.308	-837.392	829.464	307.7	-819.246	876.064	54.551	-1277.192	900.033	44.495	-1205.382	986.504	37.427	-1275.04	791.431	613.202	-878.787	792.701	695.976	-874.991	836.967	692.369	-829.577	1031.462	656.594	-1155.751	976.927	648.087	-1189.063	977.896	565.078	-1182.091	987.856	390.272	-1204.898	1003.269	303.962	-1210.47	1047.058	399.404	-1181.688	883.652	395.989	-801.303	885.503	309.883	-784.828	1062.386	317.348	-1187.387	838.082	603.826	-833.968	1031.242	568.268	-1149.202	1098.268	32.166	-1172.713	1024.786	25.305	-1100.981	935.311	22.327	-780.025	956.478	27.328	-883.603
1781	8.9	924.773	1692.924	-993.443	933.394	1410.498	-817.92	1092.227	1399.748	-1090.329	900.551	1359.01	-1019.531	804.598	912.011	-932.156	927.589	931.659	-1134.09	1008.937	964.29	-953.128	1003.461	475.051	-1165.752	948.443	454.659	-1065.639	849.89	476.078	-846.239	886.108	456.9	-950.031	907.037	102.809	-808.618	727.195	56.533	-868.684	1104.914	34.313	-1104.179	990.267	103.226	-1115.241	1060.586	104.696	-1174.058	786.83	45.705	-908.453	793.462	46.349	-802.779	1001.369	31.486	-814.548	927.179	104.536	-894.563	831.289	388.295	-837.355	829.459	307.71	-819.216	876.077	54.519	-1277.171	900.023	44.524	-1205.381	986.528	37.453	-1275.014	791.461	613.194	-878.742	792.723	696.004	-875.001	836.979	692.383	-829.544	1031.472	656.61	-1155.742	976.904	648.085	-1189.076	977.895	565.086	-1182.075	987.852	390.272	-1204.908	1003.281	303.969	-1210.51	1047.04	399.398	-1181.678	883.649	396.016	-801.285	885.502	309.869	-784.826	1062.396	317.332	-1187.369	838.104	603.821	-833.944	1031.231	568.226	-1149.137	1098.277	32.164	-1172.707	1024.771	25.321	-1100.987	935.327	22.309	-780.024	956.476	27.263	-883.596
1782	8.905	924.775	1692.908	-993.461	933.402	1410.529	-817.949	1092.252	1399.745	-1090.341	900.569	1359.027	-1019.55	804.6	912.048	-932.156	927.575	931.641	-1134.053	1008.956	964.317	-953.147	1003.47	475.017	-1165.727	948.415	454.694	-1065.66	849.88	476.081	-846.233	886.096	456.887	-950.013	907.006	102.799	-808.649	727.198	56.527	-868.685	1104.939	34.342	-1104.217	990.26	103.232	-1115.281	1060.797	104.93	-1173.94	786.871	45.713	-908.389	793.477	46.37	-802.796	1001.375	31.423	-814.555	927.165	104.513	-894.571	831.282	388.34	-837.338	829.481	307.7	-819.247	876.094	54.501	-1277.166	900.04	44.512	-1205.377	986.479	37.47	-1275.026	791.441	613.19	-878.738	792.709	696.051	-874.988	836.989	692.377	-829.524	1031.505	656.646	-1155.718	976.906	648.066	-1189.05	977.9	565.072	-1182.076	987.837	390.278	-1204.894	1003.279	303.99	-1210.476	1047.047	399.392	-1181.671	883.654	396.011	-801.263	885.481	309.864	-784.829	1062.365	317.338	-1187.375	838.132	603.803	-833.942	1031.224	568.232	-1149.139	1098.282	32.153	-1172.679	1024.795	25.316	-1100.991	935.311	22.349	-780.053	956.482	27.296	-883.601
1783	8.91	924.772	1692.94	-993.469	933.418	1410.524	-817.932	1092.266	1399.732	-1090.354	900.624	1359.033	-1019.557	804.603	912.047	-932.094	927.583	931.639	-1134.041	1008.941	964.3	-953.122	1003.447	475.03	-1165.713	948.439	454.695	-1065.622	849.906	476.083	-846.195	886.085	456.934	-949.992	907	102.851	-808.589	727.223	56.554	-868.656	1104.93	34.338	-1104.185	990.237	103.226	-1115.298	1060.599	104.75	-1174.059	786.868	45.724	-908.346	793.456	46.392	-802.788	1001.349	31.419	-814.524	927.159	104.49	-894.561	831.298	388.311	-837.36	829.475	307.678	-819.225	876.057	54.548	-1277.18	900.033	44.538	-1205.414	986.486	37.436	-1275.024	791.494	613.187	-878.709	792.722	695.997	-874.937	837.047	692.393	-829.526	1031.488	656.608	-1155.705	976.908	648.071	-1189.029	977.888	565.058	-1182.04	987.845	390.249	-1204.885	1003.267	304.005	-1210.452	1047.051	399.403	-1181.663	883.658	395.999	-801.254	885.495	309.883	-784.845	1062.368	317.359	-1187.386	838.143	603.803	-833.915	1031.224	568.251	-1149.114	1098.291	32.128	-1172.673	1024.794	25.325	-1100.972	935.33	22.33	-780.041	956.49	27.328	-883.608
1784	8.915	924.767	1692.928	-993.503	933.443	1410.562	-817.965	1092.276	1399.734	-1090.4	900.625	1359.01	-1019.569	804.639	912.045	-932.099	927.568	931.637	-1134.02	1008.915	964.279	-953.123	1003.455	475.017	-1165.687	948.442	454.666	-1065.598	849.924	476.111	-846.167	886.098	456.9	-950.015	907.016	102.776	-808.655	727.24	56.567	-868.65	1104.903	34.336	-1104.201	990.228	103.222	-1115.297	1060.621	104.762	-1174.028	786.926	45.707	-908.307	793.471	46.355	-802.803	1001.384	31.44	-814.569	927.193	104.565	-894.535	831.331	388.306	-837.327	829.484	307.688	-819.188	876.123	54.492	-1277.166	900.026	44.533	-1205.389	986.509	37.45	-1275.03	791.479	613.218	-878.698	792.733	696.02	-874.921	837.04	692.376	-829.494	1031.464	656.631	-1155.676	976.905	648.079	-1189.009	977.898	565.069	-1182.015	987.846	390.258	-1204.864	1003.258	304.002	-1210.447	1047.038	399.394	-1181.649	883.656	396.013	-801.234	885.485	309.898	-784.825	1062.371	317.345	-1187.355	838.142	603.812	-833.917	1031.213	568.231	-1149.118	1098.283	32.17	-1172.7	1024.795	25.301	-1100.963	935.331	22.325	-780.071	956.501	27.3	-883.596
1785	8.92	924.772	1692.945	-993.507	933.504	1410.577	-817.982	1092.304	1399.707	-1090.408	900.636	1359.022	-1019.578	804.651	912.055	-932.071	927.548	931.646	-1134.028	1008.971	964.279	-953.113	1003.449	475.034	-1165.679	948.423	454.669	-1065.597	849.902	476.111	-846.139	886.105	456.962	-949.981	907.027	102.814	-808.631	727.244	56.61	-868.589	1104.915	34.336	-1104.179	990.264	103.206	-1115.29	1060.727	105.058	-1173.976	786.92	45.698	-908.245	793.477	46.377	-802.803	1001.399	31.441	-814.559	927.14	104.522	-894.561	831.293	388.347	-837.307	829.484	307.709	-819.202	876.109	54.498	-1277.168	900.027	44.541	-1205.392	986.483	37.458	-1275.02	791.478	613.223	-878.67	792.753	696.036	-874.88	837.046	692.392	-829.466	1031.475	656.636	-1155.653	976.897	648.082	-1189.008	977.898	565.083	-1182.038	987.853	390.271	-1204.87	1003.269	303.989	-1210.428	1047.026	399.385	-1181.629	883.707	396.008	-801.254	885.532	309.874	-784.819	1062.375	317.361	-1187.364	838.159	603.805	-833.908	1031.232	568.263	-1149.059	1098.268	32.161	-1172.686	1024.78	25.286	-1100.984	935.367	22.357	-780.034	956.496	27.312	-883.594
1786	8.925	924.771	1692.931	-993.512	933.485	1410.567	-817.98	1092.3	1399.703	-1090.431	900.642	1359.023	-1019.587	804.656	912.054	-932.006	927.55	931.639	-1133.987	1008.967	964.307	-953.105	1003.444	475.065	-1165.69	948.415	454.687	-1065.574	849.903	476.083	-846.14	886.071	456.939	-949.987	907.024	102.824	-808.611	727.295	56.603	-868.571	1104.914	34.32	-1104.187	990.256	103.263	-1115.294	1060.75	105.113	-1173.939	786.96	45.684	-908.211	793.481	46.382	-802.783	1001.337	31.446	-814.534	927.171	104.558	-894.553	831.324	388.311	-837.294	829.484	307.71	-819.177	876.125	54.524	-1277.152	900.03	44.53	-1205.376	986.539	37.481	-1275.015	791.497	613.215	-878.654	792.769	696.027	-874.866	837.034	692.422	-829.437	1031.457	656.644	-1155.646	976.906	648.086	-1188.991	977.873	565.047	-1182.005	987.846	390.272	-1204.85	1003.281	303.982	-1210.426	1047.035	399.417	-1181.66	883.684	396.027	-801.214	885.533	309.87	-784.782	1062.364	317.372	-1187.344	838.132	603.831	-833.89	1031.219	568.3	-1149.084	1098.313	32.135	-1172.651	1024.817	25.308	-1100.98	935.319	22.309	-780.057	956.497	27.339	-883.615
1787	8.93	924.774	1692.93	-993.513	933.543	1410.584	-818.03	1092.33	1399.71	-1090.45	900.685	1359.009	-1019.616	804.667	912.081	-931.987	927.525	931.644	-1133.986	1008.955	964.289	-953.077	1003.462	475.023	-1165.657	948.418	454.679	-1065.592	849.93	476.109	-846.078	886.134	456.964	-949.955	907.058	102.802	-808.632	727.303	56.579	-868.593	1104.942	34.34	-1104.185	990.257	103.234	-1115.245	1060.707	104.964	-1173.939	786.926	45.644	-908.223	793.478	46.381	-802.794	1001.375	31.475	-814.542	927.183	104.579	-894.546	831.337	388.353	-837.294	829.502	307.691	-819.15	876.123	54.522	-1277.169	900.031	44.556	-1205.393	986.487	37.451	-1275.016	791.484	613.214	-878.607	792.76	696.051	-874.867	837.034	692.422	-829.437	1031.445	656.621	-1155.637	976.891	648.083	-1188.987	977.873	565.08	-1181.993	987.839	390.296	-1204.844	1003.281	303.993	-1210.428	1047.025	399.405	-1181.605	883.673	395.98	-801.201	885.533	309.909	-784.792	1062.377	317.335	-1187.306	838.156	603.827	-833.858	1031.221	568.285	-1149.07	1098.27	32.163	-1172.67	1024.814	25.315	-1100.989	935.345	22.353	-780.06	956.495	27.31	-883.584
1788	8.935	924.777	1692.933	-993.53	933.537	1410.593	-818.03	1092.342	1399.706	-1090.48	900.67	1359.023	-1019.63	804.663	912.099	-931.978	927.512	931.624	-1133.97	1008.991	964.267	-953.074	1003.465	475.013	-1165.631	948.444	454.628	-1065.556	849.937	476.088	-846.08	886.125	456.909	-949.947	907.031	102.824	-808.617	727.306	56.618	-868.568	1104.92	34.326	-1104.194	990.24	103.26	-1115.318	1060.625	104.877	-1174.061	786.928	45.602	-908.182	793.473	46.389	-802.795	1001.395	31.449	-814.568	927.177	104.574	-894.529	831.3	388.354	-837.275	829.485	307.697	-819.18	876.128	54.503	-1277.152	900.034	44.532	-1205.385	986.493	37.439	-1274.997	791.492	613.23	-878.626	792.766	696.029	-874.81	837.039	692.427	-829.379	1031.453	656.644	-1155.621	976.879	648.087	-1188.96	977.883	565.047	-1181.964	987.832	390.281	-1204.833	1003.282	303.992	-1210.415	1047.05	399.387	-1181.598	883.678	395.979	-801.199	885.516	309.902	-784.785	1062.382	317.349	-1187.32	838.15	603.796	-833.848	1031.212	568.28	-1149.057	1098.295	32.139	-1172.7	1024.8	25.328	-1100.99	935.337	22.31	-780.054	956.466	27.302	-883.6
1789	8.94	924.775	1692.934	-993.543	933.588	1410.614	-818.052	1092.351	1399.706	-1090.476	900.704	1358.996	-1019.628	804.662	912.079	-931.954	927.492	931.613	-1133.928	1008.988	964.261	-953.082	1003.46	475.021	-1165.653	948.427	454.654	-1065.535	849.935	476.108	-846.029	886.103	456.929	-949.927	907.031	102.825	-808.594	727.326	56.612	-868.539	1104.922	34.301	-1104.189	990.245	103.193	-1115.269	1060.688	104.93	-1173.983	786.896	45.577	-908.176	793.476	46.37	-802.791	1001.374	31.449	-814.559	927.184	104.543	-894.515	831.306	388.347	-837.224	829.507	307.672	-819.146	876.129	54.498	-1277.155	900.028	44.535	-1205.389	986.501	37.445	-1275.035	791.489	613.223	-878.59	792.775	696.003	-874.794	837.035	692.392	-829.378	1031.434	656.625	-1155.614	976.861	648.071	-1188.96	977.863	565.069	-1181.974	987.856	390.283	-1204.84	1003.282	303.983	-1210.425	1047.04	399.391	-1181.598	883.689	395.987	-801.183	885.53	309.912	-784.765	1062.385	317.342	-1187.28	837.448	604.751	-833.157	1031.178	568.254	-1149.041	1098.316	32.156	-1172.667	1024.797	25.324	-1100.992	935.346	22.321	-780.049	956.497	27.298	-883.603
1790	8.945	924.79	1692.919	-993.559	933.589	1410.593	-818.06	1092.37	1399.669	-1090.497	900.705	1359.02	-1019.67	804.68	912.078	-931.899	927.495	931.602	-1133.914	1008.988	964.274	-953.061	1003.451	475.024	-1165.629	948.44	454.653	-1065.494	849.97	476.108	-846.006	886.112	456.953	-949.917	907.038	102.793	-808.622	727.336	56.627	-868.534	1104.968	34.308	-1104.181	990.262	103.231	-1115.281	1060.728	105.003	-1174.002	786.89	45.541	-908.153	793.465	46.361	-802.781	1001.409	31.46	-814.559	927.202	104.624	-894.544	831.284	388.368	-837.232	829.487	307.696	-819.146	876.123	54.524	-1277.15	900.031	44.544	-1205.374	986.511	37.425	-1275.032	791.489	613.237	-878.552	792.761	696.043	-874.79	837.034	692.383	-829.339	1031.431	656.643	-1155.617	976.85	648.056	-1188.948	977.853	565.074	-1181.964	987.863	390.262	-1204.826	1003.272	303.992	-1210.417	1047.037	399.402	-1181.602	883.676	396.01	-801.19	885.534	309.887	-784.79	1062.384	317.315	-1187.307	838.183	603.778	-833.84	1031.207	568.249	-1149.036	1098.292	32.134	-1172.662	1024.774	25.32	-1100.968	935.336	22.356	-780.001	956.487	27.314	-883.608
1791	8.95	924.802	1692.923	-993.566	933.626	1410.593	-818.058	1092.384	1399.664	-1090.53	900.719	1359.025	-1019.671	804.684	912.043	-931.85	927.486	931.604	-1133.882	1008.98	964.281	-953.049	1003.424	475.032	-1165.625	948.42	454.637	-1065.537	849.95	476.093	-845.999	886.057	456.918	-949.884	907.043	102.8	-808.611	727.378	56.639	-868.508	1104.921	34.337	-1104.201	990.233	103.17	-1115.252	1060.592	104.666	-1174.01	786.894	45.53	-908.122	793.465	46.332	-802.787	1001.388	31.477	-814.557	927.169	104.578	-894.527	831.308	388.318	-837.21	829.496	307.674	-819.127	876.137	54.487	-1277.148	900.007	44.543	-1205.387	986.482	37.438	-1275.027	791.487	613.208	-878.524	792.761	696.022	-874.742	837.042	692.405	-829.299	1031.419	656.61	-1155.604	976.839	648.069	-1188.912	977.851	565.027	-1181.931	987.829	390.286	-1204.818	1003.277	303.99	-1210.403	1047.018	399.379	-1181.585	883.685	395.976	-801.153	885.514	309.836	-784.757	1062.381	317.382	-1187.33	838.165	603.812	-833.775	1031.205	568.296	-1149.063	1098.306	32.135	-1172.671	1024.786	25.317	-1100.981	935.361	22.341	-780.035	956.503	27.314	-883.618
1792	8.955	924.802	1692.903	-993.596	933.615	1410.606	-818.057	1092.388	1399.667	-1090.539	900.722	1358.985	-1019.691	804.702	912.069	-931.817	927.468	931.57	-1133.861	1009	964.252	-953.019	1003.441	474.998	-1165.62	948.462	454.614	-1065.513	849.956	476.115	-845.967	886.125	456.954	-949.879	907.248	103.19	-808.363	727.403	56.688	-868.503	1104.916	34.299	-1104.187	990.257	103.19	-1115.299	1060.775	104.885	-1173.927	786.861	45.502	-908.121	793.456	46.381	-802.786	1001.373	31.457	-814.535	927.175	104.624	-894.491	831.316	388.362	-837.173	829.467	307.676	-819.134	876.13	54.478	-1277.145	900.022	44.55	-1205.392	986.486	37.415	-1275.024	791.472	613.244	-878.506	792.785	696.039	-874.729	837.03	692.395	-829.295	1031.403	656.6	-1155.598	976.815	648.05	-1188.889	977.83	565.08	-1181.946	987.85	390.243	-1204.791	1003.275	303.987	-1210.4	1047.022	399.358	-1181.578	883.675	395.948	-801.137	885.505	309.861	-784.728	1062.341	317.317	-1187.277	838.17	603.797	-833.734	1031.177	568.258	-1149.075	1098.3	32.147	-1172.703	1024.811	25.279	-1100.983	935.337	22.332	-780.021	956.45	27.319	-883.621
1793	8.96	924.836	1692.9	-993.622	933.659	1410.6	-818.097	1092.382	1399.66	-1090.54	900.751	1358.962	-1019.672	804.686	912.059	-931.788	927.445	931.59	-1133.868	1008.989	964.27	-953.007	1003.387	475.048	-1165.651	948.423	454.63	-1065.49	849.952	476.098	-845.946	886.068	456.941	-949.874	907.024	102.76	-808.604	727.404	56.685	-868.516	1104.924	34.313	-1104.205	990.224	103.223	-1115.287	1060.659	104.835	-1173.966	786.857	45.454	-908.115	793.469	46.36	-802.798	1001.365	31.452	-814.554	927.155	104.593	-894.515	831.335	388.305	-837.177	829.469	307.654	-819.113	876.13	54.487	-1277.153	900.037	44.515	-1205.387	986.482	37.448	-1275.06	791.484	613.217	-878.508	792.76	695.999	-874.703	837.034	692.39	-829.289	1031.392	656.613	-1155.583	976.816	648.027	-1188.879	977.805	565.049	-1181.933	987.798	390.268	-1204.784	1003.237	303.956	-1210.375	1047.004	399.375	-1181.547	883.681	395.963	-801.139	885.49	309.883	-784.707	1062.351	317.335	-1187.304	838.181	603.785	-833.759	1031.162	568.235	-1149.042	1098.291	32.126	-1172.699	1024.784	25.283	-1100.991	935.337	22.3	-780.065	956.491	27.265	-883.59
1794	8.965	924.846	1692.903	-993.658	933.657	1410.568	-818.087	1092.413	1399.668	-1090.568	900.765	1358.98	-1019.684	804.676	912.071	-931.764	927.448	931.577	-1133.822	1009.01	964.264	-952.988	1003.406	474.981	-1165.601	948.409	454.631	-1065.486	849.977	476.043	-845.883	886.079	456.932	-949.87	907.036	102.765	-808.616	727.423	56.692	-868.512	1104.901	34.324	-1104.189	990.239	103.231	-1115.267	1060.64	104.786	-1173.981	786.838	45.441	-908.12	793.461	46.354	-802.796	1001.384	31.436	-814.551	927.147	104.549	-894.51	831.308	388.329	-837.157	829.473	307.682	-819.11	876.12	54.501	-1277.152	900.034	44.52	-1205.4	986.484	37.446	-1275.04	791.499	613.237	-878.485	792.767	696.004	-874.716	837.034	692.353	-829.28	1031.383	656.607	-1155.571	976.803	648.079	-1188.891	977.799	565.041	-1181.914	987.813	390.263	-1204.776	1003.223	304.007	-1210.385	1046.982	399.377	-1181.568	883.681	395.965	-801.107	885.477	309.848	-784.717	1062.325	317.323	-1187.309	837.448	604.755	-833.027	1031.165	568.245	-1148.994	1098.279	32.126	-1172.685	1024.793	25.279	-1100.985	935.326	22.291	-780.065	956.49	27.312	-883.606
1795	8.97	924.861	1692.881	-993.646	933.686	1410.586	-818.14	1092.406	1399.662	-1090.61	900.794	1358.975	-1019.694	804.694	912.073	-931.731	927.445	931.58	-1133.807	1009.002	964.274	-952.955	1003.397	475.009	-1165.588	948.4	454.603	-1065.468	849.98	476.063	-845.893	886.141	456.96	-949.848	907.011	102.798	-808.604	727.412	56.701	-868.506	1104.931	34.331	-1104.205	990.231	103.216	-1115.257	1060.612	104.786	-1174.039	786.849	45.43	-908.095	793.464	46.343	-802.788	1001.363	31.489	-814.534	927.154	104.58	-894.501	831.317	388.327	-837.126	829.452	307.692	-819.11	876.116	54.499	-1277.165	900.006	44.506	-1205.381	986.504	37.429	-1275.007	791.478	613.222	-878.462	792.775	696.045	-874.664	837.028	692.382	-829.272	1031.375	656.621	-1155.564	976.785	648.06	-1188.848	977.761	565.06	-1181.904	987.794	390.276	-1204.795	1003.215	303.979	-1210.355	1047.001	399.405	-1181.587	883.633	395.963	-801.094	885.484	309.841	-784.695	1062.323	317.337	-1187.298	838.165	603.773	-833.702	1031.126	568.227	-1149.061	1098.277	32.109	-1172.677	1024.791	25.295	-1101	935.343	22.35	-780.046	956.469	27.32	-883.601
1796	8.975	924.896	1692.89	-993.699	933.719	1410.626	-818.127	1092.416	1399.655	-1090.601	900.787	1358.974	-1019.702	804.715	912.072	-931.714	927.426	931.57	-1133.798	1008.992	964.261	-952.964	1003.395	475.025	-1165.591	948.416	454.61	-1065.455	849.986	476.057	-845.874	886.108	456.953	-949.83	907.008	102.767	-808.614	727.441	56.752	-868.505	1104.914	34.295	-1104.202	990.239	103.21	-1115.231	1060.762	105.008	-1173.897	786.817	45.41	-908.122	793.472	46.362	-802.783	1001.347	31.425	-814.546	927.169	104.581	-894.517	831.304	388.339	-837.121	829.493	307.66	-819.059	876.093	54.505	-1277.153	900.006	44.538	-1205.393	986.502	37.44	-1275.021	791.494	613.202	-878.418	792.779	696.011	-874.676	837.025	692.396	-829.222	1031.339	656.613	-1155.52	976.776	648.065	-1188.839	977.767	565.056	-1181.861	987.806	390.282	-1204.78	1003.227	303.975	-1210.347	1046.998	399.401	-1181.556	883.654	395.958	-801.092	885.472	309.835	-784.699	1062.328	317.356	-1187.276	838.17	603.786	-833.686	1031.147	568.224	-1148.978	1098.275	32.122	-1172.68	1024.792	25.296	-1101.014	935.313	22.27	-780.052	956.486	27.303	-883.601
1797	8.98	924.912	1692.892	-993.721	933.725	1410.611	-818.144	1092.433	1399.659	-1090.617	900.829	1358.989	-1019.745	804.702	912.072	-931.683	927.423	931.582	-1133.77	1008.985	964.237	-952.913	1003.386	475.014	-1165.546	948.417	454.635	-1065.439	850.012	476.081	-845.826	886.107	456.944	-949.811	907.022	102.764	-808.603	727.442	56.753	-868.506	1104.932	34.326	-1104.203	990.213	103.177	-1115.261	1060.637	104.877	-1173.97	786.812	45.403	-908.101	793.469	46.388	-802.759	1001.364	31.453	-814.551	927.194	104.555	-894.514	831.328	388.339	-837.088	829.481	307.652	-819.082	876.128	54.505	-1277.152	900.006	44.56	-1205.405	986.473	37.439	-1275.023	791.481	613.224	-878.407	792.759	696.009	-874.665	837.02	692.389	-829.22	1031.361	656.604	-1155.514	976.752	648.047	-1188.835	977.747	565.059	-1181.862	987.799	390.29	-1204.773	1003.205	304.01	-1210.349	1046.981	399.351	-1181.526	883.642	395.967	-801.067	885.483	309.834	-784.691	1062.31	317.373	-1187.27	838.183	603.776	-833.671	1031.126	568.241	-1148.997	1098.295	32.134	-1172.678	1024.802	25.322	-1100.961	935.35	22.283	-780.057	956.493	27.298	-883.604
1798	8.985	924.937	1692.897	-993.76	933.756	1410.602	-818.146	1092.443	1399.652	-1090.63	900.823	1358.964	-1019.715	804.701	912.081	-931.66	927.422	931.601	-1133.766	1008.945	964.257	-952.896	1003.381	475.01	-1165.547	948.421	454.614	-1065.424	850.042	476.084	-845.821	886.129	456.932	-949.788	907.212	103.197	-808.368	727.481	56.756	-868.484	1104.935	34.302	-1104.194	990.204	103.238	-1115.279	1060.728	104.889	-1173.96	786.809	45.446	-908.132	793.465	46.375	-802.771	1001.351	31.465	-814.537	927.177	104.566	-894.496	831.357	388.332	-837.074	829.462	307.677	-819.062	876.123	54.523	-1277.177	900.02	44.523	-1205.396	986.473	37.445	-1275.031	791.496	613.245	-878.417	792.786	696.005	-874.629	837.02	692.365	-829.183	1031.331	656.635	-1155.533	976.756	648.086	-1188.813	977.741	565.092	-1181.849	987.787	390.283	-1204.732	1003.227	304.01	-1210.347	1046.97	399.388	-1181.525	883.635	395.988	-801.048	885.503	309.866	-784.652	1062.321	317.356	-1187.253	838.165	603.793	-833.618	1031.112	568.245	-1148.965	1098.268	32.146	-1172.683	1024.802	25.293	-1100.996	935.303	22.282	-780.058	956.477	27.328	-883.61
1799	8.99	924.952	1692.899	-993.783	933.773	1410.618	-818.151	1092.455	1399.651	-1090.651	900.834	1358.977	-1019.728	804.707	912.098	-931.626	927.427	931.603	-1133.748	1008.996	964.297	-952.889	1003.383	474.991	-1165.523	948.409	454.607	-1065.425	850.029	476.043	-845.743	886.087	456.963	-949.791	907.007	102.772	-808.616	727.471	56.766	-868.51	1104.942	34.321	-1104.176	990.204	103.183	-1115.238	1060.679	104.831	-1173.983	786.789	45.395	-908.134	793.467	46.368	-802.78	1001.346	31.447	-814.541	927.208	104.601	-894.5	831.361	388.322	-837.035	829.478	307.667	-819.039	876.101	54.52	-1277.167	900.01	44.53	-1205.422	986.476	37.44	-1275.005	791.47	613.265	-878.355	792.78	695.989	-874.582	837.014	692.386	-829.16	1031.32	656.606	-1155.494	976.745	648.058	-1188.797	977.738	565.056	-1181.822	987.785	390.298	-1204.745	1003.202	304.032	-1210.34	1046.99	399.408	-1181.513	883.643	395.986	-801.036	885.494	309.817	-784.661	1062.312	317.366	-1187.234	838.156	603.824	-833.606	1031.115	568.254	-1148.957	1098.278	32.148	-1172.676	1024.791	25.287	-1100.989	935.28	22.27	-780.053	956.494	27.348	-883.63
1800	8.995	924.994	1692.886	-993.81	933.828	1410.634	-818.15	1092.449	1399.658	-1090.687	900.853	1358.995	-1019.727	804.712	912.081	-931.613	927.412	931.592	-1133.73	1008.993	964.264	-952.875	1003.367	475.028	-1165.507	948.365	454.613	-1065.409	850.038	476.102	-845.751	886.106	456.988	-949.77	907.021	102.793	-808.581	727.464	56.775	-868.479	1104.895	34.306	-1104.182	990.215	103.246	-1115.277	1060.676	105.082	-1173.984	786.824	45.416	-908.11	793.488	46.333	-802.769	1001.378	31.44	-814.532	927.211	104.585	-894.507	831.313	388.35	-837.019	829.465	307.67	-819.023	876.112	54.5	-1277.17	899.998	44.549	-1205.398	986.484	37.479	-1275.031	791.469	613.234	-878.368	792.766	696.01	-874.597	837.02	692.363	-829.159	1031.337	656.614	-1155.46	976.754	648.067	-1188.797	977.751	565.025	-1181.785	987.796	390.29	-1204.701	1003.216	304.023	-1210.286	1046.99	399.408	-1181.497	883.646	395.956	-801.036	885.466	309.848	-784.66	1062.3	317.365	-1187.225	838.17	603.766	-833.624	1031.096	568.259	-1148.92	1098.318	32.164	-1172.671	1024.794	25.297	-1100.998	935.335	22.329	-780.037	956.485	27.312	-883.588
1801	9	925.008	1692.902	-993.836	933.831	1410.626	-818.16	1092.459	1399.653	-1090.661	900.861	1358.981	-1019.731	804.708	912.101	-931.583	927.402	931.591	-1133.691	1008.989	964.294	-952.868	1003.368	475.022	-1165.501	948.39	454.602	-1065.378	850.045	476.123	-845.745	886.073	456.966	-949.75	907.034	102.776	-808.573	727.491	56.808	-868.499	1104.902	34.338	-1104.187	990.204	103.191	-1115.254	1060.807	105.024	-1173.933	786.827	45.442	-908.099	793.445	46.353	-802.771	1001.379	31.479	-814.547	927.183	104.591	-894.507	831.361	388.309	-836.997	829.474	307.676	-819.039	876.111	54.556	-1277.177	900.007	44.499	-1205.382	986.457	37.455	-1275.026	791.49	613.269	-878.326	792.781	695.988	-874.552	837.006	692.378	-829.122	1031.333	656.634	-1155.453	976.767	648.054	-1188.771	977.736	565.062	-1181.763	987.788	390.268	-1204.694	1003.197	303.988	-1210.305	1046.981	399.394	-1181.476	883.638	395.991	-801.03	885.474	309.849	-784.657	1062.308	317.375	-1187.227	837.459	604.72	-832.908	1031.101	568.227	-1148.897	1098.264	32.157	-1172.679	1024.814	25.304	-1100.965	935.322	22.309	-780.035	956.48	27.328	-883.604
1802	9.005	925.026	1692.922	-993.888	933.861	1410.641	-818.134	1092.454	1399.661	-1090.694	900.88	1358.997	-1019.741	804.696	912.103	-931.571	927.408	931.6	-1133.687	1008.982	964.307	-952.844	1003.396	475.01	-1165.465	948.362	454.607	-1065.378	849.994	476.054	-845.729	886.095	456.975	-949.752	907.234	103.187	-808.355	727.45	56.804	-868.529	1104.906	34.353	-1104.188	990.203	103.189	-1115.243	1060.738	104.943	-1173.913	786.818	45.439	-908.075	793.461	46.359	-802.759	1001.353	31.441	-814.547	927.147	104.543	-894.509	831.352	388.323	-836.986	829.463	307.657	-819.024	876.08	54.526	-1277.175	900.006	44.518	-1205.362	986.467	37.452	-1275.031	791.496	613.263	-878.348	792.747	696.019	-874.545	837.034	692.383	-829.113	1031.337	656.629	-1155.413	976.752	648.03	-1188.745	977.742	565.079	-1181.752	987.781	390.29	-1204.694	1003.175	304.016	-1210.272	1046.965	399.394	-1181.436	883.649	395.957	-801.011	885.488	309.852	-784.624	1062.295	317.342	-1187.189	838.146	603.767	-833.537	1031.116	568.23	-1148.833	1098.263	32.152	-1172.684	1024.777	25.265	-1100.982	935.308	22.309	-780.06	956.506	27.325	-883.594
1803	9.01	925.058	1692.928	-993.909	933.898	1410.687	-818.18	1092.48	1399.643	-1090.721	900.879	1359.002	-1019.741	804.715	912.12	-931.521	927.417	931.596	-1133.652	1009.035	964.28	-952.853	1003.36	475.06	-1165.469	948.341	454.599	-1065.39	850.011	476.04	-845.713	886.125	456.994	-949.738	906.991	102.796	-808.591	727.472	56.831	-868.549	1104.912	34.331	-1104.174	990.222	103.21	-1115.27	1060.649	104.807	-1173.967	786.834	45.444	-908.068	793.464	46.374	-802.783	1001.346	31.458	-814.552	927.11	104.575	-894.477	831.34	388.349	-836.986	829.469	307.673	-819.026	876.069	54.536	-1277.181	900.019	44.497	-1205.378	986.465	37.456	-1275.008	791.484	613.239	-878.307	792.752	696.026	-874.529	837.02	692.398	-829.089	1031.329	656.607	-1155.389	976.741	648.043	-1188.724	977.732	565.039	-1181.729	987.788	390.318	-1204.677	1003.183	304.025	-1210.274	1046.971	399.419	-1181.447	883.618	395.969	-801.026	885.44	309.823	-784.645	1062.275	317.393	-1187.194	838.15	603.771	-833.531	1031.076	568.207	-1148.822	1098.269	32.142	-1172.668	1024.758	25.294	-1101.012	935.327	22.309	-780.053	956.475	27.311	-883.592
1804	9.015	925.101	1692.923	-993.933	933.897	1410.672	-818.168	1092.497	1399.641	-1090.709	900.897	1358.985	-1019.74	804.7	912.135	-931.526	927.407	931.612	-1133.659	1008.972	964.269	-952.828	1003.345	475.053	-1165.453	948.353	454.603	-1065.345	850.009	476.045	-845.667	886.082	456.953	-949.738	907.019	102.781	-808.606	727.408	56.779	-868.591	1104.903	34.337	-1104.173	990.202	103.206	-1115.288	1060.742	104.895	-1173.92	786.841	45.42	-908.067	793.459	46.346	-802.782	1001.34	31.442	-814.563	927.125	104.585	-894.497	831.38	388.307	-836.943	829.447	307.678	-819.002	876.061	54.512	-1277.179	900.022	44.509	-1205.372	986.434	37.482	-1275.027	791.487	613.265	-878.282	792.765	696.026	-874.519	836.994	692.385	-829.068	1031.326	656.597	-1155.356	976.771	648.029	-1188.692	977.768	565.033	-1181.701	987.742	390.288	-1204.657	1003.174	304.022	-1210.266	1046.955	399.422	-1181.433	883.593	395.958	-801.035	885.463	309.841	-784.651	1062.297	317.377	-1187.185	837.446	604.715	-832.855	1031.117	568.258	-1148.821	1098.284	32.153	-1172.66	1024.756	25.282	-1100.985	935.294	22.281	-780.045	956.479	27.357	-883.617
1805	9.02	925.119	1692.901	-993.939	933.913	1410.677	-818.195	1092.496	1399.658	-1090.725	900.9	1359.001	-1019.741	804.716	912.137	-931.48	927.402	931.609	-1133.633	1009.025	964.31	-952.798	1003.369	475.057	-1165.442	948.309	454.583	-1065.37	850.006	476.02	-845.664	886.051	456.963	-949.735	907.017	102.774	-808.603	727.37	56.768	-868.634	1104.912	34.344	-1104.2	990.197	103.169	-1115.239	1060.627	104.875	-1173.925	786.823	45.438	-908.068	793.463	46.318	-802.778	1001.335	31.45	-814.547	927.139	104.547	-894.536	831.324	388.355	-836.943	829.433	307.676	-819.047	876.068	54.538	-1277.21	900.021	44.514	-1205.39	986.463	37.463	-1275.03	791.47	613.249	-878.291	792.767	696.054	-874.498	836.995	692.371	-829.058	1031.328	656.621	-1155.337	976.768	648.047	-1188.695	977.73	565.042	-1181.706	987.77	390.305	-1204.665	1003.158	304.02	-1210.258	1046.944	399.391	-1181.412	883.605	395.944	-801.009	885.469	309.785	-784.64	1062.278	317.408	-1187.205	838.175	603.762	-833.495	1031.113	568.241	-1148.793	1098.289	32.182	-1172.696	1024.798	25.299	-1100.995	935.27	22.278	-780.091	956.5	27.337	-883.619
1806	9.025	925.144	1692.932	-994.003	933.919	1410.697	-818.208	1092.524	1399.65	-1090.73	900.933	1358.987	-1019.752	804.7	912.122	-931.465	927.384	931.576	-1133.594	1009	964.251	-952.8	1003.357	475.044	-1165.44	948.337	454.602	-1065.347	849.981	476.003	-845.677	886.028	456.982	-949.715	907.211	103.213	-808.354	727.155	56.683	-868.941	1104.893	34.317	-1104.179	990.194	103.206	-1115.214	1060.707	104.823	-1173.93	787.13	45.485	-907.628	793.45	46.362	-802.787	1001.357	31.443	-814.574	927.165	104.616	-894.505	831.335	388.358	-836.908	829.436	307.659	-819.04	876.056	54.521	-1277.199	900.01	44.503	-1205.395	986.458	37.423	-1275.02	791.473	613.255	-878.255	792.759	696.038	-874.495	837.005	692.353	-829.043	1031.32	656.641	-1155.337	976.745	648.065	-1188.66	977.732	565.05	-1181.673	987.747	390.299	-1204.644	1003.181	304.027	-1210.236	1046.949	399.412	-1181.43	883.588	395.962	-801.014	885.447	309.823	-784.626	1062.283	317.374	-1187.152	837.444	604.704	-832.825	1031.103	568.235	-1148.803	1098.287	32.176	-1172.673	1024.799	25.28	-1100.974	935.312	22.33	-780.039	956.475	27.335	-883.603
1807	9.03	925.181	1692.923	-993.988	933.947	1410.705	-818.212	1092.54	1399.632	-1090.724	900.95	1359.02	-1019.777	804.689	912.134	-931.479	927.406	931.601	-1133.6	1009.006	964.275	-952.747	1003.346	475.076	-1165.443	948.329	454.603	-1065.349	849.989	476.01	-845.663	886.039	457.004	-949.731	906.982	102.772	-808.606	727.166	56.717	-868.924	1104.899	34.324	-1104.149	990.198	103.17	-1115.256	1060.71	104.961	-1173.904	787.117	45.464	-907.61	793.467	46.37	-802.768	1001.39	31.458	-814.539	927.138	104.619	-894.504	831.387	388.324	-836.879	829.407	307.707	-819.031	876.03	54.573	-1277.225	900.021	44.497	-1205.375	986.454	37.453	-1275.002	791.44	613.28	-878.272	792.762	696.042	-874.495	836.985	692.387	-829.031	1031.324	656.625	-1155.307	976.75	648.073	-1188.652	977.744	565.04	-1181.669	987.775	390.31	-1204.647	1003.156	304.047	-1210.258	1046.936	399.415	-1181.419	883.58	395.962	-800.998	885.441	309.818	-784.638	1062.27	317.405	-1187.158	838.149	603.768	-833.476	1031.067	568.204	-1148.755	1098.292	32.174	-1172.671	1024.77	25.305	-1101.008	935.299	22.297	-780.053	956.482	27.337	-883.595
1808	9.035	925.205	1692.926	-994.063	933.988	1410.715	-818.205	1092.543	1399.599	-1090.743	900.935	1358.984	-1019.779	804.668	912.143	-931.418	927.394	931.594	-1133.57	1008.964	964.281	-952.741	1003.344	475.068	-1165.437	948.287	454.593	-1065.338	849.994	476.008	-845.644	886.072	456.954	-949.722	906.999	102.783	-808.593	727.179	56.712	-868.929	1104.901	34.313	-1104.167	990.198	103.184	-1115.251	1060.718	105.037	-1173.85	787.121	45.452	-907.638	793.446	46.377	-802.778	1001.357	31.416	-814.57	927.152	104.562	-894.504	831.335	388.362	-836.89	829.446	307.676	-819.031	876.032	54.527	-1277.224	900.025	44.478	-1205.383	986.464	37.456	-1274.998	791.448	613.253	-878.265	792.75	696.057	-874.473	836.972	692.362	-829.039	1031.317	656.616	-1155.282	976.762	648.047	-1188.605	977.743	565.068	-1181.651	987.743	390.315	-1204.641	1003.193	304.022	-1210.226	1046.948	399.425	-1181.427	883.59	395.929	-800.984	885.419	309.823	-784.621	1062.283	317.374	-1187.152	838.118	603.786	-833.437	1031.079	568.269	-1148.785	1098.291	32.177	-1172.694	1024.788	25.292	-1100.985	935.306	22.317	-780.041	956.486	27.32	-883.596
1809	9.04	925.246	1692.913	-994.059	933.991	1410.725	-818.217	1092.562	1399.604	-1090.738	900.96	1358.99	-1019.783	804.68	912.131	-931.432	927.41	931.585	-1133.567	1008.951	964.288	-952.759	1003.354	475.048	-1165.41	948.369	454.599	-1065.307	850.006	476.025	-845.626	886.057	457.001	-949.702	907.226	103.183	-808.311	727.169	56.7	-868.923	1104.911	34.331	-1104.168	990.215	103.169	-1115.249	1060.667	104.946	-1173.963	787.135	45.455	-907.631	793.457	46.359	-802.792	1001.346	31.406	-814.554	927.134	104.587	-894.502	831.359	388.357	-836.835	829.441	307.671	-819.005	876.019	54.544	-1277.227	900.004	44.513	-1205.396	986.482	37.448	-1275.017	791.453	613.274	-878.242	792.739	696.009	-874.424	836.987	692.384	-829.027	1031.305	656.642	-1155.275	976.744	648.057	-1188.599	977.743	565.062	-1181.646	987.744	390.324	-1204.638	1003.176	304.006	-1210.227	1046.965	399.421	-1181.398	883.595	395.963	-800.979	885.456	309.822	-784.602	1062.288	317.395	-1187.159	838.114	603.771	-833.444	1031.076	568.237	-1148.734	1098.26	32.175	-1172.688	1024.761	25.26	-1101.012	935.276	22.301	-780.055	956.477	27.329	-883.612
1810	9.045	925.278	1692.902	-994.078	933.998	1410.739	-818.236	1092.579	1399.596	-1090.732	900.969	1358.968	-1019.774	804.673	912.148	-931.381	927.382	931.579	-1133.553	1009.012	964.284	-952.706	1003.356	475.05	-1165.399	948.305	454.583	-1065.298	850.01	476.043	-845.576	886.057	456.997	-949.692	906.993	102.768	-808.58	727.167	56.677	-868.905	1104.913	34.331	-1104.171	990.188	103.243	-1115.235	1060.724	104.935	-1173.889	787.129	45.458	-907.642	793.457	46.358	-802.795	1001.355	31.464	-814.545	927.144	104.556	-894.52	831.396	388.321	-836.822	829.448	307.665	-819	876.007	54.551	-1277.236	900.015	44.501	-1205.391	986.474	37.456	-1275.001	791.444	613.24	-878.251	792.709	696.005	-874.427	836.965	692.395	-829.005	1031.305	656.622	-1155.255	976.76	648.076	-1188.602	977.754	565.073	-1181.617	987.78	390.311	-1204.61	1003.193	304.005	-1210.221	1046.944	399.435	-1181.41	883.58	395.931	-800.98	885.437	309.806	-784.588	1062.279	317.392	-1187.148	838.16	603.764	-833.43	1031.075	568.192	-1148.732	1098.272	32.181	-1172.685	1024.8	25.265	-1100.971	935.317	22.341	-780.026	956.48	27.354	-883.601
1811	9.05	925.31	1692.909	-994.127	934.038	1410.754	-818.222	1092.588	1399.581	-1090.736	901.357	1358.868	-1019.649	804.674	912.131	-931.396	927.379	931.586	-1133.542	1008.956	964.265	-952.692	1003.383	475.043	-1165.364	948.315	454.615	-1065.303	850.018	476.021	-845.6	886.089	456.983	-949.685	907.263	103.186	-808.308	727.178	56.706	-868.901	1104.905	34.349	-1104.186	990.197	103.153	-1115.24	1060.848	105.111	-1173.852	787.15	45.445	-907.631	793.463	46.33	-802.759	1001.334	31.453	-814.52	927.14	104.59	-894.476	831.403	388.357	-836.803	829.452	307.651	-818.989	875.989	54.583	-1277.241	900.024	44.529	-1205.399	986.472	37.44	-1275.017	791.446	613.274	-878.232	792.714	696.029	-874.49	836.947	692.397	-828.982	1031.311	656.594	-1155.239	976.773	648.068	-1188.583	977.762	565.083	-1181.596	987.784	390.293	-1204.608	1003.198	303.988	-1210.191	1046.985	399.424	-1181.373	883.62	395.938	-800.977	885.464	309.808	-784.601	1062.321	317.414	-1187.128	838.116	603.757	-833.392	1031.097	568.257	-1148.705	1098.289	32.139	-1172.686	1024.81	25.282	-1100.975	935.284	22.271	-780.057	956.501	27.307	-883.581
1812	9.055	925.35	1692.906	-994.118	934.051	1410.735	-818.186	1092.598	1399.563	-1090.754	901.024	1358.951	-1019.765	804.661	912.15	-931.385	927.383	931.584	-1133.535	1008.983	964.273	-952.699	1003.387	475.041	-1165.38	948.333	454.627	-1065.288	850.065	476.016	-845.575	886.108	456.998	-949.672	906.975	102.755	-808.596	727.178	56.721	-868.929	1104.924	34.311	-1104.175	990.201	103.154	-1115.222	1060.633	104.818	-1173.929	787.154	45.447	-907.605	793.47	46.334	-802.766	1001.387	31.424	-814.535	927.148	104.605	-894.471	831.387	388.357	-836.781	829.457	307.669	-818.974	876.002	54.621	-1277.263	900.02	44.537	-1205.395	986.479	37.451	-1275.005	791.443	613.267	-878.212	792.716	696.018	-874.456	836.943	692.391	-828.985	1031.311	656.655	-1155.251	976.771	648.08	-1188.568	977.769	565.089	-1181.614	987.791	390.317	-1204.589	1003.225	304.038	-1210.211	1046.998	399.388	-1181.35	883.622	395.965	-800.947	885.485	309.807	-784.572	1062.312	317.366	-1187.121	837.397	604.712	-832.725	1031.08	568.212	-1148.687	1098.267	32.178	-1172.713	1024.787	25.289	-1100.991	935.319	22.328	-780.04	956.502	27.3	-883.589
1813	9.06	925.375	1692.877	-994.157	934.087	1410.759	-818.216	1092.623	1399.535	-1090.743	901.382	1358.851	-1019.634	804.661	912.16	-931.388	927.382	931.58	-1133.516	1008.983	964.273	-952.699	1003.404	475.028	-1165.35	948.343	454.587	-1065.274	850.032	476.072	-845.572	886.107	456.99	-949.654	907.247	103.163	-808.322	727.185	56.71	-868.909	1104.919	34.305	-1104.164	990.212	103.159	-1115.271	1060.694	104.902	-1173.936	787.143	45.435	-907.61	793.451	46.368	-802.764	1001.377	31.438	-814.536	927.169	104.614	-894.467	831.421	388.339	-836.785	829.46	307.677	-818.971	875.983	54.628	-1277.292	900.019	44.52	-1205.373	986.497	37.464	-1275.026	791.444	613.273	-878.23	792.718	696.012	-874.445	836.926	692.386	-828.955	1031.319	656.64	-1155.237	976.785	648.057	-1188.544	977.778	565.065	-1181.58	987.808	390.31	-1204.576	1003.233	304.011	-1210.193	1047.007	399.414	-1181.343	883.636	395.933	-800.928	885.434	309.799	-784.567	1062.342	317.406	-1187.115	838.102	603.779	-833.354	1031.098	568.219	-1148.667	1098.267	32.174	-1172.682	1024.795	25.286	-1100.962	935.301	22.29	-780.021	956.509	27.329	-883.605
1814	9.065	925.414	1692.904	-994.174	934.104	1410.765	-818.232	1092.624	1399.542	-1090.746	901.4	1358.827	-1019.635	804.662	912.15	-931.368	927.371	931.614	-1133.534	1008.979	964.27	-952.688	1003.415	475.034	-1165.336	948.344	454.646	-1065.245	850.033	476.083	-845.559	886.119	456.986	-949.659	906.995	102.778	-808.567	727.181	56.715	-868.933	1104.93	34.311	-1104.167	990.172	103.242	-1115.274	1060.712	105.024	-1173.915	787.154	45.426	-907.595	793.484	46.331	-802.763	1001.366	31.394	-814.555	927.188	104.608	-894.492	831.445	388.322	-836.739	829.45	307.649	-818.985	875.965	54.644	-1277.305	900.037	44.524	-1205.384	986.47	37.464	-1275.012	791.438	613.241	-878.214	792.717	696.004	-874.473	836.942	692.406	-828.975	1031.321	656.635	-1155.205	976.789	648.054	-1188.52	977.792	565.059	-1181.567	987.836	390.315	-1204.558	1003.252	304.041	-1210.186	1046.996	399.434	-1181.337	883.622	395.969	-800.929	885.475	309.802	-784.587	1062.317	317.375	-1187.096	838.109	603.753	-833.357	1031.118	568.213	-1148.675	1098.286	32.168	-1172.657	1024.806	25.269	-1100.994	935.319	22.306	-780.058	956.481	27.296	-883.585
1815	9.07	925.441	1692.896	-994.224	934.119	1410.768	-818.232	1092.623	1399.522	-1090.754	901.035	1358.967	-1019.805	804.666	912.159	-931.36	927.355	931.576	-1133.491	1008.953	964.294	-952.65	1003.421	475.051	-1165.322	948.373	454.587	-1065.269	850.046	476.072	-845.576	886.089	456.969	-949.683	906.99	102.738	-808.573	727.193	56.688	-868.926	1104.912	34.299	-1104.186	990.228	103.194	-1115.233	1060.532	104.769	-1173.938	787.153	45.499	-907.641	793.445	46.359	-802.773	1001.34	31.411	-814.532	927.189	104.568	-894.503	831.421	388.334	-836.739	829.428	307.666	-818.975	875.969	54.61	-1277.296	900.03	44.498	-1205.381	986.482	37.425	-1275.015	791.421	613.244	-878.22	792.709	696.007	-874.428	836.891	692.41	-828.941	1031.34	656.659	-1155.22	976.793	648.056	-1188.533	977.77	565.068	-1181.57	987.835	390.324	-1204.555	1003.231	304.024	-1210.177	1047.021	399.419	-1181.335	883.599	395.936	-800.929	885.409	309.822	-784.576	1062.36	317.363	-1187.106	838.078	603.779	-833.352	1031.101	568.292	-1148.692	1098.307	32.141	-1172.68	1024.796	25.279	-1101.002	935.279	22.288	-780.047	956.483	27.33	-883.598
1816	9.075	925.474	1692.894	-994.216	934.123	1410.745	-818.261	1092.65	1399.515	-1090.765	901.423	1358.832	-1019.652	804.647	912.144	-931.328	927.365	931.585	-1133.483	1008.967	964.299	-952.655	1003.431	475.064	-1165.324	948.416	454.623	-1065.222	850.028	476.053	-845.566	886.125	457.042	-949.642	907.214	103.153	-808.298	727.18	56.679	-868.907	1104.921	34.315	-1104.168	990.2	103.202	-1115.279	1060.577	104.943	-1173.942	787.153	45.483	-907.668	793.482	46.317	-802.777	1001.373	31.417	-814.556	927.182	104.577	-894.462	831.399	388.349	-836.709	829.4	307.636	-819.004	875.957	54.633	-1277.306	900.023	44.529	-1205.388	986.491	37.47	-1275.018	791.413	613.243	-878.198	792.709	696.01	-874.41	836.932	692.397	-828.946	1031.334	656.629	-1155.208	976.786	648.063	-1188.528	977.799	565.08	-1181.554	987.819	390.311	-1204.559	1003.24	304.038	-1210.187	1047.009	399.426	-1181.326	883.559	395.942	-800.923	885.435	309.823	-784.555	1062.338	317.374	-1187.076	837.345	604.732	-832.663	1031.103	568.261	-1148.704	1098.281	32.164	-1172.669	1024.801	25.265	-1100.978	935.3	22.308	-780.046	956.489	27.284	-883.591
1817	9.08	925.506	1692.901	-994.242	934.158	1410.756	-818.237	1092.644	1399.498	-1090.755	901.048	1358.975	-1019.778	804.642	912.119	-931.32	927.361	931.571	-1133.469	1008.973	964.294	-952.622	1003.437	475.036	-1165.319	948.386	454.639	-1065.228	850.008	476.085	-845.551	886.033	456.995	-949.652	906.983	102.763	-808.575	727.166	56.696	-868.92	1104.923	34.313	-1104.183	990.199	103.203	-1115.303	1060.684	104.979	-1173.926	787.143	45.443	-907.628	793.469	46.351	-802.78	1001.367	31.433	-814.55	927.17	104.61	-894.476	831.396	388.323	-836.722	829.4	307.622	-818.982	875.908	54.663	-1277.328	900.031	44.508	-1205.368	986.503	37.455	-1275.031	791.389	613.239	-878.193	792.702	695.969	-874.402	836.901	692.378	-828.964	1031.341	656.645	-1155.184	976.795	648.087	-1188.527	977.768	565.063	-1181.541	987.832	390.292	-1204.522	1003.255	304.046	-1210.161	1047.012	399.416	-1181.301	883.562	395.94	-800.942	885.377	309.809	-784.581	1062.346	317.367	-1187.065	838.072	603.76	-833.326	1031.115	568.28	-1148.659	1098.272	32.148	-1172.68	1024.799	25.283	-1100.995	935.345	22.29	-780.037	956.52	27.296	-883.595
1818	9.085	925.558	1692.91	-994.266	934.204	1410.77	-818.227	1092.642	1399.491	-1090.79	901.433	1358.841	-1019.65	804.635	912.145	-931.321	927.363	931.605	-1133.467	1008.989	964.313	-952.603	1003.405	475.078	-1165.322	948.387	454.608	-1065.2	850.002	476.101	-845.553	886.031	456.996	-949.652	907.218	103.178	-808.32	727.174	56.658	-868.936	1104.897	34.307	-1104.2	990.216	103.183	-1115.276	1060.661	104.995	-1173.945	787.145	45.448	-907.633	793.472	46.332	-802.761	1001.38	31.453	-814.543	927.098	104.589	-894.474	831.414	388.33	-836.694	829.384	307.636	-818.996	875.92	54.652	-1277.315	899.996	44.503	-1205.38	986.495	37.46	-1275.016	791.396	613.26	-878.186	792.679	695.982	-874.396	836.888	692.373	-828.935	1031.341	656.647	-1155.183	976.792	648.041	-1188.52	977.781	565.074	-1181.545	987.803	390.296	-1204.548	1003.239	304.04	-1210.165	1047.034	399.406	-1181.291	883.535	395.953	-800.939	885.38	309.83	-784.58	1062.337	317.393	-1187.1	838.069	603.737	-833.301	1031.122	568.264	-1148.671	1098.295	32.162	-1172.675	1024.802	25.255	-1101.003	935.316	22.281	-780.063	956.496	27.332	-883.606
1819	9.09	925.576	1692.908	-994.3	934.206	1410.752	-818.242	1092.657	1399.483	-1090.771	901.453	1358.847	-1019.621	804.643	912.143	-931.31	927.364	931.578	-1133.454	1008.936	964.331	-952.616	1003.424	475.049	-1165.288	948.342	454.595	-1065.233	850.002	476.105	-845.564	886.002	456.981	-949.649	906.967	102.765	-808.573	727.168	56.683	-868.916	1104.93	34.335	-1104.193	990.19	103.174	-1115.259	1060.663	104.806	-1173.906	787.147	45.452	-907.612	793.463	46.341	-802.779	1001.352	31.431	-814.562	927.136	104.608	-894.478	831.405	388.324	-836.69	829.365	307.647	-818.992	875.902	54.672	-1277.331	900.031	44.497	-1205.397	986.494	37.448	-1275.012	791.367	613.247	-878.2	792.675	696	-874.396	836.873	692.386	-828.934	1031.335	656.644	-1155.185	976.78	648.063	-1188.502	977.779	565.091	-1181.546	987.8	390.338	-1204.526	1003.235	304.037	-1210.154	1047.016	399.418	-1181.295	883.5	395.918	-800.937	885.346	309.806	-784.581	1062.333	317.353	-1187.071	838.041	603.755	-833.303	1031.143	568.272	-1148.665	1098.284	32.164	-1172.665	1024.777	25.258	-1100.994	935.282	22.282	-780.059	956.487	27.317	-883.584
1820	9.095	925.617	1692.911	-994.329	934.242	1410.787	-818.215	1092.676	1399.487	-1090.802	901.464	1358.836	-1019.641	804.639	912.143	-931.313	927.357	931.564	-1133.435	1008.943	964.299	-952.615	1003.397	475.048	-1165.29	948.345	454.589	-1065.221	849.958	476.15	-845.595	885.982	457.003	-949.665	906.98	102.765	-808.594	727.181	56.71	-868.91	1104.921	34.329	-1104.17	990.186	103.122	-1115.254	1060.732	105.072	-1173.911	787.125	45.461	-907.62	793.458	46.354	-802.786	1001.362	31.429	-814.535	927.115	104.558	-894.475	831.423	388.328	-836.641	829.354	307.616	-818.992	875.882	54.651	-1277.348	900.027	44.521	-1205.384	986.464	37.466	-1275.012	791.362	613.267	-878.165	792.641	696.008	-874.402	836.867	692.358	-828.919	1031.303	656.644	-1155.174	976.765	648.102	-1188.513	977.775	565.119	-1181.548	987.813	390.318	-1204.526	1003.234	304.034	-1210.179	1046.998	399.421	-1181.307	883.499	395.919	-800.943	885.342	309.824	-784.578	1062.299	317.392	-1187.09	838.049	603.757	-833.303	1031.112	568.295	-1148.649	1098.273	32.168	-1172.675	1024.775	25.282	-1100.97	935.318	22.279	-780.062	956.464	27.323	-883.6
1821	9.1	925.66	1692.917	-994.343	934.245	1410.788	-818.242	1092.678	1399.453	-1090.782	901.095	1358.96	-1019.777	804.642	912.142	-931.276	927.361	931.59	-1133.42	1008.944	964.277	-952.627	1003.381	475.066	-1165.296	948.34	454.581	-1065.247	849.971	476.097	-845.588	885.981	456.999	-949.656	907.212	103.161	-808.324	727.151	56.664	-868.94	1104.91	34.343	-1104.185	990.194	103.129	-1115.235	1060.634	104.78	-1173.908	787.134	45.461	-907.632	793.459	46.311	-802.779	1001.357	31.458	-814.552	927.099	104.542	-894.505	831.403	388.283	-836.646	829.356	307.611	-819.001	875.879	54.652	-1277.329	900.006	44.539	-1205.391	986.475	37.437	-1275.011	791.362	613.244	-878.191	792.651	696.001	-874.378	836.835	692.375	-828.932	1031.326	656.648	-1155.174	976.757	648.1	-1188.488	977.745	565.122	-1181.551	987.796	390.325	-1204.536	1003.232	304.071	-1210.19	1047.009	399.4	-1181.278	883.495	395.922	-800.948	885.324	309.79	-784.581	1062.315	317.39	-1187.085	837.324	604.679	-832.636	1031.136	568.265	-1148.675	1098.301	32.158	-1172.69	1024.805	25.247	-1100.986	935.321	22.26	-780.045	956.499	27.288	-883.581
1822	9.105	925.688	1692.915	-994.372	934.288	1410.798	-818.262	1092.706	1399.465	-1090.789	901.472	1358.834	-1019.641	804.652	912.143	-931.294	927.365	931.565	-1133.404	1008.926	964.308	-952.592	1003.388	475.054	-1165.307	948.336	454.575	-1065.212	849.937	476.13	-845.614	885.972	457.013	-949.641	906.984	102.747	-808.57	727.158	56.676	-868.927	1104.877	34.321	-1104.158	990.195	103.157	-1115.255	1060.785	104.955	-1173.838	787.128	45.46	-907.619	793.451	46.339	-802.768	1001.339	31.478	-814.518	927.153	104.602	-894.486	831.396	388.314	-836.619	829.346	307.63	-819.003	875.895	54.656	-1277.328	900.003	44.514	-1205.361	986.463	37.452	-1275.018	791.339	613.254	-878.17	792.638	695.97	-874.39	836.871	692.358	-828.94	1031.3	656.699	-1155.2	976.741	648.145	-1188.509	977.734	565.119	-1181.585	987.795	390.299	-1204.538	1003.232	304.02	-1210.162	1046.994	399.421	-1181.317	883.491	395.939	-800.932	885.353	309.827	-784.583	1062.318	317.398	-1187.066	838.036	603.735	-833.307	1031.114	568.284	-1148.691	1098.26	32.156	-1172.676	1024.806	25.279	-1100.994	935.272	22.292	-780.048	956.483	27.354	-883.624
1823	9.11	925.73	1692.935	-994.419	934.279	1410.804	-818.244	1092.698	1399.446	-1090.799	901.476	1358.825	-1019.634	804.639	912.115	-931.296	927.355	931.6	-1133.424	1008.944	964.345	-952.576	1003.4	475.014	-1165.277	948.332	454.571	-1065.248	849.888	476.057	-845.602	885.981	456.999	-949.655	906.983	102.781	-808.577	727.136	56.699	-868.943	1104.903	34.318	-1104.193	990.2	103.145	-1115.251	1060.715	105.03	-1173.883	787.122	45.465	-907.626	793.459	46.354	-802.76	1001.356	31.466	-814.556	927.102	104.53	-894.525	831.401	388.292	-836.622	829.346	307.647	-819.015	875.87	54.664	-1277.347	900.006	44.539	-1205.391	986.468	37.434	-1275.039	791.34	613.245	-878.169	792.646	695.964	-874.367	836.849	692.354	-828.915	1031.264	656.718	-1155.18	976.74	648.118	-1188.482	977.735	565.16	-1181.579	987.774	390.318	-1204.541	1003.197	304.055	-1210.183	1046.967	399.391	-1181.288	883.465	395.912	-800.932	885.327	309.784	-784.592	1062.301	317.421	-1187.092	838.003	603.758	-833.231	1031.1	568.254	-1148.632	1098.282	32.203	-1172.687	1024.774	25.281	-1100.991	935.28	22.321	-780.069	956.479	27.286	-883.568
1824	9.115	925.758	1692.893	-994.433	934.319	1410.801	-818.263	1092.725	1399.405	-1090.77	901.479	1358.819	-1019.628	804.633	912.124	-931.261	927.34	931.594	-1133.431	1008.946	964.311	-952.565	1003.361	475.097	-1165.302	948.318	454.59	-1065.227	849.898	476.062	-845.613	885.94	456.962	-949.664	906.98	102.748	-808.576	726.867	56.729	-869.453	1104.921	34.343	-1104.16	990.204	103.163	-1115.251	1060.638	104.92	-1173.965	786.684	45.34	-908.193	793.467	46.345	-802.785	1001.344	31.462	-814.546	927.103	104.559	-894.49	831.429	388.306	-836.597	829.372	307.622	-818.991	875.887	54.645	-1277.352	899.99	44.537	-1205.389	986.486	37.456	-1275.042	791.334	613.254	-878.186	792.647	696.005	-874.361	836.825	692.362	-828.92	1031.277	656.688	-1155.155	976.744	648.12	-1188.474	977.732	565.13	-1181.547	987.801	390.31	-1204.538	1003.189	304.034	-1210.16	1046.972	399.404	-1181.32	883.459	395.907	-800.94	885.328	309.775	-784.586	1062.317	317.37	-1187.058	838.005	603.726	-833.282	1031.095	568.29	-1148.65	1098.276	32.172	-1172.678	1024.777	25.241	-1100.998	935.279	22.302	-780.063	956.469	27.31	-883.57
1825	9.12	925.795	1692.921	-994.462	934.317	1410.812	-818.27	1092.74	1399.422	-1090.769	901.515	1358.815	-1019.619	804.656	912.131	-931.298	927.352	931.604	-1133.43	1008.95	964.302	-952.565	1003.355	475.065	-1165.315	948.329	454.61	-1065.208	849.938	476.16	-845.646	885.961	456.971	-949.667	906.973	102.783	-808.582	726.823	56.734	-869.506	1104.913	34.318	-1104.161	990.197	103.136	-1115.205	1060.711	104.924	-1173.883	786.696	45.304	-908.203	793.457	46.357	-802.776	1001.332	31.427	-814.541	927.136	104.602	-894.477	831.436	388.293	-836.605	829.368	307.614	-818.997	875.876	54.664	-1277.364	899.996	44.53	-1205.377	986.465	37.442	-1274.992	791.338	613.276	-878.173	792.641	695.954	-874.38	836.828	692.341	-828.902	1031.259	656.686	-1155.132	976.705	648.13	-1188.46	977.727	565.111	-1181.548	987.771	390.325	-1204.536	1003.214	304.086	-1210.188	1046.952	399.407	-1181.291	883.481	395.916	-800.946	885.337	309.784	-784.563	1062.309	317.356	-1187.089	838.014	603.74	-833.244	1031.063	568.27	-1148.662	1098.264	32.208	-1172.693	1024.798	25.281	-1100.984	935.312	22.28	-780.06	956.475	27.302	-883.58
1826	9.125	925.847	1692.902	-994.479	934.348	1410.819	-818.267	1092.774	1399.372	-1090.749	901.533	1358.806	-1019.616	804.652	912.15	-931.29	927.352	931.588	-1133.418	1008.948	964.283	-952.562	1003.332	475.06	-1165.301	948.33	454.577	-1065.229	849.947	476.151	-845.614	885.96	456.972	-949.641	906.988	102.763	-808.61	726.782	56.727	-869.559	1104.908	34.356	-1104.162	990.189	103.183	-1115.235	1060.674	105.056	-1173.935	786.665	45.348	-908.198	793.456	46.347	-802.768	1001.358	31.477	-814.523	927.112	104.527	-894.485	831.426	388.31	-836.553	829.373	307.613	-818.977	875.862	54.684	-1277.362	900.009	44.51	-1205.399	986.463	37.458	-1275.009	791.348	613.231	-878.175	792.631	695.998	-874.363	836.848	692.364	-828.916	1031.265	656.708	-1155.153	976.721	648.11	-1188.442	977.721	565.162	-1181.559	987.765	390.323	-1204.542	1003.209	304.048	-1210.163	1046.953	399.404	-1181.303	883.476	395.923	-800.95	885.355	309.753	-784.571	1062.297	317.352	-1187.054	838.011	603.738	-833.247	1031.072	568.279	-1148.68	1098.27	32.18	-1172.672	1024.771	25.282	-1101.001	935.281	22.277	-780.051	956.479	27.278	-883.598
1827	9.13	925.875	1692.91	-994.511	934.379	1410.855	-818.283	1092.787	1399.36	-1090.741	901.529	1358.782	-1019.597	804.63	912.125	-931.283	927.359	931.583	-1133.423	1008.92	964.258	-952.563	1003.336	475.043	-1165.281	948.297	454.62	-1065.217	849.877	476.064	-845.641	885.984	456.966	-949.662	906.979	102.797	-808.581	726.782	56.697	-869.567	1104.92	34.326	-1104.158	990.182	103.185	-1115.254	1060.672	104.943	-1173.959	786.676	45.322	-908.185	793.447	46.368	-802.768	1001.342	31.456	-814.54	927.146	104.619	-894.486	831.459	388.294	-836.563	829.372	307.643	-818.984	875.855	54.673	-1277.353	900.003	44.514	-1205.405	986.452	37.439	-1274.994	791.367	613.241	-878.172	792.613	695.984	-874.373	836.839	692.338	-828.911	1031.262	656.725	-1155.136	976.703	648.108	-1188.452	977.699	565.125	-1181.54	987.762	390.304	-1204.523	1003.203	304.054	-1210.184	1046.963	399.41	-1181.3	883.486	395.949	-800.935	885.323	309.787	-784.564	1062.291	317.418	-1187.122	837.298	604.668	-832.606	1031.085	568.314	-1148.639	1098.27	32.172	-1172.687	1024.813	25.251	-1100.992	935.299	22.257	-780.085	956.477	27.324	-883.603
1828	9.135	925.918	1692.895	-994.505	934.361	1410.844	-818.276	1092.808	1399.334	-1090.724	901.546	1358.755	-1019.6	804.646	912.144	-931.276	927.353	931.581	-1133.424	1008.96	964.282	-952.585	1003.347	475.019	-1165.287	948.315	454.581	-1065.215	849.907	476.084	-845.627	886.014	456.972	-949.646	906.972	102.726	-808.597	726.742	56.69	-869.613	1104.903	34.337	-1104.183	990.187	103.151	-1115.228	1060.58	104.896	-1173.917	786.705	45.342	-908.167	793.455	46.34	-802.764	1001.372	31.45	-814.551	927.129	104.56	-894.482	831.458	388.311	-836.536	829.36	307.641	-818.995	875.838	54.68	-1277.377	900	44.522	-1205.367	986.474	37.46	-1275.017	791.351	613.259	-878.187	792.632	695.988	-874.377	836.835	692.344	-828.925	1031.235	656.68	-1155.116	976.716	648.153	-1188.471	977.713	565.159	-1181.551	987.754	390.31	-1204.532	1003.203	304.026	-1210.175	1046.949	399.42	-1181.306	883.474	395.942	-800.937	885.327	309.783	-784.568	1062.279	317.381	-1187.078	838.06	603.722	-833.246	1031.053	568.266	-1148.63	1098.283	32.172	-1172.668	1024.765	25.261	-1100.983	935.305	22.243	-780.071	956.487	27.356	-883.609
1829	9.14	925.951	1692.904	-994.546	934.391	1410.848	-818.283	1092.826	1399.314	-1090.725	901.561	1358.78	-1019.584	804.635	912.182	-931.293	927.356	931.56	-1133.402	1008.909	964.247	-952.575	1003.331	475.028	-1165.291	948.286	454.576	-1065.236	849.891	476.081	-845.668	885.972	456.972	-949.656	906.985	102.767	-808.578	726.741	56.637	-869.586	1104.906	34.338	-1104.153	990.184	103.178	-1115.259	1060.817	105.175	-1173.854	786.7	45.32	-908.158	793.444	46.344	-802.785	1001.36	31.437	-814.557	927.131	104.552	-894.48	831.496	388.283	-836.515	829.361	307.63	-818.986	875.87	54.615	-1277.342	899.997	44.486	-1205.369	986.475	37.463	-1275.03	791.346	613.231	-878.147	792.635	695.988	-874.345	836.832	692.353	-828.896	1031.231	656.691	-1155.148	976.689	648.153	-1188.448	977.712	565.14	-1181.521	987.749	390.294	-1204.523	1003.2	304.057	-1210.169	1046.949	399.413	-1181.309	883.5	395.93	-800.947	885.369	309.75	-784.571	1062.283	317.39	-1187.096	838.053	603.695	-833.252	1031.059	568.308	-1148.672	1098.286	32.209	-1172.692	1024.794	25.251	-1101.019	935.306	22.25	-780.089	956.488	27.308	-883.586
1830	9.145	925.999	1692.897	-994.57	934.411	1410.872	-818.273	1092.869	1399.295	-1090.693	901.585	1358.783	-1019.591	804.648	912.158	-931.271	927.352	931.568	-1133.403	1008.925	964.31	-952.561	1003.328	475.028	-1165.309	948.324	454.574	-1065.213	849.904	476.129	-845.728	885.993	456.986	-949.642	906.992	102.755	-808.609	726.728	56.663	-869.579	1104.923	34.366	-1104.185	990.201	103.179	-1115.253	1060.651	104.92	-1173.905	786.732	45.334	-908.155	793.463	46.341	-802.78	1001.341	31.423	-814.557	927.126	104.587	-894.457	831.518	388.274	-836.5	829.388	307.619	-818.986	875.833	54.653	-1277.369	900.017	44.501	-1205.388	986.446	37.48	-1275.035	791.364	613.225	-878.185	792.647	696	-874.362	836.839	692.373	-828.923	1031.223	656.707	-1155.138	976.697	648.124	-1188.433	977.699	565.153	-1181.537	987.757	390.295	-1204.542	1003.167	304.062	-1210.167	1046.96	399.41	-1181.291	883.509	395.925	-800.935	885.347	309.789	-784.576	1062.268	317.405	-1187.087	838.057	603.749	-833.258	1031.044	568.318	-1148.661	1098.281	32.17	-1172.665	1024.79	25.275	-1101.001	935.337	22.286	-780.061	956.494	27.325	-883.606
1831	9.15	926.033	1692.896	-994.582	934.44	1410.89	-818.275	1092.866	1399.283	-1090.7	901.608	1358.788	-1019.582	804.633	912.152	-931.239	927.339	931.593	-1133.427	1008.931	964.259	-952.58	1003.332	475.041	-1165.288	948.286	454.581	-1065.201	849.884	476.097	-845.687	885.983	456.964	-949.627	906.983	102.749	-808.581	726.705	56.643	-869.606	1104.907	34.315	-1104.178	990.181	103.141	-1115.214	1060.704	104.912	-1173.848	786.747	45.295	-908.127	793.454	46.357	-802.773	1001.371	31.422	-814.545	927.049	104.592	-894.493	831.511	388.277	-836.469	829.377	307.626	-818.981	875.873	54.634	-1277.366	900.015	44.506	-1205.376	986.459	37.448	-1275.018	791.368	613.258	-878.176	792.644	696.003	-874.355	836.887	692.351	-828.928	1031.207	656.697	-1155.154	976.707	648.147	-1188.468	977.707	565.155	-1181.554	987.745	390.3	-1204.537	1003.175	304.037	-1210.172	1046.924	399.403	-1181.282	883.472	395.918	-800.955	885.353	309.751	-784.57	1062.268	317.405	-1187.087	838.043	603.719	-833.227	1031.062	568.282	-1148.625	1098.291	32.17	-1172.7	1024.771	25.268	-1101.004	935.319	22.286	-780.061	956.502	27.325	-883.598
1832	9.155	926.069	1692.896	-994.613	934.461	1410.885	-818.268	1092.892	1399.272	-1090.694	901.611	1358.772	-1019.607	804.646	912.144	-931.236	927.346	931.566	-1133.406	1008.935	964.265	-952.559	1003.304	475.059	-1165.301	948.237	454.563	-1065.243	849.915	476.16	-845.692	886.021	456.957	-949.598	906.977	102.763	-808.582	726.701	56.612	-869.6	1104.914	34.337	-1104.184	990.157	103.195	-1115.256	1060.689	105.048	-1173.885	786.749	45.335	-908.115	793.458	46.341	-802.782	1001.347	31.438	-814.54	927.128	104.602	-894.473	831.559	388.285	-836.459	829.395	307.622	-818.993	875.857	54.636	-1277.365	900.007	44.507	-1205.378	986.472	37.487	-1275.013	791.372	613.251	-878.177	792.647	696.011	-874.361	836.849	692.347	-828.894	1031.214	656.709	-1155.153	976.683	648.142	-1188.469	977.682	565.142	-1181.543	987.735	390.306	-1204.544	1003.164	304.024	-1210.172	1046.924	399.408	-1181.314	883.502	395.933	-800.948	885.391	309.766	-784.573	1062.246	317.414	-1187.104	838.053	603.734	-833.2	1031.039	568.305	-1148.668	1098.291	32.166	-1172.693	1024.81	25.275	-1101.006	935.296	22.256	-780.063	956.475	27.287	-883.59
1833	9.16	926.104	1692.886	-994.634	934.479	1410.879	-818.274	1092.932	1399.262	-1090.676	901.622	1358.76	-1019.577	804.642	912.158	-931.253	927.339	931.569	-1133.418	1008.928	964.27	-952.567	1003.287	475.037	-1165.325	948.239	454.59	-1065.237	849.905	476.207	-845.71	886.012	456.969	-949.637	906.978	102.77	-808.594	726.704	56.597	-869.611	1104.905	34.318	-1104.182	990.216	103.16	-1115.191	1060.723	104.944	-1173.911	786.774	45.32	-908.064	793.466	46.342	-802.771	1001.382	31.444	-814.562	927.164	104.593	-894.497	831.588	388.309	-836.431	829.389	307.619	-818.987	875.869	54.634	-1277.362	900.011	44.51	-1205.39	986.485	37.413	-1274.994	791.356	613.229	-878.128	792.656	695.995	-874.367	836.84	692.392	-828.886	1031.209	656.692	-1155.131	976.68	648.157	-1188.464	977.675	565.119	-1181.527	987.731	390.319	-1204.527	1003.176	304.045	-1210.149	1046.922	399.417	-1181.328	883.524	395.929	-800.925	885.362	309.794	-784.586	1062.273	317.393	-1187.085	838.07	603.734	-833.184	1031.007	568.293	-1148.686	1098.279	32.156	-1172.666	1024.785	25.269	-1101.007	935.304	22.231	-780.099	956.508	27.306	-883.57
1834	9.165	926.111	1692.883	-994.677	934.505	1410.886	-818.263	1092.943	1399.254	-1090.669	901.638	1358.787	-1019.603	804.641	912.158	-931.248	927.306	931.584	-1133.421	1008.898	964.254	-952.558	1003.287	475.044	-1165.318	948.249	454.574	-1065.23	849.905	476.195	-845.719	885.993	456.995	-949.635	906.993	102.778	-808.596	726.702	56.607	-869.598	1104.914	34.368	-1104.187	990.179	103.207	-1115.28	1060.613	104.794	-1173.906	786.765	45.314	-908.084	793.457	46.363	-802.771	1001.392	31.457	-814.557	927.118	104.578	-894.471	831.589	388.322	-836.393	829.394	307.617	-818.981	875.857	54.671	-1277.364	900.028	44.495	-1205.379	986.476	37.459	-1275.019	791.367	613.26	-878.157	792.637	696.003	-874.329	836.869	692.357	-828.909	1031.212	656.722	-1155.139	976.678	648.168	-1188.471	977.659	565.116	-1181.544	987.712	390.298	-1204.518	1003.147	304.061	-1210.18	1046.933	399.443	-1181.33	883.547	395.941	-800.936	885.388	309.793	-784.562	1062.253	317.401	-1187.098	838.078	603.752	-833.179	1031.006	568.267	-1148.705	1098.29	32.198	-1172.666	1024.82	25.278	-1100.989	935.304	22.255	-780.08	956.489	27.302	-883.579
1835	9.17	926.146	1692.904	-994.682	934.531	1410.875	-818.26	1092.962	1399.245	-1090.662	901.673	1358.774	-1019.583	804.624	912.175	-931.221	927.313	931.592	-1133.404	1008.959	964.277	-952.584	1003.294	475.078	-1165.332	948.271	454.59	-1065.23	849.855	476.182	-845.794	885.991	457	-949.645	906.985	102.765	-808.576	726.691	56.634	-869.595	1104.886	34.352	-1104.178	990.164	103.183	-1115.243	1060.683	105.087	-1173.929	786.778	45.315	-908.043	793.467	46.352	-802.783	1001.335	31.433	-814.557	927.131	104.642	-894.485	831.559	388.315	-836.399	829.392	307.642	-818.971	875.862	54.613	-1277.369	900.047	44.46	-1205.362	986.44	37.449	-1275.009	791.359	613.261	-878.127	792.654	696.027	-874.339	836.891	692.37	-828.888	1031.186	656.718	-1155.165	976.664	648.13	-1188.467	977.641	565.173	-1181.571	987.735	390.301	-1204.526	1003.143	304.061	-1210.16	1046.933	399.398	-1181.285	883.53	395.941	-800.93	885.401	309.785	-784.575	1062.251	317.421	-1187.119	838.059	603.694	-833.174	1030.979	568.322	-1148.659	1098.258	32.214	-1172.684	1024.762	25.267	-1100.998	935.318	22.274	-780.063	956.482	27.28	-883.598
1836	9.175	926.178	1692.894	-994.691	934.563	1410.888	-818.265	1092.976	1399.233	-1090.652	901.667	1358.767	-1019.572	804.627	912.164	-931.24	927.323	931.572	-1133.408	1008.942	964.285	-952.573	1003.3	475.022	-1165.284	948.25	454.595	-1065.207	849.823	476.197	-845.827	885.963	456.957	-949.659	906.984	102.755	-808.593	726.731	56.613	-869.576	1104.922	34.349	-1104.191	990.178	103.169	-1115.239	1060.627	104.928	-1173.923	786.762	45.325	-908.011	793.47	46.327	-802.77	1001.347	31.436	-814.544	927.152	104.594	-894.482	831.59	388.335	-836.378	829.382	307.649	-818.962	875.865	54.634	-1277.361	900.013	44.475	-1205.369	986.473	37.468	-1275.017	791.374	613.271	-878.135	792.673	696.026	-874.331	836.87	692.366	-828.883	1031.189	656.717	-1155.139	976.64	648.167	-1188.471	977.637	565.133	-1181.561	987.717	390.316	-1204.536	1003.13	304.059	-1210.192	1046.916	399.429	-1181.326	883.526	395.924	-800.941	885.417	309.793	-784.568	1062.227	317.396	-1187.096	838.114	603.735	-833.17	1030.999	568.315	-1148.682	1098.306	32.186	-1172.669	1024.793	25.286	-1100.992	935.295	22.298	-780.066	956.487	27.337	-883.595
1837	9.18	926.201	1692.886	-994.703	934.583	1410.88	-818.257	1092.991	1399.22	-1090.645	901.329	1358.907	-1019.708	804.631	912.171	-931.223	927.3	931.595	-1133.415	1008.944	964.276	-952.595	1003.277	475.088	-1165.325	948.305	454.575	-1065.219	849.849	476.232	-845.909	885.989	456.997	-949.61	907	102.777	-808.582	726.716	56.582	-869.572	1104.93	34.367	-1104.182	990.157	103.16	-1115.245	1060.6	104.876	-1173.977	786.814	45.289	-908.001	793.483	46.337	-802.781	1001.376	31.457	-814.542	927.181	104.599	-894.467	831.625	388.295	-836.35	829.414	307.627	-818.964	875.869	54.686	-1277.363	900.035	44.511	-1205.389	986.475	37.469	-1275.015	791.376	613.231	-878.126	792.678	696.01	-874.325	836.871	692.386	-828.848	1031.182	656.715	-1155.161	976.657	648.14	-1188.475	977.65	565.175	-1181.578	987.697	390.307	-1204.538	1003.139	304.055	-1210.198	1046.92	399.392	-1181.306	883.564	395.922	-800.92	885.423	309.81	-784.55	1062.263	317.404	-1187.102	837.373	604.708	-832.517	1030.991	568.369	-1148.749	1098.293	32.166	-1172.67	1024.782	25.29	-1101.001	935.326	22.34	-780.055	956.504	27.309	-883.602
1838	9.185	926.229	1692.909	-994.722	934.632	1410.881	-818.248	1093.027	1399.209	-1090.639	901.703	1358.776	-1019.554	804.65	912.21	-931.217	927.281	931.583	-1133.403	1008.938	964.311	-952.597	1003.304	475.027	-1165.31	948.265	454.64	-1065.22	849.793	476.243	-845.933	886.012	457.028	-949.634	906.978	102.782	-808.587	726.698	56.596	-869.569	1104.909	34.358	-1104.172	990.18	103.203	-1115.266	1060.7	105.076	-1173.916	786.82	45.313	-907.99	793.46	46.357	-802.783	1001.398	31.474	-814.548	927.156	104.559	-894.495	831.642	388.325	-836.327	829.402	307.642	-818.964	875.872	54.657	-1277.377	900.009	44.479	-1205.386	986.477	37.474	-1275.025	791.373	613.264	-878.126	792.665	696.02	-874.308	836.895	692.365	-828.854	1031.202	656.738	-1155.187	976.642	648.156	-1188.489	977.627	565.203	-1181.589	987.693	390.347	-1204.538	1003.133	304.064	-1210.174	1046.886	399.437	-1181.311	883.554	395.929	-800.917	885.418	309.831	-784.556	1062.263	317.403	-1187.105	838.111	603.748	-833.097	1030.986	568.324	-1148.699	1098.272	32.18	-1172.667	1024.789	25.298	-1100.98	935.318	22.303	-780.047	956.466	27.326	-883.61
1839	9.19	926.241	1692.91	-994.744	934.646	1410.874	-818.241	1093.041	1399.193	-1090.637	901.356	1358.887	-1019.68	804.64	912.168	-931.223	927.294	931.587	-1133.41	1008.943	964.257	-952.602	1003.291	475.05	-1165.326	948.253	454.619	-1065.22	849.823	476.298	-845.961	885.979	456.957	-949.609	907.003	102.77	-808.593	726.721	56.593	-869.522	1104.896	34.339	-1104.179	990.164	103.234	-1115.273	1060.673	105.04	-1173.927	786.82	45.322	-907.993	793.476	46.348	-802.778	1001.36	31.44	-814.551	927.144	104.591	-894.477	831.666	388.29	-836.293	829.432	307.656	-818.975	875.878	54.638	-1277.366	900.007	44.516	-1205.382	986.471	37.487	-1275.005	791.395	613.264	-878.127	792.673	696.017	-874.29	836.877	692.385	-828.835	1031.194	656.718	-1155.183	976.634	648.15	-1188.473	977.64	565.17	-1181.565	987.695	390.309	-1204.531	1003.129	304.04	-1210.176	1046.918	399.428	-1181.296	883.595	395.938	-800.914	885.405	309.81	-784.554	1062.25	317.38	-1187.087	838.136	603.748	-833.118	1031.018	568.348	-1148.735	1098.29	32.199	-1172.684	1024.783	25.281	-1101.003	935.319	22.327	-780.032	956.497	27.331	-883.582
1840	9.195	926.276	1692.909	-994.757	934.65	1410.887	-818.238	1093.058	1399.202	-1090.626	901.737	1358.778	-1019.555	804.646	912.18	-931.211	927.269	931.602	-1133.414	1008.961	964.323	-952.589	1003.304	475.038	-1165.307	948.261	454.601	-1065.229	849.792	476.243	-845.975	886.033	457.002	-949.609	907.026	102.787	-808.562	726.738	56.618	-869.518	1104.918	34.379	-1104.187	990.194	103.194	-1115.24	1060.624	104.841	-1173.94	786.831	45.301	-907.963	793.481	46.339	-802.755	1001.385	31.479	-814.562	927.152	104.648	-894.455	831.686	388.311	-836.279	829.435	307.619	-818.959	875.864	54.684	-1277.375	900.007	44.529	-1205.373	986.471	37.44	-1275.009	791.403	613.27	-878.092	792.689	696.007	-874.286	836.909	692.393	-828.826	1031.19	656.752	-1155.168	976.642	648.171	-1188.458	977.626	565.169	-1181.58	987.733	390.311	-1204.521	1003.142	304.087	-1210.179	1046.929	399.433	-1181.306	883.587	395.943	-800.9	885.439	309.798	-784.558	1062.25	317.38	-1187.087	837.41	604.701	-832.497	1031.01	568.345	-1148.706	1098.277	32.163	-1172.684	1024.771	25.292	-1100.989	935.292	22.304	-780.051	956.476	27.339	-883.597
1841	9.2	926.298	1692.896	-994.776	934.676	1410.874	-818.226	1093.079	1399.183	-1090.624	901.408	1358.906	-1019.703	804.624	912.179	-931.197	927.261	931.622	-1133.425	1008.919	964.243	-952.618	1003.304	475.03	-1165.279	948.302	454.591	-1065.196	849.216	476.338	-846.899	886.043	456.993	-949.606	907.019	102.769	-808.584	726.768	56.621	-869.474	1104.916	34.341	-1104.191	990.172	103.167	-1115.243	1060.499	104.88	-1173.983	786.838	45.309	-907.958	793.471	46.353	-802.773	1001.4	31.465	-814.532	927.174	104.666	-894.449	831.683	388.307	-836.246	829.434	307.634	-818.934	875.911	54.643	-1277.334	900.021	44.52	-1205.38	986.502	37.508	-1275.015	791.399	613.267	-878.092	792.683	696.036	-874.299	836.903	692.412	-828.843	1031.173	656.728	-1155.159	976.643	648.165	-1188.467	977.656	565.189	-1181.591	987.72	390.332	-1204.515	1003.147	304.066	-1210.166	1046.942	399.436	-1181.321	883.595	395.968	-800.9	885.403	309.841	-784.573	1062.273	317.357	-1187.085	838.151	603.745	-833.086	1031.017	568.316	-1148.695	1098.271	32.182	-1172.672	1024.773	25.265	-1100.991	935.336	22.267	-780.043	956.483	27.296	-883.576
1842	9.205	926.329	1692.909	-994.767	934.703	1410.871	-818.232	1093.086	1399.195	-1090.64	901.413	1358.928	-1019.675	804.651	912.17	-931.194	927.252	931.615	-1133.42	1008.896	964.267	-952.616	1003.329	475.054	-1165.295	948.296	454.613	-1065.201	849.214	476.341	-846.93	886	457.019	-949.626	907.222	103.165	-808.328	726.776	56.605	-869.479	1104.914	34.337	-1104.155	990.146	103.215	-1115.289	1060.68	105	-1173.882	786.84	45.321	-907.951	793.47	46.374	-802.773	1001.38	31.417	-814.575	927.196	104.64	-894.462	831.696	388.261	-836.249	829.429	307.661	-818.95	875.883	54.643	-1277.359	899.994	44.51	-1205.379	986.465	37.476	-1275.005	791.371	613.263	-878.091	792.678	696.041	-874.284	836.915	692.413	-828.816	1031.199	656.763	-1155.19	976.647	648.141	-1188.442	977.688	565.193	-1181.574	987.743	390.326	-1204.519	1003.168	304.051	-1210.15	1046.941	399.42	-1181.306	883.599	395.916	-800.904	885.427	309.857	-784.528	1062.304	317.439	-1187.111	838.137	603.755	-833.049	1031.024	568.343	-1148.715	1098.268	32.191	-1172.659	1024.785	25.313	-1101.003	935.348	22.341	-780.016	956.511	27.307	-883.587
1843	9.21	926.359	1692.913	-994.775	934.751	1410.851	-818.246	1093.122	1399.167	-1090.607	901.428	1358.91	-1019.668	804.634	912.174	-931.198	927.254	931.602	-1133.396	1008.939	964.294	-952.604	1003.31	475.058	-1165.312	948.306	454.602	-1065.196	849.196	476.328	-846.903	886.032	456.998	-949.6	907.011	102.785	-808.553	726.795	56.608	-869.427	1104.895	34.345	-1104.194	990.175	103.182	-1115.242	1060.633	104.915	-1173.898	786.848	45.305	-907.917	793.468	46.343	-802.771	1001.363	31.458	-814.559	927.188	104.647	-894.45	831.692	388.307	-836.231	829.429	307.619	-818.936	875.882	54.682	-1277.373	900.011	44.531	-1205.391	986.466	37.491	-1275.02	791.405	613.273	-878.092	792.687	696.025	-874.263	836.908	692.417	-828.821	1031.202	656.747	-1155.171	976.649	648.17	-1188.466	977.678	565.175	-1181.583	987.737	390.326	-1204.499	1003.185	304.082	-1210.155	1046.966	399.422	-1181.303	883.588	395.927	-800.914	885.444	309.813	-784.518	1062.267	317.4	-1187.091	838.132	603.741	-833.043	1031.038	568.327	-1148.721	1098.262	32.178	-1172.664	1024.802	25.291	-1101.008	935.328	22.28	-780.053	956.492	27.327	-883.613
1844	9.215	926.375	1692.916	-994.78	934.773	1410.847	-818.235	1093.146	1399.16	-1090.635	901.464	1358.916	-1019.657	804.68	912.176	-931.185	927.251	931.616	-1133.414	1008.935	964.287	-952.603	1003.348	475.07	-1165.296	948.367	454.573	-1065.203	849.203	476.339	-846.888	886.031	457.026	-949.583	907.222	103.169	-808.335	726.793	56.602	-869.407	1104.907	34.35	-1104.191	990.2	103.189	-1115.259	1060.569	104.752	-1173.928	786.824	45.335	-907.915	793.478	46.364	-802.782	1001.376	31.45	-814.581	927.146	104.591	-894.468	831.7	388.315	-836.221	829.447	307.643	-818.936	875.891	54.657	-1277.35	900.022	44.491	-1205.375	986.481	37.431	-1274.998	791.428	613.249	-878.075	792.702	696.017	-874.253	836.914	692.417	-828.824	1031.204	656.768	-1155.175	976.643	648.162	-1188.471	977.682	565.161	-1181.561	987.751	390.34	-1204.526	1003.158	304.072	-1210.134	1046.961	399.423	-1181.304	883.589	395.926	-800.906	885.432	309.803	-784.548	1062.284	317.402	-1187.085	838.132	603.742	-833.052	1031.052	568.343	-1148.68	1098.293	32.176	-1172.674	1024.812	25.298	-1100.998	935.338	22.311	-780.041	956.5	27.322	-883.602
1845	9.22	926.42	1692.926	-994.79	934.798	1410.868	-818.237	1093.143	1399.137	-1090.624	901.463	1358.898	-1019.661	804.67	912.191	-931.207	927.235	931.618	-1133.407	1008.937	964.292	-952.604	1003.338	475.06	-1165.308	948.322	454.589	-1065.216	849.227	476.346	-846.908	886.009	456.98	-949.605	907.026	102.805	-808.567	726.82	56.614	-869.401	1104.913	34.345	-1104.201	990.194	103.242	-1115.288	1060.624	104.868	-1173.964	786.857	45.314	-907.924	793.47	46.35	-802.776	1001.392	31.465	-814.532	927.18	104.606	-894.477	831.74	388.292	-836.199	829.414	307.638	-818.944	875.885	54.673	-1277.34	899.995	44.53	-1205.4	986.476	37.442	-1275.01	791.427	613.251	-878.075	792.693	696.03	-874.279	836.933	692.404	-828.839	1031.206	656.748	-1155.196	976.67	648.175	-1188.448	977.672	565.178	-1181.581	987.748	390.328	-1204.513	1003.17	304.077	-1210.144	1046.979	399.439	-1181.298	883.583	395.922	-800.912	885.407	309.82	-784.562	1062.288	317.416	-1187.099	838.165	603.763	-833.004	1031.052	568.353	-1148.726	1098.304	32.175	-1172.697	1024.807	25.3	-1100.99	935.325	22.33	-780.051	956.486	27.28	-883.562
1846	9.225	926.442	1692.916	-994.789	934.82	1410.877	-818.243	1093.178	1399.13	-1090.623	901.451	1358.928	-1019.683	804.653	912.171	-931.201	927.25	931.608	-1133.406	1008.932	964.286	-952.601	1003.356	475.044	-1165.303	948.339	454.6	-1065.211	849.204	476.331	-846.909	885.988	456.994	-949.601	907.031	102.799	-808.557	726.816	56.58	-869.386	1104.925	34.358	-1104.177	990.171	103.202	-1115.261	1060.671	105.024	-1173.944	786.86	45.331	-907.918	793.46	46.357	-802.77	1001.36	31.456	-814.556	927.143	104.604	-894.48	831.72	388.306	-836.169	829.42	307.631	-818.955	875.898	54.632	-1277.334	900.043	44.49	-1205.369	986.484	37.482	-1275.019	791.424	613.297	-878.073	792.706	696.046	-874.285	836.919	692.392	-828.855	1031.214	656.781	-1155.171	976.65	648.182	-1188.466	977.676	565.175	-1181.574	987.772	390.33	-1204.516	1003.181	304.1	-1210.162	1046.98	399.443	-1181.284	883.561	395.976	-800.903	885.432	309.83	-784.554	1062.304	317.42	-1187.089	838.166	603.767	-833.024	1031.045	568.351	-1148.736	1098.279	32.184	-1172.688	1024.798	25.269	-1100.996	935.32	22.324	-780.063	956.505	27.317	-883.606
1847	9.23	926.478	1692.919	-994.759	934.817	1410.861	-818.243	1093.188	1399.145	-1090.634	901.477	1358.915	-1019.69	804.661	912.169	-931.19	927.275	931.604	-1133.406	1008.933	964.298	-952.603	1003.35	475.062	-1165.298	948.373	454.578	-1065.211	849.197	476.345	-846.919	886.032	456.989	-949.607	907.007	102.781	-808.565	726.82	56.605	-869.327	1104.908	34.341	-1104.179	990.205	103.151	-1115.218	1060.757	105.064	-1173.911	786.872	45.321	-907.907	793.459	46.357	-802.78	1001.352	31.494	-814.537	927.164	104.608	-894.469	831.72	388.3	-836.181	829.42	307.632	-818.959	875.914	54.645	-1277.322	900.001	44.52	-1205.408	986.45	37.47	-1275.025	791.417	613.262	-878.075	792.7	696.04	-874.303	836.909	692.385	-828.856	1031.223	656.743	-1155.181	976.654	648.172	-1188.464	977.676	565.166	-1181.571	987.778	390.337	-1204.511	1003.204	304.085	-1210.143	1046.989	399.409	-1181.279	883.582	395.92	-800.911	885.442	309.802	-784.562	1062.321	317.423	-1187.08	837.433	604.722	-832.426	1031.057	568.377	-1148.704	1098.281	32.16	-1172.66	1024.801	25.28	-1100.998	935.333	22.302	-780.031	956.475	27.269	-883.574
1848	9.235	926.509	1692.915	-994.789	934.875	1410.892	-818.26	1093.206	1399.145	-1090.649	901.508	1358.906	-1019.66	804.668	912.173	-931.191	927.279	931.586	-1133.413	1008.963	964.284	-952.608	1003.351	475.086	-1165.304	948.372	454.606	-1065.221	849.226	476.34	-846.896	886.023	456.974	-949.61	907.012	102.78	-808.562	726.823	56.582	-869.325	1104.912	34.342	-1104.185	990.204	103.108	-1115.231	1060.677	105.037	-1173.91	786.852	45.316	-907.894	793.484	46.334	-802.775	1001.356	31.454	-814.537	927.21	104.625	-894.477	831.763	388.283	-836.169	829.411	307.64	-818.953	875.885	54.659	-1277.337	900.003	44.541	-1205.392	986.466	37.46	-1275.03	791.417	613.234	-878.101	792.695	696.014	-874.292	836.934	692.384	-828.848	1031.235	656.761	-1155.17	976.662	648.145	-1188.435	977.69	565.169	-1181.575	987.777	390.334	-1204.513	1003.218	304.065	-1210.166	1046.999	399.432	-1181.308	883.565	395.926	-800.923	885.459	309.79	-784.543	1062.315	317.403	-1187.072	838.187	603.775	-833.018	1031.057	568.326	-1148.703	1098.27	32.145	-1172.68	1024.769	25.282	-1100.998	935.35	22.292	-780.027	956.502	27.316	-883.605
1849	9.24	926.534	1692.932	-994.762	934.872	1410.882	-818.279	1093.227	1399.101	-1090.66	901.511	1358.907	-1019.678	804.668	912.175	-931.18	927.288	931.594	-1133.413	1008.934	964.313	-952.614	1003.362	475.083	-1165.301	948.364	454.596	-1065.215	849.213	476.357	-846.904	885.973	457.022	-949.66	906.983	102.796	-808.584	726.821	56.546	-869.317	1104.93	34.344	-1104.185	990.188	103.159	-1115.25	1060.557	104.877	-1173.994	786.867	45.283	-907.895	793.466	46.362	-802.781	1001.373	31.41	-814.567	927.161	104.616	-894.463	831.808	388.305	-836.164	829.436	307.661	-818.962	875.9	54.648	-1277.329	899.991	44.511	-1205.38	986.463	37.49	-1275.03	791.432	613.279	-878.107	792.709	695.997	-874.296	836.929	692.395	-828.872	1031.234	656.739	-1155.152	976.692	648.162	-1188.429	977.709	565.159	-1181.549	987.784	390.301	-1204.487	1003.213	304.073	-1210.164	1046.995	399.424	-1181.303	883.563	395.943	-800.92	885.425	309.799	-784.56	1062.329	317.432	-1187.083	838.154	603.729	-833.037	1031.05	568.322	-1148.726	1098.278	32.178	-1172.704	1024.804	25.284	-1100.99	935.342	22.256	-780.074	956.477	27.281	-883.604
1850	9.245	926.59	1692.926	-994.736	934.908	1410.907	-818.276	1093.217	1399.084	-1090.646	901.526	1358.928	-1019.688	804.668	912.166	-931.228	927.301	931.597	-1133.406	1008.954	964.271	-952.639	1003.354	475.058	-1165.288	948.366	454.573	-1065.2	849.222	476.351	-846.919	886.002	456.946	-949.622	907.024	102.798	-808.555	726.836	56.512	-869.279	1104.93	34.322	-1104.186	990.198	103.147	-1115.248	1060.693	104.893	-1173.851	786.859	45.301	-907.888	793.47	46.347	-802.765	1001.347	31.449	-814.566	927.173	104.606	-894.497	831.749	388.308	-836.154	829.424	307.614	-818.963	875.908	54.635	-1277.325	899.988	44.529	-1205.391	986.44	37.453	-1275.009	791.419	613.249	-878.099	792.705	696.011	-874.299	836.924	692.384	-828.873	1031.239	656.738	-1155.145	976.695	648.172	-1188.458	977.706	565.192	-1181.578	987.791	390.333	-1204.509	1003.228	304.045	-1210.145	1046.976	399.433	-1181.297	883.563	395.921	-800.938	885.417	309.786	-784.579	1062.316	317.402	-1187.073	838.182	603.743	-833.042	1031.075	568.347	-1148.674	1098.263	32.191	-1172.702	1024.785	25.267	-1100.999	935.308	22.309	-780.032	956.494	27.298	-883.586
1851	9.25	926.626	1692.911	-994.707	934.909	1410.889	-818.269	1093.242	1399.103	-1090.673	901.515	1358.899	-1019.671	804.684	912.192	-931.223	927.324	931.611	-1133.423	1008.944	964.299	-952.615	1003.361	475.055	-1165.295	948.337	454.577	-1065.209	849.176	476.34	-846.948	886.003	456.955	-949.64	907.021	102.773	-808.597	726.83	56.542	-869.281	1104.91	34.344	-1104.181	990.199	103.166	-1115.228	1060.738	104.981	-1173.889	786.855	45.311	-907.913	793.466	46.345	-802.762	1001.35	31.439	-814.578	927.157	104.564	-894.467	831.787	388.293	-836.175	829.414	307.627	-818.97	875.902	54.619	-1277.32	900.024	44.528	-1205.38	986.458	37.503	-1275.026	791.402	613.271	-878.121	792.694	696.004	-874.332	836.927	692.369	-828.881	1031.249	656.76	-1155.156	976.696	648.169	-1188.449	977.714	565.177	-1181.562	987.766	390.324	-1204.521	1003.222	304.071	-1210.154	1046.989	399.431	-1181.287	883.566	395.917	-800.941	885.4	309.773	-784.557	1062.316	317.402	-1187.073	838.178	603.676	-833.049	1031.084	568.349	-1148.707	1098.273	32.166	-1172.691	1024.769	25.264	-1101.007	935.327	22.292	-780.068	956.468	27.326	-883.617
1852	9.255	926.648	1692.92	-994.681	934.925	1410.924	-818.309	1093.261	1399.084	-1090.68	901.564	1358.919	-1019.668	804.687	912.198	-931.223	927.338	931.581	-1133.408	1008.913	964.262	-952.596	1003.366	475.06	-1165.272	948.349	454.573	-1065.21	849.179	476.335	-846.966	886.015	456.968	-949.636	906.985	102.794	-808.606	726.849	56.516	-869.273	1104.906	34.326	-1104.178	990.206	103.144	-1115.226	1060.598	104.797	-1173.949	786.836	45.294	-907.899	793.462	46.337	-802.767	1001.352	31.454	-814.546	927.153	104.584	-894.489	831.798	388.283	-836.146	829.412	307.646	-818.972	875.907	54.626	-1277.32	899.992	44.528	-1205.395	986.469	37.482	-1275.027	791.419	613.226	-878.14	792.703	695.991	-874.342	836.915	692.363	-828.886	1031.254	656.751	-1155.131	976.697	648.154	-1188.465	977.706	565.18	-1181.563	987.788	390.306	-1204.518	1003.218	304.042	-1210.14	1046.992	399.407	-1181.285	883.556	395.921	-800.943	885.388	309.767	-784.604	1062.324	317.399	-1187.088	838.173	603.705	-833.043	1031.079	568.334	-1148.678	1098.267	32.177	-1172.678	1024.775	25.263	-1100.998	935.331	22.298	-780.057	956.495	27.279	-883.576
1853	9.26	926.691	1692.908	-994.679	934.963	1410.9	-818.3	1093.266	1399.061	-1090.713	901.553	1358.92	-1019.701	804.69	912.164	-931.215	927.351	931.597	-1133.414	1008.96	964.281	-952.584	1003.377	475.049	-1165.276	948.342	454.578	-1065.188	849.182	476.312	-846.97	885.972	456.963	-949.663	907.02	102.758	-808.583	726.848	56.509	-869.248	1104.909	34.323	-1104.189	990.176	103.115	-1115.237	1060.713	104.968	-1173.891	786.868	45.287	-907.898	793.458	46.359	-802.779	1001.383	31.44	-814.567	927.133	104.628	-894.469	831.784	388.289	-836.177	829.399	307.63	-818.987	875.886	54.624	-1277.331	899.981	44.512	-1205.381	986.461	37.462	-1275.012	791.41	613.238	-878.169	792.705	696.018	-874.354	836.957	692.338	-828.925	1031.239	656.729	-1155.139	976.717	648.17	-1188.453	977.698	565.152	-1181.563	987.794	390.309	-1204.511	1003.188	304.054	-1210.162	1046.995	399.435	-1181.297	883.563	395.931	-800.967	885.415	309.816	-784.591	1062.332	317.392	-1187.077	838.179	603.713	-833.057	1031.107	568.346	-1148.687	1098.257	32.194	-1172.688	1024.783	25.276	-1101.022	935.302	22.248	-780.086	956.51	27.279	-883.592
1854	9.265	926.728	1692.911	-994.662	934.962	1410.909	-818.27	1093.259	1399.06	-1090.699	901.572	1358.889	-1019.681	804.696	912.155	-931.244	927.361	931.604	-1133.417	1008.958	964.265	-952.582	1003.358	475.06	-1165.284	948.313	454.603	-1065.219	849.201	476.339	-846.946	885.973	456.975	-949.692	906.991	102.753	-808.6	726.862	56.52	-869.225	1104.923	34.318	-1104.188	990.211	103.119	-1115.225	1060.68	104.785	-1173.877	786.85	45.284	-907.865	793.471	46.338	-802.792	1001.342	31.44	-814.591	927.214	104.556	-894.482	831.746	388.3	-836.15	829.406	307.63	-818.997	875.894	54.638	-1277.325	899.994	44.497	-1205.387	986.472	37.42	-1275.013	791.414	613.259	-878.174	792.707	695.989	-874.34	836.916	692.357	-828.912	1031.27	656.73	-1155.149	976.722	648.157	-1188.442	977.711	565.18	-1181.553	987.784	390.329	-1204.508	1003.216	304.037	-1210.146	1046.971	399.397	-1181.276	883.53	395.923	-800.971	885.413	309.775	-784.595	1062.304	317.401	-1187.064	838.195	603.712	-833.061	1031.063	568.38	-1148.712	1098.268	32.157	-1172.68	1024.782	25.264	-1101.002	935.354	22.306	-780.054	956.514	27.284	-883.58
1855	9.27	926.761	1692.917	-994.63	934.944	1410.901	-818.324	1093.268	1399.04	-1090.733	901.579	1358.907	-1019.71	804.693	912.151	-931.249	927.366	931.599	-1133.406	1008.982	964.296	-952.558	1003.371	475.068	-1165.31	948.29	454.603	-1065.219	849.165	476.305	-847.008	886.026	456.976	-949.671	906.982	102.784	-808.61	726.839	56.523	-869.203	1104.919	34.318	-1104.194	990.196	103.132	-1115.211	1060.63	104.908	-1173.936	786.875	45.301	-907.876	793.473	46.347	-802.77	1001.333	31.438	-814.544	927.204	104.585	-894.484	831.773	388.279	-836.157	829.376	307.627	-819.032	875.905	54.647	-1277.325	900.002	44.492	-1205.398	986.461	37.439	-1275.011	791.404	613.235	-878.181	792.7	695.999	-874.358	836.911	692.344	-828.916	1031.259	656.743	-1155.149	976.721	648.139	-1188.423	977.7	565.16	-1181.564	987.788	390.325	-1204.519	1003.195	304.044	-1210.162	1046.973	399.402	-1181.282	883.519	395.927	-800.995	885.372	309.79	-784.625	1062.312	317.381	-1187.065	838.165	603.705	-833.077	1031.089	568.308	-1148.672	1098.241	32.159	-1172.693	1024.776	25.255	-1100.988	935.347	22.314	-780.041	956.495	27.271	-883.589
1856	9.275	926.787	1692.908	-994.605	934.964	1410.901	-818.318	1093.274	1399.039	-1090.744	901.573	1358.909	-1019.71	804.707	912.167	-931.256	927.396	931.587	-1133.409	1008.988	964.273	-952.567	1003.378	475.04	-1165.288	948.29	454.612	-1065.217	849.139	476.312	-847.001	885.984	456.972	-949.672	907.211	103.154	-808.356	726.863	56.507	-869.199	1104.911	34.348	-1104.17	990.174	103.153	-1115.252	1060.649	104.931	-1173.908	786.855	45.318	-907.899	793.449	46.338	-802.785	1001.379	31.454	-814.56	927.195	104.538	-894.519	831.771	388.298	-836.159	829.374	307.61	-819.025	875.898	54.619	-1277.32	899.991	44.484	-1205.38	986.458	37.441	-1275.007	791.407	613.26	-878.187	792.697	695.989	-874.373	836.91	692.322	-828.936	1031.288	656.704	-1155.111	976.734	648.147	-1188.449	977.739	565.174	-1181.574	987.786	390.311	-1204.522	1003.208	304.034	-1210.151	1046.972	399.417	-1181.288	883.522	395.916	-800.973	885.375	309.736	-784.607	1062.303	317.389	-1187.076	838.17	603.699	-833.069	1031.091	568.34	-1148.668	1098.28	32.19	-1172.667	1024.757	25.238	-1101.021	935.313	22.319	-780.057	956.467	27.343	-883.609
1857	9.28	926.824	1692.915	-994.614	934.98	1410.874	-818.297	1093.274	1399.034	-1090.732	901.596	1358.901	-1019.704	804.699	912.155	-931.263	927.415	931.613	-1133.424	1008.988	964.263	-952.557	1003.375	475.039	-1165.294	948.328	454.583	-1065.215	849.13	476.306	-847.005	885.995	456.953	-949.676	907.01	102.777	-808.59	726.871	56.509	-869.187	1104.892	34.323	-1104.169	990.191	103.122	-1115.187	1060.588	104.857	-1173.968	786.87	45.27	-907.876	793.435	46.341	-802.8	1001.348	31.444	-814.545	927.172	104.594	-894.48	831.796	388.318	-836.123	829.398	307.615	-819.017	875.906	54.585	-1277.305	900	44.496	-1205.365	986.469	37.459	-1275.013	791.406	613.237	-878.186	792.681	696.006	-874.367	836.889	692.329	-828.927	1031.279	656.723	-1155.138	976.765	648.171	-1188.481	977.758	565.194	-1181.584	987.776	390.314	-1204.528	1003.187	304.022	-1210.145	1046.986	399.419	-1181.292	883.545	395.931	-800.988	885.368	309.767	-784.606	1062.305	317.394	-1187.072	838.152	603.684	-833.076	1031.103	568.323	-1148.695	1098.283	32.173	-1172.668	1024.779	25.257	-1100.991	935.318	22.257	-780.056	956.488	27.293	-883.598
1858	9.285	926.863	1692.914	-994.595	934.985	1410.876	-818.319	1093.307	1399.027	-1090.744	901.597	1358.874	-1019.696	804.701	912.159	-931.267	927.409	931.658	-1133.436	1008.993	964.283	-952.592	1003.388	475.03	-1165.296	948.307	454.6	-1065.206	849.156	476.318	-847.007	885.966	456.951	-949.701	906.987	102.731	-808.599	726.87	56.483	-869.145	1104.916	34.302	-1104.175	990.191	103.14	-1115.242	1060.82	105.183	-1173.822	786.885	45.293	-907.88	793.464	46.355	-802.79	1001.374	31.425	-814.538	927.134	104.571	-894.51	831.793	388.311	-836.148	829.393	307.609	-819.033	875.932	54.634	-1277.317	900.024	44.469	-1205.366	986.452	37.463	-1275.011	791.397	613.252	-878.192	792.701	696.014	-874.404	836.921	692.328	-828.944	1031.296	656.727	-1155.137	976.759	648.185	-1188.469	977.738	565.191	-1181.587	987.828	390.312	-1204.532	1003.21	304.016	-1210.168	1047.006	399.403	-1181.279	883.509	395.914	-800.986	885.38	309.772	-784.605	1062.33	317.374	-1187.093	838.167	603.691	-833.059	1031.111	568.34	-1148.669	1098.277	32.207	-1172.703	1024.754	25.255	-1100.986	935.283	22.278	-780.053	956.478	27.313	-883.609
1859	9.29	926.884	1692.916	-994.59	935.024	1410.907	-818.324	1093.314	1399.029	-1090.776	901.625	1358.882	-1019.716	804.708	912.139	-931.265	927.412	931.628	-1133.441	1008.99	964.283	-952.582	1003.394	475.033	-1165.294	948.302	454.604	-1065.247	849.169	476.326	-847.006	885.982	456.993	-949.698	907.007	102.79	-808.581	726.865	56.492	-869.15	1104.897	34.313	-1104.153	990.203	103.162	-1115.284	1060.717	105.029	-1173.913	786.87	45.321	-907.904	793.467	46.352	-802.779	1001.362	31.413	-814.554	927.151	104.55	-894.49	831.809	388.279	-836.105	829.378	307.634	-819.031	875.904	54.635	-1277.323	900.018	44.505	-1205.37	986.467	37.432	-1274.99	791.395	613.245	-878.203	792.687	696.001	-874.392	836.879	692.339	-828.933	1031.301	656.708	-1155.165	976.782	648.202	-1188.483	977.757	565.201	-1181.594	987.826	390.291	-1204.521	1003.228	304.037	-1210.171	1046.981	399.427	-1181.302	883.527	395.921	-800.979	885.354	309.796	-784.627	1062.334	317.401	-1187.095	838.13	603.674	-833.096	1031.113	568.376	-1148.681	1098.295	32.157	-1172.651	1024.788	25.284	-1100.969	935.31	22.251	-780.078	956.48	27.341	-883.628
1860	9.295	926.937	1692.902	-994.571	935.012	1410.895	-818.324	1093.326	1399.043	-1090.763	901.632	1358.923	-1019.724	804.704	912.171	-931.288	927.425	931.634	-1133.426	1008.971	964.238	-952.584	1003.391	475.067	-1165.31	948.339	454.581	-1065.233	849.143	476.289	-847.029	885.973	456.984	-949.711	906.999	102.748	-808.614	726.887	56.478	-869.143	1104.914	34.32	-1104.175	990.185	103.131	-1115.247	1060.728	104.961	-1173.892	786.894	45.292	-907.859	793.484	46.333	-802.785	1001.365	31.443	-814.543	927.129	104.618	-894.467	831.815	388.321	-836.108	829.383	307.62	-819.026	875.914	54.613	-1277.303	899.996	44.526	-1205.386	986.466	37.459	-1274.995	791.397	613.253	-878.173	792.691	696.008	-874.408	836.895	692.366	-828.939	1031.332	656.717	-1155.148	976.779	648.195	-1188.482	977.784	565.195	-1181.606	987.835	390.341	-1204.539	1003.239	304.032	-1210.163	1047.004	399.431	-1181.287	883.543	395.904	-800.996	885.354	309.78	-784.618	1062.341	317.389	-1187.089	838.139	603.65	-833.078	1031.12	568.309	-1148.66	1098.296	32.17	-1172.666	1024.769	25.243	-1100.995	935.307	22.287	-780.052	956.485	27.298	-883.577
1861	9.3	926.965	1692.879	-994.542	935.031	1410.897	-818.322	1093.354	1399.028	-1090.765	901.643	1358.912	-1019.724	804.708	912.149	-931.284	927.439	931.617	-1133.425	1009.024	964.251	-952.574	1003.424	475.059	-1165.301	948.373	454.589	-1065.25	849.138	476.306	-847.02	886.015	456.975	-949.708	907.016	102.744	-808.593	726.882	56.496	-869.113	1104.911	34.309	-1104.159	990.184	103.15	-1115.233	1060.692	104.769	-1173.847	786.884	45.292	-907.861	793.465	46.354	-802.799	1001.34	31.397	-814.553	927.154	104.543	-894.5	831.858	388.305	-836.128	829.377	307.632	-819.026	875.875	54.645	-1277.299	900.016	44.55	-1205.399	986.452	37.463	-1275.008	791.398	613.25	-878.214	792.693	695.989	-874.428	836.918	692.34	-828.944	1031.323	656.719	-1155.139	976.807	648.211	-1188.476	977.797	565.211	-1181.569	987.841	390.349	-1204.539	1003.257	304.037	-1210.184	1047.055	399.424	-1181.307	883.552	395.918	-800.994	885.382	309.785	-784.64	1062.351	317.404	-1187.086	838.147	603.672	-833.089	1031.134	568.364	-1148.683	1098.303	32.191	-1172.68	1024.79	25.283	-1100.976	935.325	22.245	-780.092	956.488	27.331	-883.612
1862	9.305	926.977	1692.916	-994.574	935.038	1410.883	-818.306	1093.361	1399.011	-1090.763	901.653	1358.883	-1019.7	804.707	912.168	-931.306	927.425	931.622	-1133.45	1009.01	964.261	-952.561	1003.416	475.057	-1165.307	948.395	454.624	-1065.229	849.194	476.316	-846.988	886.014	456.981	-949.691	907.003	102.732	-808.591	726.909	56.49	-869.11	1104.902	34.337	-1104.183	990.23	103.171	-1115.2	1060.684	105.023	-1173.903	786.895	45.306	-907.86	793.469	46.335	-802.78	1001.339	31.433	-814.551	927.166	104.581	-894.485	831.836	388.347	-836.056	829.395	307.618	-819.019	875.915	54.645	-1277.314	900.007	44.535	-1205.382	986.465	37.459	-1275	791.375	613.241	-878.222	792.685	696.005	-874.398	836.913	692.349	-828.948	1031.346	656.774	-1155.161	976.816	648.207	-1188.483	977.81	565.216	-1181.601	987.848	390.316	-1204.539	1003.276	304.042	-1210.19	1047.029	399.437	-1181.3	883.529	395.913	-800.986	885.403	309.776	-784.646	1062.366	317.413	-1187.113	837.383	604.675	-832.49	1031.174	568.326	-1148.664	1098.281	32.176	-1172.666	1024.78	25.273	-1100.996	935.326	22.274	-780.075	956.482	27.338	-883.601
1863	9.31	927.029	1692.902	-994.551	935.036	1410.899	-818.315	1093.382	1399.031	-1090.745	901.715	1358.892	-1019.718	804.711	912.174	-931.327	927.432	931.611	-1133.437	1008.986	964.275	-952.615	1003.457	475.064	-1165.323	948.373	454.589	-1065.25	849.156	476.352	-847.005	886.059	456.942	-949.704	907.233	103.147	-808.348	726.899	56.494	-869.097	1104.911	34.324	-1104.161	990.192	103.205	-1115.282	1060.675	104.888	-1173.933	786.909	45.303	-907.871	793.467	46.357	-802.775	1001.349	31.431	-814.534	927.158	104.592	-894.493	831.854	388.324	-836.061	829.421	307.597	-819.027	875.93	54.665	-1277.315	899.994	44.539	-1205.383	986.492	37.477	-1275.016	791.389	613.249	-878.225	792.699	696.017	-874.445	836.895	692.342	-828.967	1031.358	656.75	-1155.166	976.824	648.187	-1188.471	977.812	565.184	-1181.594	987.857	390.325	-1204.539	1003.279	304.046	-1210.199	1047.066	399.421	-1181.295	883.539	395.949	-801.011	885.388	309.789	-784.626	1062.386	317.371	-1187.06	837.402	604.669	-832.505	1031.168	568.348	-1148.655	1098.304	32.167	-1172.686	1024.786	25.262	-1100.992	935.338	22.226	-780.091	956.497	27.286	-883.597
1864	9.315	927.052	1692.896	-994.545	935.048	1410.886	-818.311	1093.395	1399.011	-1090.781	901.685	1358.904	-1019.716	804.704	912.162	-931.315	927.445	931.625	-1133.474	1009.003	964.238	-952.591	1003.477	475.058	-1165.319	948.426	454.588	-1065.244	849.187	476.331	-846.977	886.029	456.979	-949.705	906.99	102.791	-808.576	726.911	56.507	-869.094	1104.908	34.316	-1104.178	990.212	103.208	-1115.248	1060.784	105.153	-1173.892	786.897	45.28	-907.847	793.48	46.324	-802.787	1001.388	31.456	-814.559	927.186	104.568	-894.491	831.88	388.337	-836.048	829.386	307.618	-819.017	875.927	54.672	-1277.316	900.027	44.516	-1205.359	986.472	37.476	-1274.991	791.405	613.254	-878.242	792.72	695.996	-874.429	836.902	692.364	-828.954	1031.368	656.718	-1155.136	976.839	648.191	-1188.464	977.849	565.177	-1181.588	987.861	390.313	-1204.532	1003.302	304.043	-1210.157	1047.055	399.425	-1181.294	883.527	395.93	-800.977	885.399	309.818	-784.605	1062.393	317.361	-1187.083	838.145	603.718	-833.076	1031.212	568.368	-1148.635	1098.294	32.174	-1172.684	1024.774	25.276	-1100.988	935.332	22.27	-780.069	956.474	27.322	-883.617
1865	9.32	927.093	1692.892	-994.511	935.092	1410.875	-818.275	1093.414	1399.006	-1090.756	901.732	1358.925	-1019.733	804.718	912.154	-931.301	927.444	931.622	-1133.473	1009.021	964.244	-952.629	1003.473	475.079	-1165.312	948.396	454.626	-1065.243	849.169	476.347	-847.013	886.025	456.93	-949.677	906.99	102.782	-808.565	726.93	56.49	-869.084	1104.905	34.328	-1104.187	990.202	103.179	-1115.26	1060.665	105.046	-1173.902	786.919	45.288	-907.847	793.484	46.362	-802.766	1001.369	31.459	-814.547	927.19	104.54	-894.494	831.911	388.352	-836.035	829.404	307.63	-819.002	875.959	54.611	-1277.304	900.011	44.533	-1205.363	986.49	37.464	-1275.002	791.393	613.244	-878.209	792.716	695.992	-874.446	836.907	692.354	-828.95	1031.375	656.683	-1155.138	976.827	648.184	-1188.491	977.835	565.178	-1181.588	987.905	390.297	-1204.521	1003.305	304.02	-1210.171	1047.079	399.428	-1181.304	883.555	395.931	-800.99	885.384	309.793	-784.622	1062.394	317.381	-1187.064	838.135	603.752	-833.068	1031.199	568.347	-1148.643	1098.286	32.174	-1172.689	1024.804	25.273	-1100.985	935.342	22.279	-780.061	956.507	27.311	-883.579
1866	9.325	927.111	1692.894	-994.513	935.119	1410.858	-818.27	1093.424	1399.022	-1090.769	901.74	1358.908	-1019.712	804.744	912.191	-931.335	927.43	931.632	-1133.48	1009.018	964.256	-952.629	1003.487	475.04	-1165.309	948.425	454.615	-1065.228	849.171	476.311	-847.005	886.088	456.958	-949.681	907.012	102.778	-808.612	726.921	56.475	-869.089	1104.929	34.313	-1104.185	990.187	103.203	-1115.27	1060.643	104.881	-1173.922	786.917	45.297	-907.859	793.482	46.335	-802.785	1001.392	31.409	-814.541	927.188	104.598	-894.48	831.929	388.326	-836.024	829.38	307.667	-819.046	875.941	54.622	-1277.304	900.018	44.498	-1205.386	986.49	37.436	-1275.009	791.399	613.261	-878.25	792.707	696.028	-874.434	836.897	692.365	-828.96	1031.394	656.74	-1155.163	976.833	648.185	-1188.489	977.858	565.166	-1181.579	987.917	390.323	-1204.534	1003.328	304.015	-1210.169	1047.064	399.43	-1181.316	883.561	395.932	-800.999	885.409	309.778	-784.619	1062.398	317.353	-1187.046	837.408	604.709	-832.505	1031.211	568.371	-1148.703	1098.311	32.185	-1172.687	1024.794	25.289	-1100.975	935.313	22.305	-780.053	956.512	27.277	-883.582
1867	9.33	927.125	1692.908	-994.528	935.121	1410.895	-818.286	1093.439	1399.001	-1090.745	901.76	1358.929	-1019.734	804.723	912.18	-931.322	927.453	931.626	-1133.488	1009.005	964.276	-952.614	1003.499	475.034	-1165.295	948.437	454.598	-1065.239	849.165	476.287	-846.993	886.067	456.98	-949.696	906.996	102.759	-808.584	726.913	56.473	-869.064	1104.925	34.286	-1104.175	990.195	103.193	-1115.279	1060.845	105.042	-1173.827	786.891	45.298	-907.839	793.475	46.354	-802.795	1001.389	31.434	-814.546	927.201	104.608	-894.508	831.939	388.315	-836.016	829.414	307.635	-819.01	875.944	54.618	-1277.313	900.039	44.513	-1205.366	986.489	37.449	-1275.018	791.399	613.261	-878.25	792.717	695.995	-874.443	836.923	692.363	-828.969	1031.385	656.724	-1155.159	976.821	648.201	-1188.487	977.846	565.216	-1181.591	987.911	390.298	-1204.514	1003.344	304.044	-1210.154	1047.086	399.42	-1181.276	883.554	395.944	-800.986	885.434	309.797	-784.616	1062.429	317.34	-1187.046	838.137	603.744	-833.052	1031.243	568.391	-1148.689	1098.29	32.147	-1172.659	1024.794	25.272	-1100.983	935.294	22.31	-780.065	956.49	27.283	-883.576
1868	9.335	927.173	1692.901	-994.492	935.145	1410.858	-818.259	1093.455	1399.013	-1090.733	901.757	1358.934	-1019.709	804.729	912.175	-931.344	927.451	931.629	-1133.498	1008.995	964.294	-952.638	1003.521	475.035	-1165.291	948.454	454.601	-1065.237	849.215	476.345	-846.977	886.057	456.948	-949.688	907.256	103.174	-808.337	726.916	56.462	-869.079	1104.929	34.308	-1104.179	990.206	103.197	-1115.249	1060.76	105.071	-1173.879	786.89	45.3	-907.848	793.493	46.355	-802.782	1001.385	31.427	-814.549	927.176	104.604	-894.476	831.946	388.356	-836.008	829.418	307.614	-819.038	875.924	54.656	-1277.323	900.008	44.535	-1205.369	986.509	37.477	-1275.01	791.414	613.272	-878.243	792.718	696.007	-874.444	836.937	692.36	-828.97	1031.381	656.755	-1155.19	976.859	648.181	-1188.49	977.851	565.148	-1181.584	987.931	390.309	-1204.516	1003.35	304.027	-1210.144	1047.121	399.39	-1181.292	883.589	395.937	-801.005	885.413	309.8	-784.607	1062.465	317.362	-1187.04	838.177	603.829	-833.027	1031.221	568.361	-1148.681	1098.283	32.146	-1172.678	1024.801	25.258	-1100.985	935.337	22.298	-780.033	956.484	27.316	-883.606
1869	9.34	927.177	1692.912	-994.522	935.168	1410.861	-818.264	1093.465	1399.023	-1090.769	901.777	1358.942	-1019.691	804.726	912.195	-931.356	927.461	931.653	-1133.521	1009.043	964.283	-952.633	1003.528	475.074	-1165.291	948.467	454.6	-1065.229	849.205	476.31	-847.009	886.078	456.979	-949.712	906.971	102.77	-808.578	726.929	56.454	-869.08	1104.924	34.305	-1104.178	990.236	103.165	-1115.225	1060.781	105.163	-1173.864	786.906	45.275	-907.828	793.471	46.37	-802.776	1001.365	31.423	-814.565	927.208	104.521	-894.508	831.929	388.333	-835.991	829.415	307.648	-819.028	875.925	54.643	-1277.299	900.009	44.539	-1205.357	986.489	37.441	-1275.015	791.421	613.284	-878.242	792.729	696.027	-874.479	836.962	692.356	-828.993	1031.384	656.731	-1155.188	976.841	648.17	-1188.485	977.848	565.18	-1181.61	987.939	390.302	-1204.518	1003.37	303.997	-1210.144	1047.125	399.416	-1181.297	883.587	395.934	-800.997	885.419	309.793	-784.614	1062.449	317.365	-1187.043	838.15	603.8	-833.031	1031.221	568.34	-1148.684	1098.315	32.154	-1172.657	1024.801	25.259	-1100.986	935.308	22.29	-780.078	956.503	27.262	-883.579
1870	9.345	927.217	1692.911	-994.526	935.19	1410.846	-818.26	1093.486	1399.005	-1090.747	901.772	1358.96	-1019.701	804.74	912.189	-931.35	927.462	931.634	-1133.516	1008.993	964.263	-952.657	1003.504	475.063	-1165.316	948.478	454.58	-1065.236	849.224	476.335	-846.993	886.079	456.98	-949.685	907.003	102.753	-808.585	726.917	56.465	-869.067	1104.923	34.297	-1104.175	990.197	103.169	-1115.245	1060.601	104.813	-1173.95	786.91	45.297	-907.848	793.46	46.363	-802.765	1001.377	31.439	-814.564	927.135	104.547	-894.481	831.974	388.322	-835.967	829.413	307.658	-819.042	875.943	54.643	-1277.304	900.039	44.498	-1205.364	986.496	37.459	-1275.011	791.424	613.267	-878.258	792.729	695.986	-874.464	836.933	692.373	-828.972	1031.396	656.716	-1155.187	976.858	648.161	-1188.483	977.851	565.205	-1181.61	987.966	390.295	-1204.507	1003.367	303.997	-1210.156	1047.113	399.413	-1181.286	883.6	395.922	-800.996	885.449	309.788	-784.61	1062.468	317.322	-1187.034	837.471	604.758	-832.471	1031.223	568.349	-1148.711	1098.292	32.115	-1172.668	1024.774	25.286	-1100.982	935.298	22.305	-780.047	956.515	27.299	-883.572
1871	9.35	927.222	1692.874	-994.472	935.202	1410.836	-818.249	1093.5	1398.99	-1090.724	901.789	1358.974	-1019.707	804.745	912.161	-931.358	927.463	931.635	-1133.514	1009.017	964.248	-952.647	1003.533	475.054	-1165.305	948.416	454.598	-1065.256	849.194	476.351	-847.033	886.07	456.952	-949.686	906.995	102.769	-808.587	726.942	56.434	-869.065	1104.927	34.281	-1104.148	990.194	103.212	-1115.258	1060.819	105.076	-1173.857	786.954	45.263	-907.84	793.483	46.352	-802.785	1001.386	31.445	-814.555	927.122	104.578	-894.452	831.983	388.345	-835.965	829.442	307.643	-819.023	875.939	54.683	-1277.316	900.019	44.504	-1205.363	986.504	37.44	-1274.994	791.427	613.288	-878.248	792.774	696.004	-874.461	836.957	692.362	-829	1031.409	656.742	-1155.181	976.85	648.176	-1188.488	977.839	565.18	-1181.593	987.95	390.317	-1204.515	1003.348	304.02	-1210.163	1047.107	399.411	-1181.279	883.587	395.939	-800.99	885.436	309.798	-784.626	1062.449	317.358	-1187.05	838.177	603.795	-833.007	1031.226	568.346	-1148.687	1098.321	32.155	-1172.658	1024.761	25.266	-1100.992	935.32	22.275	-780.05	956.481	27.317	-883.588
1872	9.355	927.255	1692.894	-994.477	935.251	1410.835	-818.264	1093.514	1398.986	-1090.71	901.781	1358.978	-1019.685	804.739	912.17	-931.363	927.47	931.623	-1133.535	1008.983	964.291	-952.634	1003.513	475.056	-1165.325	948.453	454.626	-1065.233	849.271	476.321	-847.006	886.07	456.952	-949.686	907.003	102.779	-808.605	726.927	56.461	-869.066	1104.911	34.309	-1104.178	990.219	103.148	-1115.235	1060.618	104.845	-1173.964	786.922	45.319	-907.835	793.475	46.374	-802.787	1001.375	31.452	-814.54	927.125	104.571	-894.483	832.029	388.315	-835.923	829.43	307.646	-819.032	875.928	54.64	-1277.297	900.005	44.535	-1205.371	986.476	37.441	-1275.016	791.445	613.285	-878.229	792.765	696.018	-874.426	836.968	692.348	-829.004	1031.408	656.721	-1155.175	976.841	648.175	-1188.516	977.858	565.18	-1181.601	987.924	390.326	-1204.511	1003.352	304.033	-1210.141	1047.114	399.4	-1181.292	883.607	395.931	-800.975	885.442	309.816	-784.634	1062.439	317.362	-1187.038	837.489	604.75	-832.5	1031.203	568.364	-1148.697	1098.291	32.134	-1172.666	1024.761	25.244	-1100.998	935.336	22.295	-780.057	956.511	27.333	-883.603
1873	9.36	927.277	1692.888	-994.464	935.251	1410.803	-818.234	1093.526	1398.989	-1090.717	901.817	1358.951	-1019.642	804.744	912.162	-931.349	927.471	931.637	-1133.515	1009.035	964.286	-952.665	1003.528	475.056	-1165.315	948.419	454.593	-1065.238	849.307	476.338	-846.996	886.101	456.966	-949.689	907.01	102.786	-808.592	726.936	56.461	-869.064	1104.937	34.302	-1104.177	990.217	103.172	-1115.259	1060.695	104.839	-1173.891	786.917	45.313	-907.829	793.478	46.37	-802.775	1001.332	31.407	-814.55	927.171	104.548	-894.5	832.047	388.334	-835.915	829.462	307.649	-819.005	875.923	54.626	-1277.296	900.001	44.499	-1205.365	986.474	37.438	-1275.018	791.441	613.293	-878.214	792.764	695.99	-874.439	836.979	692.365	-829.016	1031.392	656.722	-1155.19	976.84	648.181	-1188.513	977.844	565.181	-1181.603	987.946	390.317	-1204.522	1003.326	304.019	-1210.15	1047.128	399.396	-1181.28	883.645	395.924	-800.985	885.462	309.76	-784.622	1062.445	317.344	-1187.036	837.502	604.766	-832.486	1031.21	568.311	-1148.735	1098.281	32.173	-1172.653	1024.798	25.248	-1100.995	935.297	22.269	-780.069	956.484	27.294	-883.585
1874	9.365	927.314	1692.901	-994.451	935.293	1410.831	-818.239	1093.534	1398.976	-1090.72	901.825	1358.965	-1019.65	804.746	912.151	-931.385	927.463	931.641	-1133.519	1009.013	964.288	-952.649	1003.505	475.056	-1165.336	948.445	454.6	-1065.262	849.275	476.33	-847.036	886.146	456.938	-949.695	907.016	102.78	-808.604	726.926	56.48	-869.049	1104.915	34.309	-1104.175	990.197	103.174	-1115.249	1060.703	105.047	-1173.913	786.91	45.283	-907.829	793.477	46.367	-802.763	1001.381	31.469	-814.545	927.161	104.584	-894.472	832.083	388.31	-835.902	829.469	307.645	-819.003	875.91	54.658	-1277.315	899.988	44.519	-1205.348	986.488	37.441	-1275.026	791.451	613.324	-878.263	792.762	696.024	-874.464	837.009	692.347	-829.017	1031.377	656.735	-1155.242	976.853	648.164	-1188.491	977.853	565.194	-1181.614	987.926	390.31	-1204.52	1003.336	304.018	-1210.156	1047.104	399.414	-1181.282	883.644	395.93	-800.977	885.454	309.808	-784.633	1062.425	317.319	-1187.041	838.209	603.884	-833.008	1031.218	568.353	-1148.749	1098.287	32.119	-1172.66	1024.779	25.263	-1100.974	935.309	22.265	-780.064	956.505	27.301	-883.577
1875	9.37	927.319	1692.91	-994.448	935.3	1410.784	-818.22	1093.537	1398.989	-1090.722	901.823	1358.971	-1019.664	804.763	912.178	-931.355	927.452	931.646	-1133.527	1009.02	964.283	-952.674	1003.496	475.061	-1165.344	948.435	454.615	-1065.269	849.294	476.354	-846.988	886.103	456.934	-949.696	907.027	102.773	-808.581	726.931	56.485	-869.059	1104.91	34.316	-1104.171	990.21	103.127	-1115.25	1060.627	104.697	-1173.96	786.915	45.3	-907.811	793.471	46.346	-802.783	1001.388	31.423	-814.527	927.203	104.594	-894.465	832.089	388.314	-835.923	829.467	307.621	-819.003	875.941	54.619	-1277.299	900.002	44.505	-1205.365	986.491	37.434	-1275.007	791.448	613.305	-878.264	792.798	696.015	-874.46	836.999	692.37	-829.014	1031.394	656.708	-1155.22	976.856	648.163	-1188.518	977.851	565.174	-1181.619	987.916	390.333	-1204.546	1003.332	304.071	-1210.187	1047.118	399.414	-1181.294	883.606	395.946	-800.998	885.489	309.809	-784.643	1062.423	317.321	-1187.038	838.218	603.89	-832.99	1031.21	568.326	-1148.741	1098.287	32.156	-1172.672	1024.766	25.248	-1101.002	935.297	22.241	-780.063	956.485	27.284	-883.604
1876	9.375	927.347	1692.897	-994.434	935.341	1410.785	-818.206	1093.544	1398.97	-1090.705	901.851	1358.96	-1019.614	804.771	912.167	-931.363	927.467	931.65	-1133.544	1009.084	964.28	-952.675	1003.505	475.058	-1165.327	948.433	454.582	-1065.276	849.258	476.333	-847.041	886.128	456.923	-949.707	907.017	102.789	-808.587	726.913	56.514	-869.029	1104.907	34.302	-1104.147	990.24	103.091	-1115.206	1060.681	104.91	-1173.882	786.919	45.319	-907.832	793.473	46.36	-802.783	1001.382	31.423	-814.536	927.207	104.557	-894.486	832.084	388.318	-835.882	829.489	307.637	-819.001	875.929	54.642	-1277.313	900.004	44.498	-1205.371	986.468	37.453	-1275.028	791.449	613.324	-878.235	792.791	695.999	-874.447	837.016	692.337	-829.034	1031.398	656.707	-1155.214	976.864	648.143	-1188.518	977.855	565.178	-1181.633	987.945	390.312	-1204.535	1003.328	304.015	-1210.162	1047.104	399.417	-1181.308	883.65	395.95	-801.005	885.485	309.788	-784.615	1062.432	317.35	-1187.064	838.219	603.917	-832.986	1031.228	568.353	-1148.724	1098.274	32.154	-1172.676	1024.76	25.267	-1100.978	935.341	22.272	-780.046	956.51	27.275	-883.562
1877	9.38	927.377	1692.909	-994.41	935.329	1410.783	-818.204	1093.539	1399.008	-1090.728	901.835	1358.975	-1019.611	804.788	912.153	-931.35	927.461	931.66	-1133.537	1009.076	964.299	-952.674	1003.53	475.043	-1165.33	948.427	454.58	-1065.256	849.299	476.312	-847.023	886.085	456.919	-949.708	907.011	102.766	-808.595	726.933	56.488	-869.025	1104.921	34.317	-1104.152	990.214	103.157	-1115.218	1060.7	104.746	-1173.855	786.919	45.347	-907.849	793.484	46.34	-802.805	1001.35	31.424	-814.547	927.199	104.581	-894.481	832.086	388.304	-835.865	829.463	307.657	-819.009	875.905	54.67	-1277.311	900.003	44.52	-1205.363	986.467	37.463	-1275.023	791.457	613.338	-878.264	792.802	696.002	-874.456	837.02	692.355	-829.009	1031.417	656.724	-1155.22	976.859	648.166	-1188.534	977.845	565.173	-1181.631	987.912	390.326	-1204.536	1003.331	304.018	-1210.158	1047.091	399.425	-1181.345	883.635	395.939	-801.007	885.466	309.811	-784.64	1062.402	317.378	-1187.079	837.569	604.824	-832.495	1031.229	568.352	-1148.722	1098.281	32.168	-1172.686	1024.752	25.278	-1100.968	935.319	22.286	-780.09	956.5	27.28	-883.589
1878	9.385	927.393	1692.909	-994.388	935.348	1410.802	-818.212	1093.545	1398.98	-1090.75	901.849	1358.959	-1019.605	804.799	912.16	-931.363	927.468	931.642	-1133.558	1009.057	964.292	-952.661	1003.503	475.069	-1165.345	948.432	454.612	-1065.263	849.262	476.321	-847.035	886.063	456.936	-949.741	907.017	102.739	-808.614	726.93	56.456	-869.028	1104.914	34.326	-1104.19	990.209	103.142	-1115.242	1060.907	105.133	-1173.789	786.919	45.335	-907.818	793.474	46.329	-802.784	1001.374	31.429	-814.548	927.179	104.592	-894.483	832.103	388.305	-835.882	829.472	307.629	-819.04	875.896	54.629	-1277.32	900.015	44.496	-1205.357	986.506	37.462	-1275.021	791.459	613.337	-878.246	792.814	696.028	-874.459	837.035	692.37	-829.011	1031.405	656.698	-1155.229	976.87	648.172	-1188.544	977.853	565.164	-1181.646	987.918	390.308	-1204.544	1003.317	304.006	-1210.163	1047.102	399.42	-1181.319	883.612	395.975	-800.995	885.473	309.797	-784.62	1062.426	317.368	-1187.066	838.214	603.979	-832.962	1031.221	568.351	-1148.733	1098.294	32.133	-1172.648	1024.762	25.255	-1100.991	935.31	22.26	-780.068	956.474	27.325	-883.619
1879	9.39	927.414	1692.908	-994.356	935.379	1410.777	-818.196	1093.553	1398.986	-1090.751	901.867	1358.984	-1019.614	804.814	912.153	-931.373	927.475	931.682	-1133.566	1009.059	964.307	-952.695	1003.518	475.041	-1165.352	948.427	454.611	-1065.279	849.273	476.339	-847.058	886.097	456.953	-949.752	907.013	102.743	-808.612	726.944	56.463	-869.015	1104.905	34.317	-1104.188	990.199	103.184	-1115.264	1060.681	104.937	-1173.919	786.923	45.311	-907.807	793.472	46.346	-802.781	1001.357	31.448	-814.561	927.164	104.572	-894.491	832.098	388.317	-835.861	829.472	307.643	-819.022	875.902	54.653	-1277.302	900.001	44.523	-1205.335	986.497	37.455	-1275.011	791.43	613.347	-878.232	792.82	696.019	-874.464	837.028	692.391	-829.025	1031.407	656.727	-1155.239	976.873	648.166	-1188.551	977.87	565.216	-1181.672	987.901	390.3	-1204.556	1003.329	304.066	-1210.221	1047.1	399.418	-1181.324	883.621	395.933	-801.011	885.466	309.797	-784.646	1062.421	317.366	-1187.083	838.217	603.97	-832.999	1031.23	568.315	-1148.713	1098.29	32.159	-1172.677	1024.772	25.255	-1100.991	935.357	22.306	-780.067	956.489	27.324	-883.631
1880	9.395	927.428	1692.919	-994.331	935.365	1410.771	-818.206	1093.557	1399.004	-1090.751	901.879	1358.993	-1019.598	804.81	912.136	-931.368	927.491	931.666	-1133.568	1009.073	964.276	-952.715	1003.493	475.063	-1165.365	948.437	454.594	-1065.265	849.248	476.313	-847.066	886.094	456.982	-949.736	907.02	102.768	-808.622	726.941	56.44	-869.015	1104.928	34.324	-1104.176	990.24	103.107	-1115.204	1060.822	104.932	-1173.808	786.891	45.296	-907.827	793.476	46.35	-802.775	1001.366	31.44	-814.556	927.172	104.569	-894.525	832.12	388.332	-835.838	829.454	307.636	-819.041	875.886	54.667	-1277.316	900.004	44.542	-1205.368	986.449	37.469	-1275.01	791.436	613.336	-878.254	792.828	696.012	-874.453	837.035	692.37	-829.028	1031.406	656.698	-1155.238	976.868	648.168	-1188.584	977.871	565.179	-1181.696	987.903	390.333	-1204.569	1003.327	304.047	-1210.191	1047.09	399.388	-1181.318	883.594	395.945	-801.021	885.432	309.791	-784.651	1062.398	317.381	-1187.092	837.564	604.814	-832.503	1031.214	568.352	-1148.735	1098.307	32.174	-1172.672	1024.756	25.258	-1100.975	935.344	22.25	-780.078	956.461	27.336	-883.611
1881	9.4	927.455	1692.913	-994.315	935.403	1410.811	-818.168	1093.573	1399.014	-1090.78	901.886	1358.972	-1019.611	804.832	912.17	-931.354	927.483	931.667	-1133.582	1009.115	964.282	-952.717	1003.489	475.072	-1165.369	948.401	454.62	-1065.271	849.265	476.338	-847.044	886.035	456.96	-949.801	907.022	102.756	-808.623	726.942	56.442	-869.018	1104.895	34.331	-1104.165	990.188	103.18	-1115.243	1060.646	104.871	-1173.95	786.908	45.302	-907.838	793.486	46.346	-802.773	1001.348	31.422	-814.537	927.153	104.53	-894.516	832.085	388.35	-835.895	829.434	307.645	-819.066	875.892	54.671	-1277.313	899.999	44.528	-1205.361	986.479	37.425	-1275.001	791.433	613.338	-878.253	792.831	696.005	-874.462	837.051	692.367	-829.025	1031.418	656.689	-1155.256	976.862	648.156	-1188.571	977.875	565.144	-1181.669	987.911	390.343	-1204.593	1003.327	304.052	-1210.206	1047.091	399.424	-1181.36	883.577	395.962	-801.057	885.444	309.781	-784.674	1062.397	317.369	-1187.104	838.141	604.041	-832.981	1031.24	568.345	-1148.752	1098.275	32.17	-1172.66	1024.764	25.256	-1100.974	935.307	22.269	-780.072	956.501	27.308	-883.619
1882	9.405	927.477	1692.906	-994.291	935.384	1410.771	-818.182	1093.582	1398.997	-1090.785	901.899	1358.961	-1019.586	804.842	912.17	-931.361	927.468	931.661	-1133.591	1009.113	964.274	-952.725	1003.502	475.057	-1165.367	948.441	454.619	-1065.281	849.233	476.359	-847.069	886.032	456.97	-949.774	906.981	102.737	-808.618	726.955	56.476	-869.032	1104.914	34.316	-1104.169	990.221	103.084	-1115.194	1060.513	104.827	-1174.014	786.915	45.307	-907.839	793.47	46.337	-802.761	1001.362	31.447	-814.558	927.111	104.568	-894.505	832.12	388.336	-835.866	829.434	307.621	-819.06	875.915	54.654	-1277.318	900.013	44.526	-1205.375	986.468	37.429	-1275.014	791.426	613.373	-878.305	792.83	696.008	-874.481	837.072	692.347	-829.041	1031.395	656.71	-1155.264	976.879	648.145	-1188.578	977.861	565.131	-1181.657	987.902	390.307	-1204.567	1003.305	304.014	-1210.198	1047.071	399.406	-1181.35	883.603	395.924	-801.061	885.449	309.789	-784.664	1062.4	317.367	-1187.103	838.192	604.054	-832.974	1031.209	568.312	-1148.793	1098.286	32.15	-1172.679	1024.766	25.248	-1100.989	935.346	22.282	-780.072	956.478	27.333	-883.626
1883	9.41	927.489	1692.906	-994.246	935.389	1410.775	-818.182	1093.557	1399.014	-1090.799	901.903	1358.979	-1019.629	804.847	912.156	-931.362	927.498	931.682	-1133.581	1009.105	964.236	-952.744	1003.483	475.047	-1165.379	948.414	454.598	-1065.315	849.229	476.286	-847.09	886.011	456.926	-949.769	906.992	102.765	-808.613	726.948	56.431	-869.02	1104.907	34.293	-1104.186	990.198	103.144	-1115.211	1060.708	104.866	-1173.938	786.901	45.305	-907.844	793.472	46.331	-802.781	1001.318	31.419	-814.549	927.111	104.558	-894.493	832.108	388.294	-835.889	829.444	307.609	-819.092	875.909	54.67	-1277.338	899.992	44.549	-1205.385	986.492	37.446	-1275.038	791.42	613.343	-878.302	792.817	696.031	-874.476	837.045	692.369	-829.031	1031.391	656.666	-1155.276	976.862	648.146	-1188.587	977.868	565.176	-1181.695	987.879	390.324	-1204.578	1003.302	304.017	-1210.231	1047.071	399.421	-1181.348	883.608	395.916	-801.064	885.427	309.764	-784.696	1062.399	317.354	-1187.115	837.539	604.845	-832.515	1031.197	568.288	-1148.76	1098.286	32.139	-1172.678	1024.768	25.275	-1100.995	935.325	22.315	-780.041	956.484	27.279	-883.589
1884	9.415	927.513	1692.905	-994.248	935.423	1410.802	-818.169	1093.564	1399.024	-1090.774	901.895	1358.951	-1019.592	804.853	912.175	-931.373	927.494	931.671	-1133.599	1009.172	964.256	-952.737	1003.481	475.06	-1165.379	948.414	454.601	-1065.312	849.233	476.316	-847.096	886.066	456.961	-949.775	907.016	102.774	-808.615	726.941	56.435	-869.016	1104.937	34.331	-1104.186	990.199	103.158	-1115.255	1060.644	104.829	-1173.943	786.91	45.296	-907.853	793.488	46.355	-802.785	1001.353	31.428	-814.566	927.17	104.547	-894.53	832.092	388.297	-835.887	829.433	307.635	-819.084	875.927	54.646	-1277.318	900.007	44.517	-1205.362	986.457	37.454	-1275.006	791.412	613.37	-878.289	792.822	696.015	-874.496	837.075	692.341	-829.044	1031.42	656.722	-1155.285	976.861	648.127	-1188.59	977.851	565.144	-1181.69	987.888	390.32	-1204.593	1003.282	304.033	-1210.211	1047.073	399.418	-1181.363	883.607	395.926	-801.089	885.433	309.813	-784.704	1062.391	317.318	-1187.097	838.16	604.109	-832.988	1031.199	568.285	-1148.781	1098.287	32.134	-1172.671	1024.777	25.251	-1100.983	935.322	22.293	-780.064	956.493	27.303	-883.594
1885	9.42	927.527	1692.877	-994.187	935.416	1410.783	-818.184	1093.576	1399.003	-1090.793	901.925	1358.934	-1019.571	804.859	912.183	-931.388	927.508	931.688	-1133.593	1009.145	964.256	-952.739	1003.469	475.055	-1165.397	948.406	454.593	-1065.356	849.248	476.316	-847.089	886.078	456.919	-949.78	907.015	102.815	-808.605	726.94	56.446	-869.013	1104.929	34.303	-1104.181	990.198	103.178	-1115.225	1060.697	104.82	-1173.904	786.92	45.322	-907.852	793.464	46.347	-802.793	1001.366	31.416	-814.559	927.134	104.545	-894.511	832.099	388.283	-835.888	829.443	307.6	-819.081	875.942	54.644	-1277.325	900.014	44.529	-1205.397	986.467	37.436	-1275.007	791.41	613.381	-878.302	792.818	696.031	-874.502	837.051	692.349	-829.069	1031.402	656.675	-1155.286	976.842	648.12	-1188.617	977.855	565.142	-1181.704	987.89	390.31	-1204.618	1003.283	304.004	-1210.222	1047.063	399.408	-1181.363	883.607	395.923	-801.086	885.493	309.789	-784.672	1062.404	317.368	-1187.13	838.153	604.115	-832.981	1031.199	568.32	-1148.77	1098.278	32.155	-1172.678	1024.747	25.28	-1100.984	935.33	22.286	-780.086	956.477	27.291	-883.59
1886	9.425	927.533	1692.878	-994.147	935.435	1410.767	-818.187	1093.571	1399.01	-1090.778	901.94	1358.939	-1019.565	804.872	912.179	-931.384	927.499	931.69	-1133.625	1009.149	964.221	-952.763	1003.442	475.041	-1165.429	948.406	454.575	-1065.345	849.199	476.337	-847.113	886.068	456.928	-949.783	907.036	102.784	-808.609	726.933	56.438	-868.998	1104.928	34.341	-1104.179	990.188	103.149	-1115.214	1060.744	105.082	-1173.924	786.929	45.277	-907.839	793.471	46.382	-802.788	1001.366	31.429	-814.529	927.193	104.567	-894.504	832.11	388.3	-835.888	829.435	307.628	-819.073	875.916	54.606	-1277.321	900.011	44.537	-1205.383	986.456	37.469	-1275.027	791.4	613.392	-878.342	792.828	696.018	-874.49	837.056	692.34	-829.065	1031.383	656.666	-1155.292	976.86	648.129	-1188.615	977.822	565.112	-1181.71	987.851	390.327	-1204.627	1003.292	304.014	-1210.224	1047.057	399.4	-1181.37	883.592	395.943	-801.074	885.463	309.811	-784.684	1062.386	317.324	-1187.104	838.114	604.131	-832.977	1031.19	568.318	-1148.811	1098.285	32.178	-1172.697	1024.755	25.29	-1100.988	935.322	22.303	-780.078	956.486	27.297	-883.634
1887	9.43	927.558	1692.881	-994.127	935.451	1410.775	-818.162	1093.573	1399.011	-1090.801	901.949	1358.949	-1019.578	804.881	912.162	-931.383	927.527	931.677	-1133.617	1009.194	964.22	-952.749	1003.437	475.054	-1165.401	948.419	454.569	-1065.341	849.245	476.293	-847.1	886.055	456.938	-949.786	907.037	102.793	-808.634	726.963	56.441	-868.991	1104.904	34.336	-1104.16	990.214	103.119	-1115.226	1060.61	104.833	-1173.916	786.925	45.294	-907.825	793.49	46.356	-802.8	1001.401	31.439	-814.559	927.178	104.555	-894.545	832.14	388.294	-835.914	829.427	307.637	-819.071	875.912	54.631	-1277.323	900.019	44.499	-1205.377	986.485	37.449	-1275.027	791.422	613.387	-878.33	792.827	696.027	-874.499	837.078	692.359	-829.08	1031.39	656.669	-1155.331	976.841	648.109	-1188.585	977.814	565.145	-1181.724	987.873	390.302	-1204.617	1003.28	304.046	-1210.225	1047.029	399.382	-1181.356	883.619	395.921	-801.092	885.5	309.803	-784.675	1062.372	317.374	-1187.135	838.156	604.166	-832.978	1031.185	568.314	-1148.789	1098.277	32.129	-1172.674	1024.79	25.257	-1100.953	935.359	22.283	-780.087	956.498	27.26	-883.582
1888	9.435	927.578	1692.892	-994.094	935.447	1410.778	-818.18	1093.598	1399.013	-1090.805	901.946	1358.957	-1019.574	804.903	912.185	-931.377	927.509	931.686	-1133.6	1009.171	964.207	-952.743	1003.452	475.01	-1165.392	948.38	454.651	-1065.361	849.244	476.311	-847.113	886.086	456.952	-949.789	907.029	102.795	-808.631	726.949	56.467	-869.022	1104.905	34.312	-1104.174	990.168	103.179	-1115.253	1060.653	104.832	-1173.899	786.937	45.302	-907.835	793.486	46.353	-802.78	1001.375	31.432	-814.56	927.165	104.574	-894.514	832.125	388.308	-835.898	829.431	307.612	-819.074	875.934	54.624	-1277.317	900.008	44.494	-1205.377	986.487	37.442	-1275.018	791.415	613.387	-878.32	792.826	696.015	-874.507	837.073	692.363	-829.084	1031.404	656.643	-1155.312	976.857	648.111	-1188.642	977.807	565.139	-1181.692	987.879	390.292	-1204.616	1003.277	304.006	-1210.224	1047.032	399.388	-1181.374	883.622	395.937	-801.086	885.462	309.802	-784.728	1062.368	317.34	-1187.136	838.12	604.193	-832.975	1031.173	568.323	-1148.776	1098.29	32.144	-1172.653	1024.773	25.286	-1100.967	935.361	22.3	-780.07	956.505	27.291	-883.61
1889	9.44	927.576	1692.896	-994.056	935.448	1410.759	-818.167	1093.595	1399.017	-1090.793	901.958	1358.953	-1019.567	804.896	912.167	-931.388	927.546	931.656	-1133.574	1009.184	964.187	-952.759	1003.441	475.039	-1165.416	948.399	454.615	-1065.351	849.22	476.314	-847.136	886.056	456.928	-949.793	907.016	102.774	-808.615	726.948	56.431	-869.002	1104.936	34.304	-1104.173	990.2	103.155	-1115.203	1060.704	104.913	-1173.867	786.911	45.3	-907.832	793.461	46.354	-802.785	1001.38	31.464	-814.551	927.189	104.533	-894.523	832.113	388.315	-835.902	829.433	307.656	-819.091	875.934	54.622	-1277.306	900.018	44.543	-1205.378	986.485	37.467	-1275.007	791.427	613.386	-878.32	792.839	695.997	-874.498	837.079	692.368	-829.08	1031.391	656.66	-1155.314	976.849	648.098	-1188.631	977.805	565.128	-1181.728	987.854	390.3	-1204.627	1003.253	304.05	-1210.238	1047.018	399.411	-1181.384	883.625	395.93	-801.102	885.478	309.813	-784.707	1062.356	317.351	-1187.16	838.115	604.215	-832.999	1031.172	568.307	-1148.822	1098.29	32.169	-1172.678	1024.756	25.264	-1100.957	935.362	22.311	-780.071	956.515	27.291	-883.627
1890	9.445	927.583	1692.89	-994.022	935.488	1410.757	-818.164	1093.622	1399.029	-1090.796	902.006	1358.971	-1019.574	804.897	912.178	-931.396	927.552	931.678	-1133.62	1009.19	964.215	-952.782	1003.435	475.028	-1165.433	948.386	454.608	-1065.356	849.238	476.321	-847.119	886.086	456.942	-949.796	907.017	102.799	-808.619	726.958	56.449	-869.033	1104.932	34.322	-1104.176	990.193	103.242	-1115.219	1060.574	104.75	-1173.995	786.935	45.285	-907.842	793.476	46.342	-802.797	1001.367	31.436	-814.54	927.158	104.546	-894.513	832.086	388.289	-835.932	829.439	307.648	-819.08	875.916	54.648	-1277.348	900.019	44.516	-1205.367	986.49	37.452	-1275.005	791.412	613.402	-878.326	792.841	696.046	-874.522	837.084	692.369	-829.107	1031.405	656.687	-1155.347	976.841	648.121	-1188.654	977.815	565.145	-1181.735	987.863	390.313	-1204.635	1003.28	303.998	-1210.253	1047.031	399.373	-1181.381	883.641	395.951	-801.103	885.475	309.835	-784.721	1062.354	317.356	-1187.127	838.098	604.264	-832.984	1031.165	568.315	-1148.813	1098.309	32.187	-1172.68	1024.813	25.283	-1100.97	935.335	22.29	-780.035	956.497	27.281	-883.594
1891	9.45	927.599	1692.886	-993.998	935.514	1410.733	-818.142	1093.632	1399.051	-1090.771	902.008	1358.96	-1019.553	804.896	912.191	-931.413	927.534	931.68	-1133.625	1009.182	964.205	-952.779	1003.449	475.027	-1165.436	948.401	454.623	-1065.33	849.276	476.323	-847.109	886.086	456.946	-949.805	907.021	102.775	-808.637	726.965	56.439	-869.012	1104.92	34.318	-1104.17	990.207	103.126	-1115.197	1060.683	104.913	-1173.913	786.929	45.284	-907.843	793.494	46.364	-802.806	1001.37	31.398	-814.565	927.179	104.581	-894.513	832.076	388.316	-835.948	829.442	307.653	-819.067	875.917	54.655	-1277.319	900.011	44.532	-1205.406	986.487	37.462	-1275.023	791.442	613.417	-878.34	792.869	696.028	-874.544	837.091	692.363	-829.115	1031.401	656.644	-1155.343	976.833	648.141	-1188.655	977.817	565.134	-1181.725	987.865	390.322	-1204.637	1003.265	304.025	-1210.241	1047.053	399.393	-1181.36	883.681	395.957	-801.098	885.475	309.833	-784.721	1062.363	317.365	-1187.13	838.104	604.307	-832.941	1031.165	568.289	-1148.845	1098.287	32.115	-1172.647	1024.804	25.25	-1100.98	935.332	22.298	-780.055	956.521	27.279	-883.595
1892	9.455	927.582	1692.89	-994	935.53	1410.753	-818.141	1093.656	1399.045	-1090.75	902.012	1358.954	-1019.53	804.922	912.183	-931.413	927.545	931.689	-1133.629	1009.17	964.204	-952.8	1003.427	475.032	-1165.435	948.369	454.645	-1065.339	849.261	476.316	-847.136	886.14	456.956	-949.803	907.026	102.779	-808.642	726.943	56.452	-869.015	1104.919	34.309	-1104.168	990.205	103.178	-1115.204	1060.581	104.834	-1173.955	786.941	45.321	-907.841	793.482	46.344	-802.792	1001.374	31.454	-814.548	927.104	104.5	-894.524	832.031	388.298	-836.036	829.473	307.642	-819.074	875.931	54.652	-1277.329	900.003	44.532	-1205.381	986.487	37.455	-1275.011	791.418	613.42	-878.32	792.844	696.041	-874.535	837.077	692.386	-829.088	1031.396	656.661	-1155.347	976.826	648.114	-1188.664	977.803	565.133	-1181.74	987.862	390.325	-1204.644	1003.282	304.032	-1210.259	1047.058	399.397	-1181.379	883.64	395.955	-801.129	885.47	309.836	-784.732	1062.401	317.34	-1187.124	838.076	604.303	-832.964	1031.156	568.321	-1148.845	1098.281	32.156	-1172.69	1024.783	25.291	-1100.982	935.336	22.286	-780.095	956.517	27.341	-883.606
1893	9.46	927.582	1692.898	-993.972	935.55	1410.72	-818.129	1093.672	1399.057	-1090.739	902.043	1358.945	-1019.536	804.932	912.185	-931.435	927.517	931.705	-1133.632	1009.18	964.189	-952.776	1003.464	475.063	-1165.438	948.382	454.648	-1065.346	849.273	476.319	-847.11	886.13	456.929	-949.778	907.008	102.791	-808.643	726.96	56.443	-868.995	1104.921	34.327	-1104.184	990.199	103.211	-1115.201	1060.644	104.722	-1173.902	786.937	45.302	-907.831	793.474	46.369	-802.79	1001.342	31.457	-814.555	927.14	104.574	-894.522	832.064	388.28	-835.994	829.459	307.674	-819.091	875.916	54.66	-1277.314	899.985	44.547	-1205.384	986.506	37.479	-1275.009	791.423	613.435	-878.318	792.86	696.047	-874.556	837.112	692.366	-829.098	1031.399	656.661	-1155.365	976.855	648.124	-1188.673	977.84	565.111	-1181.72	987.858	390.317	-1204.644	1003.277	304.021	-1210.27	1047.072	399.408	-1181.404	883.669	395.963	-801.096	885.514	309.839	-784.689	1062.378	317.362	-1187.128	838.099	604.326	-832.993	1031.199	568.307	-1148.825	1098.3	32.154	-1172.664	1024.788	25.301	-1101.002	935.308	22.322	-780.043	956.49	27.32	-883.613
1894	9.465	927.604	1692.88	-993.934	935.569	1410.719	-818.102	1093.71	1399.055	-1090.717	902.043	1358.959	-1019.5	804.918	912.198	-931.457	927.546	931.699	-1133.658	1009.18	964.187	-952.776	1003.478	475.018	-1165.441	948.408	454.608	-1065.379	849.28	476.336	-847.095	886.12	456.937	-949.807	907.046	102.797	-808.611	726.954	56.479	-869.019	1104.916	34.317	-1104.168	990.194	103.183	-1115.23	1060.636	104.736	-1173.898	786.935	45.326	-907.825	793.472	46.365	-802.78	1001.387	31.475	-814.565	927.174	104.587	-894.521	832.045	388.319	-836.026	829.482	307.675	-819.096	875.93	54.657	-1277.325	900.015	44.534	-1205.384	986.508	37.469	-1275.009	791.436	613.441	-878.345	792.875	696.016	-874.545	837.099	692.403	-829.112	1031.41	656.668	-1155.353	976.85	648.135	-1188.684	977.823	565.141	-1181.745	987.88	390.336	-1204.644	1003.298	304.039	-1210.261	1047.066	399.429	-1181.39	883.629	395.97	-801.076	885.478	309.851	-784.688	1062.409	317.343	-1187.135	837.548	605.129	-832.573	1031.187	568.29	-1148.809	1098.271	32.185	-1172.688	1024.795	25.303	-1100.983	935.326	22.305	-780.087	956.531	27.333	-883.634
1895	9.47	927.588	1692.875	-993.904	935.579	1410.708	-818.097	1093.702	1399.068	-1090.723	902.062	1358.978	-1019.51	804.933	912.179	-931.454	927.552	931.694	-1133.664	1009.211	964.216	-952.786	1003.459	475.04	-1165.439	948.431	454.652	-1065.374	849.297	476.305	-847.146	886.099	456.955	-949.813	907.016	102.804	-808.622	726.954	56.49	-868.998	1104.922	34.318	-1104.176	990.241	103.134	-1115.174	1060.736	104.911	-1173.876	786.911	45.325	-907.824	793.483	46.361	-802.797	1001.386	31.48	-814.569	927.245	104.61	-894.5	832.061	388.347	-836.04	829.489	307.657	-819.075	875.918	54.645	-1277.328	900.03	44.534	-1205.398	986.477	37.468	-1275.021	791.432	613.455	-878.341	792.879	696.062	-874.576	837.105	692.423	-829.103	1031.419	656.679	-1155.373	976.878	648.145	-1188.695	977.846	565.16	-1181.767	987.913	390.323	-1204.672	1003.333	304.023	-1210.257	1047.076	399.39	-1181.387	883.667	395.963	-801.09	885.494	309.833	-784.72	1062.418	317.371	-1187.161	837.557	605.158	-832.561	1031.19	568.311	-1148.849	1098.278	32.16	-1172.684	1024.758	25.299	-1100.985	935.345	22.343	-780.058	956.498	27.347	-883.607
1896	9.475	927.585	1692.892	-993.89	935.619	1410.691	-818.08	1093.729	1399.065	-1090.698	902.032	1358.977	-1019.507	804.946	912.22	-931.453	927.523	931.712	-1133.68	1009.232	964.2	-952.823	1003.502	475.028	-1165.435	948.459	454.619	-1065.371	849.27	476.329	-847.178	886.163	456.956	-949.808	907.027	102.792	-808.625	726.961	56.47	-869.003	1104.917	34.323	-1104.18	990.211	103.179	-1115.229	1060.736	105.017	-1173.916	786.952	45.297	-907.834	793.489	46.391	-802.783	1001.37	31.489	-814.553	927.198	104.593	-894.492	832.015	388.36	-836.133	829.496	307.67	-819.073	875.908	54.684	-1277.324	900.028	44.531	-1205.367	986.466	37.481	-1275	791.435	613.429	-878.33	792.883	696.059	-874.559	837.126	692.389	-829.125	1031.423	656.672	-1155.369	976.889	648.121	-1188.666	977.855	565.134	-1181.746	987.908	390.332	-1204.667	1003.324	304.013	-1210.258	1047.102	399.392	-1181.367	883.689	395.985	-801.078	885.491	309.856	-784.696	1062.437	317.341	-1187.14	838.119	604.453	-832.954	1031.223	568.289	-1148.795	1098.293	32.163	-1172.677	1024.76	25.289	-1100.973	935.336	22.333	-780.053	956.523	27.308	-883.609
1897	9.48	927.575	1692.889	-993.85	935.63	1410.698	-818.067	1093.749	1399.047	-1090.674	902.089	1358.99	-1019.507	804.939	912.197	-931.468	927.554	931.715	-1133.667	1009.206	964.217	-952.828	1003.505	475.057	-1165.44	948.436	454.639	-1065.371	849.29	476.337	-847.096	886.143	456.892	-949.791	907.035	102.787	-808.622	726.957	56.483	-868.995	1104.94	34.332	-1104.165	990.242	103.13	-1115.203	1060.721	104.769	-1173.909	786.915	45.318	-907.833	793.471	46.368	-802.795	1001.392	31.482	-814.541	927.203	104.597	-894.484	832.045	388.384	-836.116	829.505	307.669	-819.039	875.917	54.672	-1277.327	900.04	44.545	-1205.37	986.486	37.484	-1275.008	791.456	613.449	-878.358	792.894	696.018	-874.57	837.118	692.404	-829.136	1031.445	656.671	-1155.375	976.876	648.12	-1188.683	977.875	565.128	-1181.725	987.917	390.318	-1204.64	1003.342	304.05	-1210.274	1047.108	399.416	-1181.398	883.683	395.954	-801.084	885.507	309.852	-784.685	1062.437	317.348	-1187.133	837.567	605.204	-832.553	1031.24	568.329	-1148.827	1098.292	32.113	-1172.649	1024.764	25.299	-1100.99	935.334	22.351	-780.047	956.479	27.334	-883.625
1898	9.485	927.563	1692.898	-993.832	935.602	1410.658	-818.079	1093.768	1399.091	-1090.667	902.096	1358.971	-1019.49	804.95	912.189	-931.46	927.548	931.702	-1133.676	1009.24	964.193	-952.834	1003.515	475.026	-1165.433	948.459	454.625	-1065.369	849.308	476.323	-847.104	886.12	456.942	-949.791	907.03	102.82	-808.585	726.961	56.489	-869.018	1104.933	34.319	-1104.158	990.241	103.184	-1115.272	1060.705	104.887	-1173.925	786.924	45.282	-907.831	793.474	46.379	-802.779	1001.397	31.454	-814.534	927.235	104.583	-894.479	831.929	388.347	-836.195	829.505	307.706	-819.056	875.917	54.667	-1277.339	900.024	44.518	-1205.371	986.463	37.462	-1275.035	791.467	613.467	-878.333	792.915	696.046	-874.567	837.117	692.404	-829.137	1031.446	656.671	-1155.364	976.895	648.129	-1188.663	977.886	565.116	-1181.759	987.937	390.313	-1204.66	1003.338	304.048	-1210.271	1047.107	399.406	-1181.419	883.684	395.969	-801.078	885.524	309.854	-784.672	1062.419	317.332	-1187.154	837.593	605.233	-832.553	1031.216	568.3	-1148.847	1098.297	32.173	-1172.699	1024.791	25.282	-1100.999	935.333	22.317	-780.048	956.493	27.324	-883.609
1899	9.49	927.564	1692.892	-993.822	935.664	1410.66	-818.071	1093.771	1399.088	-1090.648	902.114	1359.001	-1019.468	804.967	912.195	-931.491	927.561	931.708	-1133.686	1009.235	964.214	-952.844	1003.514	475.034	-1165.447	948.454	454.642	-1065.39	849.311	476.355	-847.121	886.174	456.951	-949.788	907.025	102.791	-808.614	726.96	56.478	-869.002	1104.919	34.304	-1104.174	990.248	103.18	-1115.263	1060.625	104.77	-1173.963	786.914	45.325	-907.827	793.477	46.359	-802.78	1001.358	31.459	-814.562	927.214	104.583	-894.467	831.42	388.279	-837.031	829.514	307.696	-819.052	875.906	54.687	-1277.347	900.008	44.56	-1205.373	986.502	37.48	-1274.99	791.483	613.456	-878.325	792.914	696.039	-874.566	837.122	692.42	-829.136	1031.49	656.665	-1155.38	976.91	648.142	-1188.682	977.872	565.147	-1181.797	987.926	390.297	-1204.664	1003.333	304.025	-1210.276	1047.121	399.399	-1181.416	883.694	395.997	-801.059	885.542	309.831	-784.71	1062.447	317.343	-1187.148	837.554	605.279	-832.55	1031.258	568.307	-1148.843	1098.287	32.186	-1172.709	1024.786	25.278	-1100.976	935.328	22.293	-780.07	956.511	27.341	-883.634
1900	9.495	927.563	1692.878	-993.781	935.678	1410.646	-818.038	1093.775	1399.101	-1090.641	902.121	1359.015	-1019.467	804.97	912.179	-931.469	927.564	931.69	-1133.685	1009.234	964.242	-952.846	1003.526	475.031	-1165.459	948.468	454.622	-1065.371	849.331	476.324	-847.112	886.133	456.932	-949.812	907.042	102.772	-808.632	726.954	56.451	-869.013	1104.936	34.303	-1104.168	990.201	103.214	-1115.277	1060.679	104.868	-1173.888	786.907	45.305	-907.827	793.473	46.374	-802.783	1001.35	31.438	-814.53	927.181	104.563	-894.497	831.417	388.327	-837.001	829.524	307.672	-819.059	875.906	54.674	-1277.324	899.991	44.539	-1205.371	986.498	37.448	-1275.015	791.484	613.478	-878.348	792.934	696.056	-874.562	837.147	692.413	-829.156	1031.48	656.67	-1155.369	976.906	648.099	-1188.684	977.915	565.139	-1181.77	987.953	390.316	-1204.659	1003.364	304.014	-1210.271	1047.133	399.399	-1181.395	883.687	395.989	-801.079	885.519	309.836	-784.691	1062.451	317.351	-1187.166	837.565	605.297	-832.571	1031.242	568.347	-1148.88	1098.298	32.135	-1172.683	1024.772	25.268	-1100.967	935.311	22.277	-780.093	956.478	27.362	-883.651
1901	9.5	927.559	1692.898	-993.742	935.68	1410.651	-818.052	1093.809	1399.105	-1090.612	902.149	1358.971	-1019.448	804.987	912.203	-931.485	927.565	931.706	-1133.699	1009.261	964.248	-952.853	1003.532	475.037	-1165.458	948.474	454.622	-1065.372	849.327	476.318	-847.12	886.152	456.96	-949.802	907.024	102.79	-808.623	726.972	56.453	-869.017	1104.914	34.301	-1104.178	990.237	103.174	-1115.248	1060.738	104.98	-1173.907	786.918	45.294	-907.836	793.472	46.352	-802.776	1001.33	31.418	-814.545	927.159	104.606	-894.476	831.399	388.299	-837.038	829.524	307.678	-819.06	875.92	54.635	-1277.338	900.002	44.515	-1205.375	986.455	37.462	-1275.035	791.494	613.449	-878.337	792.936	696.019	-874.578	837.142	692.402	-829.124	1031.469	656.678	-1155.372	976.931	648.147	-1188.72	977.902	565.116	-1181.785	987.939	390.29	-1204.653	1003.366	304.011	-1210.267	1047.097	399.41	-1181.406	883.688	395.98	-801.1	885.536	309.831	-784.699	1062.444	317.371	-1187.165	837.547	605.328	-832.582	1031.255	568.317	-1148.876	1098.275	32.165	-1172.699	1024.786	25.277	-1100.994	935.317	22.325	-780.065	956.486	27.349	-883.639
1902	9.505	927.542	1692.891	-993.699	935.69	1410.622	-818.021	1093.822	1399.101	-1090.596	902.144	1359.02	-1019.454	804.981	912.175	-931.513	927.571	931.688	-1133.706	1009.251	964.235	-952.883	1003.54	475.014	-1165.459	948.503	454.611	-1065.391	849.382	476.32	-847.112	886.186	456.932	-949.818	907.237	103.166	-808.375	726.945	56.458	-869.003	1104.92	34.295	-1104.18	990.23	103.123	-1115.224	1060.586	104.868	-1173.972	786.927	45.291	-907.85	793.473	46.351	-802.777	1001.357	31.431	-814.565	927.189	104.576	-894.483	831.404	388.326	-837.007	829.498	307.678	-819.06	875.898	54.659	-1277.322	899.999	44.522	-1205.371	986.479	37.45	-1275.005	791.512	613.432	-878.341	792.937	696.032	-874.57	837.153	692.379	-829.152	1031.475	656.663	-1155.395	976.93	648.116	-1188.698	977.908	565.104	-1181.775	987.937	390.298	-1204.678	1003.359	304.033	-1210.269	1047.114	399.39	-1181.406	883.702	395.973	-801.094	885.511	309.832	-784.694	1062.439	317.343	-1187.163	837.523	605.333	-832.586	1031.247	568.314	-1148.872	1098.282	32.161	-1172.685	1024.795	25.269	-1100.976	935.332	22.293	-780.039	956.501	27.301	-883.596
1903	9.51	927.549	1692.916	-993.705	935.705	1410.631	-818.033	1093.83	1399.095	-1090.607	902.153	1359.026	-1019.46	805.014	912.166	-931.493	927.584	931.707	-1133.712	1009.303	964.206	-952.868	1003.53	475.03	-1165.471	948.479	454.634	-1065.387	849.326	476.344	-847.162	886.185	456.965	-949.785	907.032	102.797	-808.618	726.94	56.45	-869.025	1104.928	34.308	-1104.182	990.229	103.151	-1115.236	1060.705	104.967	-1173.941	786.911	45.314	-907.863	793.467	46.369	-802.807	1001.377	31.476	-814.546	927.204	104.564	-894.496	831.407	388.271	-837.034	829.502	307.665	-819.088	875.908	54.67	-1277.329	900	44.575	-1205.385	986.473	37.458	-1275.035	791.521	613.417	-878.359	792.938	696.045	-874.563	837.175	692.397	-829.149	1031.486	656.638	-1155.412	976.931	648.125	-1188.688	977.922	565.081	-1181.786	987.948	390.297	-1204.675	1003.354	304.077	-1210.282	1047.132	399.406	-1181.439	883.68	395.973	-801.102	885.532	309.815	-784.703	1062.437	317.357	-1187.154	837.573	605.334	-832.624	1031.272	568.328	-1148.882	1098.269	32.153	-1172.692	1024.794	25.269	-1100.976	935.316	22.301	-780.046	956.52	27.31	-883.585
1904	9.515	927.544	1692.887	-993.673	935.727	1410.609	-818.01	1093.845	1399.105	-1090.598	902.157	1359.02	-1019.445	805.028	912.184	-931.508	927.609	931.705	-1133.715	1009.249	964.205	-952.87	1003.54	475.021	-1165.491	948.437	454.62	-1065.424	848.759	476.256	-847.913	886.155	456.927	-949.835	907.225	103.157	-808.391	726.937	56.444	-869.019	1104.903	34.328	-1104.184	990.243	103.142	-1115.213	1060.63	104.91	-1173.95	786.918	45.286	-907.845	793.457	46.358	-802.795	1001.366	31.437	-814.576	927.216	104.553	-894.49	831.386	388.303	-837.081	829.51	307.661	-819.088	875.925	54.634	-1277.325	899.986	44.525	-1205.377	986.493	37.475	-1275.015	791.515	613.404	-878.354	792.963	696.052	-874.616	837.167	692.384	-829.141	1031.488	656.69	-1155.44	976.938	648.131	-1188.729	977.912	565.126	-1181.809	987.929	390.306	-1204.673	1003.348	304.026	-1210.297	1047.135	399.396	-1181.401	883.699	395.966	-801.117	885.521	309.838	-784.722	1062.443	317.351	-1187.184	837.559	605.397	-832.63	1031.279	568.3	-1148.87	1098.275	32.143	-1172.681	1024.795	25.251	-1100.983	935.321	22.319	-780.072	956.489	27.322	-883.608
1905	9.52	927.553	1692.897	-993.632	935.742	1410.608	-817.995	1093.828	1399.12	-1090.605	902.174	1359.035	-1019.43	805.035	912.162	-931.485	927.608	931.699	-1133.723	1009.28	964.229	-952.898	1003.552	475.02	-1165.466	948.493	454.628	-1065.388	848.683	476.233	-847.969	886.186	456.941	-949.811	906.99	102.768	-808.652	726.959	56.452	-869.017	1104.93	34.301	-1104.184	990.243	103.171	-1115.239	1060.622	104.773	-1173.998	786.909	45.287	-907.834	793.464	46.368	-802.804	1001.387	31.447	-814.568	927.18	104.586	-894.512	831.392	388.294	-837.051	829.498	307.678	-819.093	875.896	54.65	-1277.341	900.003	44.535	-1205.379	986.487	37.434	-1275.027	791.55	613.39	-878.35	792.969	696.056	-874.614	837.182	692.375	-829.172	1031.504	656.653	-1155.439	976.937	648.109	-1188.733	977.912	565.117	-1181.791	987.961	390.299	-1204.69	1003.359	304.033	-1210.275	1047.137	399.399	-1181.435	883.681	395.98	-801.126	885.546	309.832	-784.705	1062.454	317.366	-1187.177	837.541	605.426	-832.617	1031.281	568.311	-1148.904	1098.287	32.119	-1172.653	1024.793	25.255	-1100.998	935.321	22.315	-780.065	956.5	27.302	-883.625
1906	9.525	927.559	1692.911	-993.584	935.734	1410.615	-817.988	1093.862	1399.125	-1090.586	902.177	1359.039	-1019.414	805.046	912.171	-931.504	927.604	931.732	-1133.729	1009.307	964.237	-952.873	1003.564	475.036	-1165.491	948.462	454.646	-1065.412	848.657	476.218	-848.028	886.093	456.934	-949.858	907.021	102.765	-808.624	726.929	56.448	-869.023	1104.913	34.298	-1104.187	990.217	103.18	-1115.226	1060.73	104.923	-1173.901	786.896	45.267	-907.815	793.479	46.344	-802.802	1001.36	31.444	-814.567	927.21	104.551	-894.496	831.397	388.264	-837.074	829.519	307.67	-819.101	875.88	54.685	-1277.358	900.003	44.509	-1205.371	986.486	37.435	-1275.026	791.523	613.397	-878.37	792.951	696.056	-874.617	837.181	692.387	-829.172	1031.509	656.656	-1155.451	976.942	648.111	-1188.736	977.898	565.129	-1181.798	987.968	390.308	-1204.696	1003.36	304.05	-1210.303	1047.139	399.406	-1181.425	883.697	395.968	-801.13	885.497	309.795	-784.736	1062.457	317.307	-1187.149	837.525	605.43	-832.632	1031.297	568.291	-1148.892	1098.301	32.16	-1172.68	1024.769	25.264	-1101.025	935.338	22.329	-780.044	956.51	27.281	-883.589
1907	9.53	927.565	1692.902	-993.563	935.734	1410.627	-817.977	1093.849	1399.143	-1090.576	902.186	1359.048	-1019.409	805.062	912.187	-931.507	927.631	931.715	-1133.744	1009.323	964.228	-952.909	1003.555	475.04	-1165.507	948.491	454.626	-1065.411	848.603	476.166	-848.092	886.147	456.974	-949.874	907.232	103.189	-808.374	726.934	56.427	-869.025	1104.902	34.309	-1104.182	990.234	103.134	-1115.218	1060.723	104.856	-1173.893	786.923	45.285	-907.823	793.483	46.353	-802.798	1001.343	31.454	-814.57	927.212	104.522	-894.51	831.373	388.329	-837.085	829.509	307.654	-819.113	875.931	54.646	-1277.341	900.03	44.476	-1205.346	986.504	37.445	-1275.032	791.549	613.335	-878.368	792.972	696.036	-874.619	837.202	692.362	-829.187	1031.507	656.641	-1155.46	976.942	648.138	-1188.773	977.912	565.128	-1181.819	987.969	390.305	-1204.691	1003.37	304.03	-1210.29	1047.126	399.407	-1181.431	883.712	395.963	-801.154	885.523	309.827	-784.722	1062.459	317.36	-1187.17	837.534	605.463	-832.674	1031.297	568.271	-1148.91	1098.293	32.151	-1172.683	1024.8	25.283	-1100.98	935.319	22.322	-780.021	956.48	27.344	-883.62
1908	9.535	927.556	1692.924	-993.536	935.747	1410.597	-817.987	1093.856	1399.166	-1090.577	902.187	1359.041	-1019.393	805.058	912.183	-931.51	927.647	931.698	-1133.725	1009.36	964.234	-952.871	1003.551	475.018	-1165.488	948.476	454.636	-1065.409	848.573	476.191	-848.113	886.137	456.956	-949.869	907.022	102.813	-808.638	726.945	56.431	-869.007	1104.95	34.3	-1104.164	990.255	103.113	-1115.235	1060.709	104.83	-1173.917	786.91	45.286	-907.846	793.487	46.326	-802.799	1001.37	31.457	-814.57	927.167	104.54	-894.464	831.417	388.317	-837.094	829.525	307.656	-819.115	875.906	54.664	-1277.355	899.999	44.56	-1205.383	986.481	37.449	-1275.022	791.551	613.345	-878.36	792.968	696.078	-874.636	837.19	692.376	-829.2	1031.514	656.653	-1155.444	976.937	648.109	-1188.733	977.931	565.142	-1181.809	987.967	390.282	-1204.694	1003.361	303.997	-1210.292	1047.143	399.396	-1181.447	883.705	395.973	-801.135	885.555	309.842	-784.734	1062.468	317.389	-1187.196	837.528	605.502	-832.686	1031.303	568.309	-1148.915	1098.275	32.171	-1172.68	1024.815	25.285	-1100.962	935.328	22.265	-780.084	956.514	27.313	-883.605
1909	9.54	927.568	1692.917	-993.519	935.753	1410.625	-817.983	1093.861	1399.184	-1090.576	902.171	1359.033	-1019.385	805.083	912.176	-931.542	927.664	931.687	-1133.72	1009.366	964.228	-952.872	1003.562	475.015	-1165.494	948.47	454.659	-1065.412	848.56	476.183	-848.158	886.125	456.921	-949.851	907.018	102.781	-808.627	726.963	56.421	-869.034	1104.93	34.293	-1104.153	990.245	103.126	-1115.234	1060.658	104.91	-1173.981	786.917	45.268	-907.825	793.472	46.359	-802.804	1001.347	31.419	-814.555	927.152	104.574	-894.494	831.422	388.336	-837.111	829.496	307.691	-819.137	875.898	54.682	-1277.356	900.029	44.515	-1205.371	986.498	37.463	-1275.018	791.569	613.343	-878.35	792.979	696.048	-874.624	837.182	692.386	-829.2	1031.539	656.678	-1155.449	976.96	648.123	-1188.76	977.934	565.106	-1181.817	987.964	390.28	-1204.699	1003.366	303.988	-1210.301	1047.144	399.387	-1181.434	883.671	395.956	-801.143	885.517	309.836	-784.731	1062.487	317.352	-1187.18	837.518	605.489	-832.691	1031.297	568.286	-1148.909	1098.286	32.14	-1172.647	1024.806	25.28	-1100.97	935.337	22.287	-780.081	956.493	27.309	-883.602
1910	9.545	927.588	1692.909	-993.476	935.744	1410.617	-817.947	1093.864	1399.166	-1090.55	902.19	1359.015	-1019.361	805.08	912.188	-931.525	927.664	931.719	-1133.737	1009.411	964.231	-952.916	1003.564	475.025	-1165.495	948.481	454.649	-1065.424	848.561	476.221	-848.236	886.202	456.943	-949.861	907.026	102.759	-808.637	726.946	56.446	-869.025	1104.935	34.296	-1104.209	990.251	103.166	-1115.2	1060.819	104.953	-1173.878	786.914	45.285	-907.868	793.481	46.356	-802.809	1001.374	31.424	-814.571	927.207	104.598	-894.456	831.438	388.315	-837.072	829.526	307.69	-819.13	875.867	54.682	-1277.365	900.017	44.518	-1205.366	986.487	37.449	-1275.016	791.59	613.305	-878.36	792.989	696.044	-874.619	837.215	692.348	-829.222	1031.531	656.649	-1155.447	976.966	648.137	-1188.763	977.932	565.15	-1181.822	987.978	390.286	-1204.686	1003.36	303.994	-1210.29	1047.162	399.404	-1181.447	883.712	396.008	-801.155	885.526	309.821	-784.743	1062.475	317.344	-1187.18	837.534	605.515	-832.749	1031.315	568.327	-1148.915	1098.287	32.119	-1172.671	1024.776	25.284	-1100.979	935.303	22.26	-780.075	956.487	27.292	-883.573
1911	9.55	927.607	1692.893	-993.415	935.756	1410.589	-817.928	1093.861	1399.178	-1090.558	902.22	1359.03	-1019.356	805.089	912.177	-931.522	927.688	931.713	-1133.746	1009.391	964.203	-952.909	1003.562	475.012	-1165.496	948.487	454.651	-1065.443	848.571	476.221	-848.213	886.199	456.935	-949.843	907.014	102.765	-808.65	726.946	56.424	-869.041	1104.93	34.277	-1104.183	990.237	103.154	-1115.219	1060.654	104.877	-1173.977	786.916	45.313	-907.84	793.478	46.369	-802.805	1001.368	31.46	-814.541	927.213	104.556	-894.481	831.435	388.297	-837.098	829.536	307.662	-819.119	875.916	54.646	-1277.35	900.01	44.527	-1205.374	986.488	37.457	-1275.033	791.639	613.277	-878.376	792.997	696.049	-874.635	837.245	692.367	-829.23	1031.545	656.695	-1155.458	976.962	648.138	-1188.759	977.939	565.131	-1181.836	987.968	390.291	-1204.712	1003.358	304.018	-1210.324	1047.143	399.37	-1181.42	883.736	395.981	-801.16	885.519	309.843	-784.748	1062.467	317.341	-1187.171	837.53	605.566	-832.768	1031.3	568.3	-1148.897	1098.287	32.142	-1172.69	1024.779	25.272	-1100.98	935.309	22.267	-780.073	956.503	27.306	-883.578
1912	9.555	927.606	1692.925	-993.413	935.755	1410.598	-817.942	1093.857	1399.202	-1090.577	902.244	1359.056	-1019.362	805.105	912.17	-931.537	927.691	931.705	-1133.738	1009.353	964.209	-952.901	1003.567	475.006	-1165.498	948.477	454.658	-1065.424	848.532	476.218	-848.259	886.209	456.925	-949.866	907.03	102.764	-808.619	726.945	56.463	-869.025	1104.923	34.306	-1104.18	990.228	103.199	-1115.29	1060.674	104.871	-1174	786.916	45.283	-907.828	793.486	46.359	-802.812	1001.361	31.42	-814.546	927.219	104.584	-894.488	831.445	388.315	-837.076	829.548	307.663	-819.119	875.896	54.644	-1277.345	900.009	44.526	-1205.408	986.497	37.433	-1275.017	791.642	613.265	-878.359	793.006	696.064	-874.646	837.259	692.396	-829.204	1031.554	656.688	-1155.458	976.984	648.124	-1188.751	977.963	565.112	-1181.838	987.976	390.302	-1204.707	1003.383	304.002	-1210.318	1047.178	399.38	-1181.444	883.739	395.983	-801.156	885.565	309.862	-784.731	1062.465	317.328	-1187.182	837.68	606.175	-832.801	1031.326	568.301	-1148.924	1098.309	32.152	-1172.678	1024.797	25.278	-1100.969	935.295	22.316	-780.041	956.48	27.286	-883.591
1913	9.56	927.615	1692.907	-993.358	935.788	1410.599	-817.909	1093.854	1399.221	-1090.567	902.207	1359.029	-1019.34	805.124	912.184	-931.562	927.714	931.72	-1133.764	1009.391	964.203	-952.909	1003.586	475.016	-1165.493	948.519	454.64	-1065.439	848.584	476.235	-848.239	886.232	456.92	-949.862	907.265	103.174	-808.39	726.977	56.444	-869.029	1104.918	34.308	-1104.175	990.255	103.179	-1115.253	1060.721	104.974	-1173.918	786.937	45.274	-907.832	793.468	46.36	-802.801	1001.408	31.454	-814.55	927.223	104.542	-894.491	831.449	388.298	-837.093	829.541	307.673	-819.146	875.911	54.691	-1277.382	900.029	44.531	-1205.376	986.499	37.45	-1275.015	791.646	613.233	-878.365	793.028	696.056	-874.648	837.311	692.368	-829.242	1031.564	656.66	-1155.463	977.011	648.132	-1188.775	977.975	565.092	-1181.832	987.989	390.28	-1204.691	1003.39	304.039	-1210.326	1047.154	399.369	-1181.454	883.758	395.965	-801.166	885.587	309.866	-784.74	1062.471	317.39	-1187.222	837.724	606.242	-832.793	1031.318	568.302	-1148.917	1098.31	32.128	-1172.691	1024.803	25.297	-1100.966	935.338	22.292	-780.057	956.52	27.3	-883.592
1914	9.565	927.618	1692.905	-993.323	935.783	1410.606	-817.899	1093.837	1399.234	-1090.571	902.219	1359.072	-1019.342	805.126	912.231	-931.583	927.721	931.739	-1133.76	1009.411	964.215	-952.892	1003.587	475.047	-1165.526	948.528	454.638	-1065.429	848.606	476.22	-848.261	886.22	456.966	-949.867	907.051	102.791	-808.634	726.965	56.464	-869.024	1104.935	34.306	-1104.189	990.223	103.25	-1115.26	1060.692	104.85	-1173.964	786.918	45.274	-907.813	793.474	46.37	-802.8	1001.357	31.461	-814.565	927.206	104.537	-894.459	831.457	388.312	-837.103	829.552	307.707	-819.131	875.939	54.664	-1277.348	900.026	44.55	-1205.398	986.482	37.437	-1275.036	791.665	613.214	-878.333	793.051	696.064	-874.63	837.275	692.42	-829.224	1031.583	656.651	-1155.444	977.015	648.141	-1188.795	977.991	565.118	-1181.842	988.009	390.275	-1204.701	1003.376	304.047	-1210.32	1047.189	399.388	-1181.457	883.793	395.977	-801.165	885.558	309.847	-784.756	1062.485	317.334	-1187.198	837.731	606.221	-832.84	1031.351	568.296	-1148.915	1098.268	32.151	-1172.686	1024.812	25.282	-1100.968	935.344	22.239	-780.095	956.501	27.304	-883.605
1915	9.57	927.615	1692.893	-993.322	935.803	1410.591	-817.879	1093.857	1399.237	-1090.538	902.208	1359.037	-1019.315	805.155	912.185	-931.554	927.738	931.751	-1133.775	1009.446	964.234	-952.902	1003.616	475.019	-1165.505	948.534	454.653	-1065.406	848.581	476.229	-848.285	886.229	456.954	-949.855	907.025	102.764	-808.628	726.959	56.436	-869.035	1104.93	34.289	-1104.172	990.259	103.234	-1115.233	1060.579	104.775	-1174.009	786.926	45.324	-907.808	793.488	46.388	-802.796	1001.383	31.41	-814.593	927.202	104.537	-894.478	831.465	388.282	-837.09	829.583	307.678	-819.126	875.893	54.694	-1277.358	900.013	44.546	-1205.399	986.491	37.46	-1275.027	791.76	613.058	-878.264	793.078	696.074	-874.637	837.347	692.436	-829.225	1031.609	656.646	-1155.467	977.029	648.166	-1188.795	978.02	565.134	-1181.846	988.025	390.309	-1204.725	1003.414	304.024	-1210.301	1047.197	399.381	-1181.461	883.821	396.002	-801.148	885.59	309.871	-784.741	1062.501	317.349	-1187.219	837.749	606.224	-832.806	1031.351	568.296	-1148.924	1098.281	32.145	-1172.69	1024.793	25.265	-1100.979	935.353	22.292	-780.044	956.508	27.328	-883.586
1916	9.575	927.615	1692.908	-993.285	935.793	1410.589	-817.856	1093.838	1399.265	-1090.527	902.259	1359.061	-1019.307	805.151	912.208	-931.572	927.738	931.737	-1133.773	1009.433	964.212	-952.939	1003.643	475.039	-1165.51	948.546	454.667	-1065.404	848.599	476.252	-848.275	886.223	456.933	-949.874	907.024	102.785	-808.633	726.958	56.468	-869.014	1104.942	34.284	-1104.17	990.223	103.25	-1115.26	1060.782	104.943	-1173.87	786.921	45.3	-907.832	793.502	46.357	-802.794	1001.397	31.442	-814.548	927.271	104.571	-894.46	831.463	388.331	-837.119	829.591	307.708	-819.124	875.926	54.671	-1277.356	900.02	44.574	-1205.396	986.501	37.446	-1275.03	791.796	612.994	-878.232	793.076	696.079	-874.623	837.363	692.408	-829.233	1031.621	656.67	-1155.451	977.067	648.148	-1188.787	978.02	565.122	-1181.818	988.036	390.288	-1204.702	1003.442	303.999	-1210.296	1047.191	399.424	-1181.473	883.812	396.02	-801.157	885.594	309.887	-784.713	1062.525	317.362	-1187.212	837.739	606.262	-832.827	1031.37	568.317	-1148.922	1098.309	32.134	-1172.69	1024.788	25.253	-1100.981	935.345	22.295	-780.072	956.512	27.306	-883.594
1917	9.58	927.618	1692.898	-993.256	935.768	1410.59	-817.875	1093.852	1399.268	-1090.547	902.231	1359.038	-1019.285	805.164	912.22	-931.593	927.752	931.743	-1133.766	1009.46	964.203	-952.922	1003.66	475.036	-1165.501	948.558	454.667	-1065.433	848.663	476.259	-848.217	886.306	456.944	-949.846	907.28	103.176	-808.375	726.959	56.452	-869.004	1104.926	34.303	-1104.182	990.251	103.232	-1115.253	1060.679	104.789	-1173.961	786.935	45.304	-907.83	793.474	46.37	-802.813	1001.368	31.447	-814.547	927.224	104.565	-894.464	831.511	388.328	-837.086	829.599	307.692	-819.094	875.904	54.73	-1277.383	900.022	44.547	-1205.416	986.535	37.493	-1275.015	791.837	612.974	-878.217	793.108	696.083	-874.635	837.383	692.46	-829.204	1031.635	656.676	-1155.444	977.068	648.153	-1188.78	978.06	565.099	-1181.819	988.054	390.287	-1204.691	1003.439	304.065	-1210.321	1047.227	399.387	-1181.448	883.815	395.978	-801.146	885.602	309.855	-784.751	1062.523	317.374	-1187.174	837.913	605.302	-833.015	1031.355	568.312	-1148.914	1098.324	32.1	-1172.682	1024.786	25.305	-1100.973	935.323	22.287	-780.042	956.509	27.289	-883.609
1918	9.585	927.608	1692.909	-993.234	935.797	1410.584	-817.855	1093.864	1399.266	-1090.498	902.238	1359.057	-1019.273	805.174	912.224	-931.576	927.749	931.735	-1133.745	1009.43	964.224	-952.93	1003.651	475.059	-1165.508	948.598	454.652	-1065.426	848.677	476.269	-848.214	886.263	456.934	-949.864	907.284	103.155	-808.365	726.969	56.478	-869.012	1104.95	34.274	-1104.173	990.245	103.15	-1115.199	1060.664	104.763	-1173.985	786.919	45.327	-907.839	793.484	46.354	-802.813	1001.382	31.455	-814.559	927.233	104.556	-894.466	831.488	388.342	-837.074	829.605	307.675	-819.093	875.897	54.674	-1277.356	900.034	44.535	-1205.392	986.487	37.469	-1275.024	791.831	612.963	-878.203	793.109	696.078	-874.6	837.344	692.445	-829.227	1031.63	656.646	-1155.439	977.082	648.154	-1188.787	978.053	565.096	-1181.832	988.065	390.296	-1204.706	1003.452	304.031	-1210.306	1047.225	399.387	-1181.435	883.867	395.984	-801.152	885.605	309.878	-784.734	1062.54	317.325	-1187.17	837.568	605.834	-832.9	1031.41	568.363	-1148.918	1098.332	32.106	-1172.687	1024.797	25.27	-1100.977	935.303	22.275	-780.062	956.518	27.336	-883.611
1919	9.59	927.599	1692.893	-993.198	935.822	1410.563	-817.826	1093.847	1399.248	-1090.523	902.247	1359.064	-1019.255	805.176	912.182	-931.574	927.756	931.74	-1133.767	1009.451	964.178	-952.973	1003.676	475.012	-1165.485	948.564	454.634	-1065.426	848.662	476.248	-848.226	886.305	456.941	-949.81	907.049	102.779	-808.641	726.967	56.461	-869.009	1104.943	34.264	-1104.182	990.245	103.188	-1115.241	1060.765	104.936	-1173.88	786.92	45.31	-907.808	793.46	46.37	-802.803	1001.378	31.428	-814.539	927.218	104.548	-894.457	831.537	388.311	-837.045	829.596	307.709	-819.095	875.89	54.668	-1277.344	900.042	44.517	-1205.383	986.525	37.446	-1275.025	791.871	612.909	-878.2	793.126	696.074	-874.609	837.384	692.436	-829.205	1031.633	656.659	-1155.445	977.073	648.17	-1188.809	978.058	565.101	-1181.819	988.073	390.303	-1204.693	1003.488	304.019	-1210.295	1047.263	399.391	-1181.416	883.858	395.984	-801.151	885.623	309.822	-784.731	1062.553	317.327	-1187.134	837.524	605.964	-832.928	1031.405	568.32	-1148.867	1098.318	32.107	-1172.685	1024.784	25.27	-1100.986	935.316	22.269	-780.089	956.509	27.271	-883.586
1920	9.595	927.62	1692.908	-993.156	935.827	1410.571	-817.82	1093.856	1399.257	-1090.502	902.251	1359.086	-1019.223	805.206	912.182	-931.582	927.773	931.713	-1133.764	1009.469	964.204	-952.947	1003.684	475.033	-1165.488	948.595	454.632	-1065.431	848.664	476.237	-848.261	886.263	456.899	-949.836	907.238	103.149	-808.379	726.939	56.49	-868.999	1104.926	34.28	-1104.171	990.264	103.175	-1115.234	1060.766	104.721	-1173.887	786.922	45.293	-907.827	793.469	46.333	-802.823	1001.374	31.433	-814.538	927.239	104.539	-894.444	831.51	388.321	-837.074	829.63	307.687	-819.108	875.904	54.698	-1277.368	900.032	44.524	-1205.408	986.499	37.453	-1275.019	791.888	612.897	-878.177	793.121	696.065	-874.602	837.405	692.407	-829.23	1031.662	656.635	-1155.454	977.094	648.142	-1188.795	978.081	565.095	-1181.828	988.093	390.282	-1204.682	1003.48	304.004	-1210.297	1047.259	399.399	-1181.437	883.863	395.983	-801.147	885.62	309.859	-784.737	1062.553	317.329	-1187.163	837.481	606.051	-833.023	1031.422	568.379	-1148.929	1098.3	32.135	-1172.683	1024.813	25.305	-1100.96	935.351	22.294	-780.065	956.512	27.315	-883.619
1921	9.6	927.597	1692.927	-993.147	935.828	1410.555	-817.796	1093.869	1399.267	-1090.473	902.252	1359.075	-1019.211	805.216	912.174	-931.563	927.792	931.71	-1133.741	1009.469	964.189	-952.968	1003.686	475.017	-1165.472	948.566	454.672	-1065.429	848.633	476.228	-848.264	886.287	456.943	-949.861	907.04	102.786	-808.605	726.975	56.459	-869.001	1104.944	34.271	-1104.19	990.274	103.187	-1115.265	1060.707	104.868	-1173.938	786.927	45.289	-907.8	793.494	46.325	-802.789	1001.36	31.447	-814.527	927.196	104.562	-894.44	831.498	388.333	-837.071	829.601	307.696	-819.09	875.883	54.697	-1277.369	900.013	44.535	-1205.414	986.459	37.432	-1275.006	791.916	612.892	-878.164	793.122	696.083	-874.606	837.418	692.404	-829.249	1031.655	656.657	-1155.461	977.115	648.125	-1188.781	978.078	565.1	-1181.826	988.1	390.282	-1204.702	1003.49	304.01	-1210.307	1047.243	399.399	-1181.43	883.85	395.976	-801.136	885.64	309.838	-784.757	1062.569	317.327	-1187.161	837.433	606.193	-833.018	1031.404	568.294	-1148.889	1098.293	32.123	-1172.676	1024.777	25.281	-1100.996	935.324	22.31	-780.063	956.51	27.306	-883.618
1922	9.605	927.588	1692.916	-993.135	935.843	1410.547	-817.796	1093.862	1399.281	-1090.465	902.239	1359.096	-1019.231	805.236	912.212	-931.573	927.8	931.731	-1133.737	1009.481	964.233	-952.928	1003.698	475.028	-1165.483	948.596	454.651	-1065.438	848.662	476.233	-848.249	886.297	456.934	-949.859	907.047	102.754	-808.61	726.952	56.491	-868.99	1104.939	34.291	-1104.181	990.292	103.109	-1115.244	1060.658	104.749	-1173.967	786.921	45.272	-907.827	793.461	46.329	-802.803	1001.38	31.456	-814.559	927.266	104.567	-894.445	831.501	388.304	-837.06	829.598	307.725	-819.102	875.891	54.716	-1277.361	900.005	44.547	-1205.388	986.498	37.42	-1274.998	791.917	612.857	-878.146	793.161	696.067	-874.622	837.423	692.423	-829.219	1031.666	656.667	-1155.467	977.111	648.131	-1188.783	978.1	565.106	-1181.84	988.089	390.305	-1204.706	1003.48	304.026	-1210.29	1047.256	399.371	-1181.413	883.847	395.978	-801.145	885.629	309.836	-784.731	1062.571	317.286	-1187.155	837.431	606.302	-833.044	1031.44	568.284	-1148.894	1098.292	32.131	-1172.696	1024.79	25.26	-1100.997	935.318	22.267	-780.054	956.502	27.257	-883.572
1923	9.61	927.569	1692.905	-993.073	935.847	1410.55	-817.803	1093.874	1399.288	-1090.454	902.273	1359.09	-1019.225	805.257	912.185	-931.576	927.799	931.74	-1133.764	1009.518	964.208	-952.944	1003.69	475.02	-1165.514	948.604	454.661	-1065.438	848.686	476.231	-848.236	886.306	456.949	-949.855	907.077	102.81	-808.609	726.959	56.461	-869.005	1104.915	34.289	-1104.189	990.24	103.197	-1115.262	1060.758	104.916	-1173.932	786.921	45.296	-907.837	793.485	46.318	-802.815	1001.36	31.405	-814.584	927.288	104.599	-894.452	831.559	388.318	-837.048	829.633	307.712	-819.09	875.876	54.715	-1277.366	900.027	44.528	-1205.383	986.504	37.424	-1275.016	791.941	612.865	-878.148	793.163	696.07	-874.605	837.415	692.445	-829.206	1031.677	656.664	-1155.485	977.103	648.158	-1188.812	978.089	565.096	-1181.845	988.103	390.287	-1204.708	1003.49	304.014	-1210.283	1047.263	399.379	-1181.443	883.858	395.967	-801.129	885.682	309.85	-784.72	1062.579	317.315	-1187.18	837.387	606.38	-833.071	1031.415	568.315	-1148.95	1098.288	32.117	-1172.683	1024.802	25.282	-1100.996	935.304	22.315	-780.05	956.503	27.281	-883.6
1924	9.615	927.567	1692.926	-993.058	935.855	1410.536	-817.728	1093.865	1399.3	-1090.46	902.27	1359.095	-1019.19	805.268	912.195	-931.569	927.804	931.743	-1133.752	1009.532	964.21	-952.971	1003.704	475.012	-1165.49	948.604	454.674	-1065.418	848.705	476.242	-848.208	886.274	456.939	-949.863	907.037	102.788	-808.613	726.954	56.455	-869.003	1104.938	34.282	-1104.197	990.241	103.237	-1115.264	1060.801	105.028	-1173.905	786.922	45.278	-907.811	793.479	46.369	-802.786	1001.374	31.443	-814.555	927.262	104.582	-894.455	831.523	388.329	-837.093	829.644	307.725	-819.087	875.89	54.647	-1277.342	900.064	44.526	-1205.378	986.498	37.463	-1275.018	791.947	612.869	-878.148	793.188	696.086	-874.605	837.452	692.418	-829.218	1031.695	656.65	-1155.486	977.088	648.145	-1188.802	978.069	565.12	-1181.843	988.101	390.284	-1204.713	1003.498	303.994	-1210.288	1047.256	399.361	-1181.449	883.861	395.996	-801.158	885.667	309.847	-784.73	1062.559	317.33	-1187.186	837.357	606.413	-833.078	1031.431	568.354	-1148.955	1098.309	32.11	-1172.656	1024.795	25.271	-1101.004	935.31	22.276	-780.059	956.501	27.329	-883.608
1925	9.62	927.557	1692.916	-992.994	935.856	1410.565	-817.749	1093.872	1399.296	-1090.449	902.293	1359.145	-1019.193	805.286	912.213	-931.555	927.819	931.756	-1133.766	1009.576	964.243	-952.961	1003.717	475.014	-1165.494	948.618	454.655	-1065.485	848.725	476.244	-848.237	886.274	456.931	-949.844	907.272	103.204	-808.351	726.955	56.484	-868.987	1104.922	34.288	-1104.172	990.253	103.209	-1115.264	1060.688	104.818	-1173.96	786.917	45.324	-907.831	793.478	46.359	-802.804	1001.37	31.452	-814.546	927.271	104.621	-894.4	831.548	388.31	-837.083	829.626	307.723	-819.098	875.86	54.711	-1277.359	900.049	44.566	-1205.41	986.479	37.468	-1275.002	791.94	612.899	-878.154	793.19	696.081	-874.632	837.47	692.429	-829.243	1031.688	656.676	-1155.491	977.099	648.168	-1188.821	978.071	565.103	-1181.839	988.098	390.291	-1204.724	1003.491	304.011	-1210.301	1047.254	399.383	-1181.46	883.866	395.999	-801.136	885.62	309.828	-784.755	1062.582	317.327	-1187.165	837.359	606.501	-833.091	1031.436	568.326	-1148.936	1098.287	32.089	-1172.682	1024.813	25.267	-1100.998	935.322	22.236	-780.104	956.488	27.286	-883.602
1926	9.625	927.547	1692.924	-992.985	935.839	1410.533	-817.721	1093.868	1399.31	-1090.451	902.279	1359.111	-1019.162	805.294	912.201	-931.562	927.841	931.766	-1133.754	1009.609	964.246	-952.969	1003.697	475.054	-1165.522	948.628	454.684	-1065.459	848.67	476.233	-848.269	886.284	456.971	-949.871	907.285	103.206	-808.359	726.952	56.505	-869	1104.933	34.317	-1104.187	990.261	103.195	-1115.246	1060.585	104.71	-1174.011	786.93	45.303	-907.812	793.471	46.353	-802.787	1001.38	31.44	-814.518	927.258	104.587	-894.435	831.561	388.312	-837.079	829.628	307.732	-819.121	875.887	54.704	-1277.351	900.048	44.55	-1205.408	986.496	37.471	-1275.041	791.943	612.927	-878.166	793.218	696.082	-874.633	837.461	692.438	-829.232	1031.697	656.681	-1155.492	977.112	648.144	-1188.817	978.066	565.149	-1181.862	988.107	390.31	-1204.723	1003.466	304	-1210.306	1047.266	399.385	-1181.449	883.867	395.99	-801.145	885.657	309.825	-784.743	1062.57	317.331	-1187.194	837.323	606.442	-833.141	1031.446	568.302	-1148.97	1098.285	32.12	-1172.709	1024.815	25.279	-1100.989	935.317	22.301	-780.036	956.514	27.323	-883.602
1927	9.63	927.53	1692.928	-992.955	935.863	1410.501	-817.734	1093.892	1399.331	-1090.434	902.29	1359.118	-1019.162	805.315	912.223	-931.571	927.861	931.758	-1133.761	1009.608	964.238	-952.954	1003.71	475.022	-1165.537	948.605	454.66	-1065.449	848.681	476.227	-848.27	886.285	456.962	-949.852	907.045	102.803	-808.601	726.953	56.465	-869.014	1104.932	34.283	-1104.161	990.243	103.142	-1115.225	1060.778	104.945	-1173.905	786.937	45.312	-907.816	793.48	46.369	-802.79	1001.362	31.38	-814.564	927.291	104.581	-894.439	831.539	388.292	-837.066	829.633	307.718	-819.122	875.873	54.702	-1277.372	900.045	44.547	-1205.384	986.499	37.452	-1275.017	791.943	612.892	-878.167	793.217	696.094	-874.62	837.485	692.428	-829.242	1031.703	656.637	-1155.505	977.1	648.14	-1188.798	978.093	565.132	-1181.872	988.07	390.347	-1204.725	1003.477	304.02	-1210.323	1047.265	399.376	-1181.459	883.874	395.983	-801.161	885.664	309.838	-784.749	1062.567	317.352	-1187.219	837.311	606.496	-833.141	1031.455	568.332	-1149	1098.295	32.111	-1172.708	1024.792	25.275	-1100.985	935.313	22.283	-780.066	956.491	27.292	-883.575
1928	9.635	927.518	1692.929	-992.919	935.839	1410.504	-817.704	1093.87	1399.337	-1090.41	902.278	1359.127	-1019.136	805.353	912.211	-931.553	927.883	931.768	-1133.745	1009.57	964.231	-952.944	1003.704	475.019	-1165.52	948.656	454.648	-1065.453	848.726	476.238	-848.243	886.276	456.934	-949.879	907.264	103.169	-808.369	726.947	56.479	-869.021	1104.926	34.299	-1104.18	990.242	103.232	-1115.286	1060.65	104.818	-1173.937	786.921	45.308	-907.814	793.474	46.364	-802.791	1001.382	31.426	-814.551	927.26	104.554	-894.459	831.544	388.295	-837.107	829.63	307.699	-819.123	875.873	54.696	-1277.348	900.022	44.525	-1205.404	986.491	37.438	-1275.024	791.954	612.912	-878.17	793.225	696.102	-874.632	837.479	692.461	-829.231	1031.682	656.687	-1155.485	977.1	648.166	-1188.824	978.08	565.191	-1181.891	988.106	390.286	-1204.719	1003.483	303.998	-1210.31	1047.26	399.389	-1181.483	883.883	395.994	-801.173	885.656	309.839	-784.758	1062.564	317.356	-1187.189	837.311	606.486	-833.137	1031.432	568.295	-1148.959	1098.29	32.131	-1172.691	1024.776	25.287	-1101.027	935.345	22.288	-780.048	956.482	27.278	-883.573
1929	9.64	927.527	1692.925	-992.898	935.851	1410.505	-817.699	1093.875	1399.351	-1090.4	902.275	1359.138	-1019.144	805.345	912.222	-931.554	927.879	931.78	-1133.782	1009.586	964.197	-952.946	1003.692	475.044	-1165.536	948.618	454.667	-1065.45	848.699	476.236	-848.241	886.277	456.952	-949.864	907.003	102.77	-808.643	726.949	56.467	-869.002	1104.935	34.302	-1104.166	990.234	103.179	-1115.271	1060.701	104.844	-1173.925	786.913	45.328	-907.811	793.462	46.391	-802.784	1001.364	31.42	-814.536	927.234	104.577	-894.442	831.513	388.304	-837.095	829.617	307.721	-819.125	875.881	54.688	-1277.347	900.038	44.522	-1205.37	986.512	37.451	-1275.022	791.96	612.907	-878.188	793.203	696.083	-874.617	837.479	692.432	-829.222	1031.712	656.666	-1155.49	977.098	648.139	-1188.811	978.092	565.125	-1181.878	988.088	390.302	-1204.73	1003.485	304.022	-1210.32	1047.251	399.383	-1181.474	883.888	396.005	-801.168	885.612	309.854	-784.766	1062.57	317.3	-1187.183	837.309	606.501	-833.146	1031.462	568.357	-1148.981	1098.293	32.119	-1172.696	1024.803	25.249	-1101.017	935.335	22.276	-780.078	956.482	27.34	-883.599
1930	9.645	927.518	1692.925	-992.874	935.858	1410.534	-817.68	1093.863	1399.358	-1090.414	902.261	1359.145	-1019.12	805.367	912.206	-931.514	927.889	931.77	-1133.772	1009.607	964.215	-952.943	1003.7	474.997	-1165.522	948.622	454.672	-1065.448	848.687	476.199	-848.239	886.255	456.915	-949.883	907.019	102.777	-808.624	726.961	56.467	-868.998	1104.915	34.294	-1104.173	990.263	103.176	-1115.24	1060.629	104.841	-1174.038	786.927	45.309	-907.802	793.486	46.371	-802.784	1001.351	31.453	-814.525	927.256	104.553	-894.478	831.553	388.308	-837.098	829.625	307.688	-819.126	875.886	54.682	-1277.35	900.02	44.5	-1205.386	986.497	37.505	-1275.025	791.967	612.893	-878.199	793.22	696.068	-874.624	837.508	692.45	-829.248	1031.705	656.674	-1155.517	977.132	648.167	-1188.82	978.077	565.131	-1181.867	988.094	390.305	-1204.735	1003.474	303.993	-1210.298	1047.269	399.384	-1181.461	883.865	395.98	-801.166	885.635	309.836	-784.751	1062.584	317.361	-1187.205	837.265	606.46	-833.19	1031.47	568.298	-1148.978	1098.268	32.144	-1172.7	1024.786	25.255	-1100.979	935.334	22.258	-780.065	956.492	27.287	-883.585
1931	9.65	927.505	1692.909	-992.823	935.849	1410.498	-817.675	1093.858	1399.37	-1090.417	902.271	1359.142	-1019.131	805.373	912.209	-931.531	927.899	931.767	-1133.742	1009.629	964.226	-952.935	1003.707	475.016	-1165.541	948.634	454.646	-1065.457	848.733	476.203	-848.197	886.256	456.915	-949.883	907.28	103.166	-808.359	726.939	56.469	-868.992	1104.933	34.259	-1104.163	990.297	103.135	-1115.215	1060.563	104.679	-1174.019	786.921	45.266	-907.817	793.482	46.36	-802.785	1001.349	31.397	-814.559	927.251	104.482	-894.498	831.527	388.298	-837.109	829.627	307.677	-819.129	875.91	54.643	-1277.343	900.021	44.521	-1205.389	986.485	37.451	-1275.025	791.965	612.905	-878.181	793.224	696.072	-874.612	837.511	692.414	-829.263	1031.737	656.656	-1155.508	977.124	648.129	-1188.805	978.083	565.123	-1181.874	988.096	390.325	-1204.742	1003.465	303.998	-1210.294	1047.278	399.373	-1181.464	883.9	395.978	-801.171	885.636	309.84	-784.754	1062.576	317.393	-1187.233	837.262	606.466	-833.172	1031.453	568.315	-1148.959	1098.266	32.09	-1172.685	1024.783	25.261	-1101	935.305	22.254	-780.081	956.496	27.309	-883.586
1932	9.655	927.494	1692.894	-992.805	935.864	1410.49	-817.665	1093.848	1399.387	-1090.399	902.269	1359.148	-1019.096	805.372	912.222	-931.534	927.909	931.772	-1133.764	1009.628	964.159	-952.944	1003.738	475.034	-1165.531	948.635	454.639	-1065.458	848.713	476.174	-848.235	886.269	456.918	-949.908	907.026	102.742	-808.654	726.934	56.434	-869.004	1104.916	34.259	-1104.183	990.263	103.194	-1115.252	1060.767	104.873	-1173.917	786.909	45.311	-907.806	793.463	46.372	-802.801	1001.332	31.413	-814.547	927.219	104.548	-894.478	831.546	388.304	-837.083	829.633	307.675	-819.124	875.917	54.665	-1277.344	900.02	44.531	-1205.387	986.52	37.456	-1275.038	791.967	612.921	-878.204	793.236	696.049	-874.602	837.51	692.406	-829.25	1031.734	656.677	-1155.498	977.137	648.175	-1188.828	978.093	565.136	-1181.869	988.118	390.267	-1204.729	1003.481	303.991	-1210.304	1047.274	399.413	-1181.49	883.879	395.964	-801.169	885.659	309.821	-784.761	1062.59	317.317	-1187.188	837.287	606.43	-833.196	1031.503	568.337	-1148.995	1098.293	32.101	-1172.685	1024.781	25.249	-1100.966	935.313	22.242	-780.081	956.478	27.305	-883.586
1933	9.66	927.504	1692.89	-992.774	935.875	1410.516	-817.661	1093.846	1399.416	-1090.403	902.283	1359.139	-1019.09	805.369	912.229	-931.521	927.934	931.776	-1133.761	1009.643	964.218	-952.929	1003.741	475.038	-1165.527	948.667	454.642	-1065.429	848.732	476.223	-848.236	886.236	456.927	-949.905	907.022	102.755	-808.663	726.937	56.478	-869.006	1104.934	34.257	-1104.175	990.255	103.183	-1115.26	1060.678	104.798	-1173.964	786.906	45.304	-907.832	793.478	46.365	-802.794	1001.36	31.406	-814.549	927.224	104.515	-894.493	831.556	388.28	-837.122	829.616	307.699	-819.132	875.918	54.655	-1277.322	900.025	44.563	-1205.382	986.505	37.462	-1275.031	791.966	612.929	-878.21	793.244	696.077	-874.618	837.528	692.435	-829.243	1031.743	656.644	-1155.504	977.164	648.167	-1188.831	978.123	565.124	-1181.867	988.117	390.314	-1204.737	1003.486	303.978	-1210.3	1047.305	399.369	-1181.45	883.878	395.973	-801.188	885.656	309.804	-784.785	1062.573	317.301	-1187.209	837.303	606.463	-833.181	1031.471	568.297	-1148.917	1098.299	32.118	-1172.695	1024.793	25.285	-1100.977	935.284	22.237	-780.097	956.49	27.311	-883.597
1934	9.665	927.489	1692.909	-992.752	935.874	1410.509	-817.609	1093.835	1399.414	-1090.381	902.288	1359.145	-1019.092	805.416	912.226	-931.556	927.93	931.765	-1133.754	1009.674	964.186	-952.942	1003.716	475.052	-1165.531	948.63	454.642	-1065.458	848.714	476.191	-848.248	886.238	456.945	-949.917	907.017	102.779	-808.615	726.938	56.448	-868.998	1104.924	34.279	-1104.181	990.266	103.183	-1115.266	1060.703	104.888	-1173.914	786.925	45.306	-907.828	793.489	46.358	-802.772	1001.331	31.41	-814.573	927.201	104.572	-894.519	831.546	388.315	-837.093	829.63	307.695	-819.154	875.934	54.679	-1277.336	900.021	44.531	-1205.384	986.488	37.485	-1275.03	791.968	612.952	-878.203	793.237	696.064	-874.635	837.522	692.435	-829.256	1031.742	656.68	-1155.512	977.167	648.149	-1188.804	978.131	565.159	-1181.875	988.146	390.301	-1204.726	1003.485	304.018	-1210.31	1047.298	399.387	-1181.464	883.919	395.994	-801.196	885.68	309.823	-784.78	1062.584	317.354	-1187.212	837.313	606.467	-833.181	1031.5	568.319	-1148.94	1098.327	32.084	-1172.685	1024.783	25.269	-1100.974	935.32	22.245	-780.086	956.514	27.299	-883.612
1935	9.67	927.463	1692.895	-992.752	935.877	1410.505	-817.631	1093.81	1399.422	-1090.382	902.277	1359.121	-1019.051	805.414	912.223	-931.552	927.93	931.754	-1133.725	1009.669	964.216	-952.934	1003.726	475.018	-1165.509	948.672	454.651	-1065.44	848.71	476.201	-848.193	886.309	456.956	-949.899	907.05	102.774	-808.628	726.921	56.481	-869.004	1104.921	34.27	-1104.186	990.24	103.175	-1115.28	1060.577	104.652	-1174.005	786.91	45.311	-907.837	793.485	46.356	-802.77	1001.371	31.457	-814.558	927.233	104.565	-894.481	831.558	388.297	-837.106	829.651	307.71	-819.136	875.99	54.635	-1277.295	900.044	44.538	-1205.387	986.502	37.481	-1275.05	791.97	612.962	-878.19	793.263	696.08	-874.62	837.531	692.388	-829.275	1031.754	656.644	-1155.474	977.196	648.153	-1188.804	978.143	565.138	-1181.868	988.138	390.298	-1204.712	1003.502	304.035	-1210.319	1047.301	399.392	-1181.47	883.876	395.974	-801.178	885.688	309.818	-784.79	1062.59	317.31	-1187.195	837.3	606.424	-833.199	1031.504	568.281	-1148.922	1098.305	32.14	-1172.68	1024.767	25.292	-1101.003	935.317	22.248	-780.049	956.493	27.342	-883.608
1936	9.675	927.453	1692.892	-992.708	935.877	1410.486	-817.602	1093.808	1399.442	-1090.389	902.279	1359.167	-1019.079	805.431	912.242	-931.56	927.949	931.795	-1133.763	1009.707	964.179	-952.94	1003.726	475.028	-1165.524	948.662	454.633	-1065.456	848.824	476.211	-848.126	886.331	456.952	-949.895	907.075	102.765	-808.647	726.935	56.475	-869.006	1104.934	34.285	-1104.184	990.227	103.225	-1115.32	1060.928	105.131	-1173.889	786.92	45.317	-907.821	793.473	46.363	-802.808	1001.37	31.465	-814.552	927.26	104.551	-894.522	831.558	388.338	-837.083	829.634	307.717	-819.136	876.004	54.648	-1277.286	900.039	44.53	-1205.399	986.499	37.441	-1275.037	791.979	612.945	-878.189	793.258	696.095	-874.641	837.56	692.468	-829.226	1031.78	656.625	-1155.463	977.195	648.164	-1188.821	978.142	565.122	-1181.856	988.114	390.293	-1204.722	1003.509	304.036	-1210.297	1047.291	399.393	-1181.453	883.895	395.956	-801.175	885.675	309.834	-784.781	1062.595	317.305	-1187.185	837.32	606.467	-833.195	1031.524	568.322	-1148.922	1098.325	32.142	-1172.694	1024.789	25.283	-1100.975	935.358	22.291	-780.06	956.497	27.304	-883.605
1937	9.68	927.434	1692.885	-992.696	935.881	1410.488	-817.583	1093.807	1399.453	-1090.35	902.288	1359.145	-1019.049	805.429	912.269	-931.537	927.963	931.787	-1133.768	1009.667	964.203	-952.919	1003.752	475.017	-1165.517	948.694	454.666	-1065.445	848.846	476.232	-848.096	886.292	456.918	-949.912	907.282	103.175	-808.369	726.942	56.46	-869.013	1104.918	34.313	-1104.215	990.232	103.189	-1115.296	1060.661	104.863	-1173.988	786.932	45.302	-907.837	793.48	46.392	-802.81	1001.375	31.429	-814.56	927.223	104.545	-894.522	831.588	388.324	-837.106	829.653	307.721	-819.15	876.031	54.6	-1277.242	900.021	44.563	-1205.406	986.518	37.462	-1275.029	792.008	612.968	-878.192	793.275	696.094	-874.635	837.546	692.469	-829.24	1031.784	656.615	-1155.472	977.225	648.187	-1188.828	978.159	565.141	-1181.857	988.128	390.304	-1204.705	1003.52	304.022	-1210.295	1047.331	399.408	-1181.461	883.899	396.003	-801.182	885.691	309.861	-784.771	1062.601	317.345	-1187.173	837.322	606.465	-833.179	1031.503	568.292	-1148.938	1098.319	32.149	-1172.689	1024.835	25.293	-1100.984	935.333	22.295	-780.065	956.502	27.284	-883.581
1938	9.685	927.407	1692.894	-992.65	935.864	1410.502	-817.588	1093.788	1399.483	-1090.381	902.276	1359.155	-1019.025	805.455	912.24	-931.544	927.974	931.808	-1133.756	1009.729	964.206	-952.924	1003.758	475.02	-1165.511	948.677	454.672	-1065.453	848.942	476.203	-847.982	886.288	456.928	-949.911	907.283	103.183	-808.367	726.954	56.473	-869.007	1104.944	34.306	-1104.201	990.248	103.202	-1115.284	1060.744	104.995	-1173.925	786.918	45.317	-907.826	793.483	46.387	-802.797	1001.349	31.454	-814.545	927.243	104.575	-894.498	831.578	388.325	-837.087	829.65	307.719	-819.139	876.019	54.614	-1277.258	900.026	44.56	-1205.397	986.49	37.471	-1275.019	791.991	612.969	-878.206	793.28	696.085	-874.616	837.573	692.468	-829.254	1031.8	656.643	-1155.458	977.22	648.154	-1188.806	978.154	565.116	-1181.85	988.171	390.309	-1204.731	1003.524	304.007	-1210.311	1047.311	399.403	-1181.45	883.886	395.987	-801.155	885.69	309.86	-784.771	1062.586	317.309	-1187.169	837.315	606.427	-833.22	1031.509	568.294	-1148.918	1098.308	32.092	-1172.679	1024.826	25.288	-1100.994	935.355	22.3	-780.092	956.49	27.315	-883.598
1939	9.69	927.389	1692.891	-992.63	935.909	1410.499	-817.542	1093.786	1399.48	-1090.364	902.294	1359.172	-1019.026	805.444	912.237	-931.517	927.973	931.791	-1133.746	1009.731	964.127	-952.908	1003.772	475.018	-1165.497	948.692	454.659	-1065.465	849.577	476.362	-847.173	886.301	456.937	-949.893	907.046	102.789	-808.623	726.956	56.494	-869.018	1104.93	34.283	-1104.178	990.29	103.185	-1115.287	1060.698	104.891	-1173.937	786.91	45.305	-907.833	793.496	46.357	-802.794	1001.373	31.441	-814.562	927.248	104.559	-894.496	831.59	388.334	-837.086	829.677	307.708	-819.122	876.067	54.582	-1277.204	900.034	44.529	-1205.367	986.501	37.456	-1275.052	792.019	612.942	-878.204	793.304	696.085	-874.613	837.565	692.432	-829.226	1031.811	656.626	-1155.473	977.238	648.165	-1188.819	978.185	565.096	-1181.852	988.177	390.294	-1204.692	1003.53	304.003	-1210.311	1047.316	399.367	-1181.447	883.923	395.979	-801.16	885.706	309.865	-784.752	1062.622	317.31	-1187.183	837.325	606.389	-833.239	1031.517	568.282	-1148.939	1098.3	32.114	-1172.718	1024.839	25.277	-1100.993	935.363	22.282	-780.088	956.491	27.312	-883.604
1940	9.695	927.367	1692.882	-992.619	935.92	1410.506	-817.548	1093.816	1399.475	-1090.357	902.287	1359.14	-1018.962	805.468	912.253	-931.561	927.995	931.786	-1133.739	1009.74	964.165	-952.924	1003.752	475.021	-1165.521	948.693	454.622	-1065.449	849.595	476.341	-847.154	886.33	456.943	-949.877	907.064	102.766	-808.638	726.942	56.475	-868.996	1104.926	34.278	-1104.18	990.269	103.171	-1115.236	1060.709	104.814	-1173.978	786.926	45.315	-907.812	793.463	46.377	-802.79	1001.392	31.441	-814.567	927.25	104.571	-894.491	831.58	388.312	-837.12	829.655	307.714	-819.096	876.095	54.577	-1277.213	900.01	44.554	-1205.399	986.508	37.463	-1275.029	791.992	612.973	-878.212	793.293	696.069	-874.624	837.573	692.456	-829.21	1031.826	656.606	-1155.436	977.242	648.165	-1188.79	978.187	565.145	-1181.861	988.164	390.282	-1204.707	1003.527	303.997	-1210.309	1047.32	399.384	-1181.446	883.913	395.963	-801.165	885.729	309.865	-784.775	1062.629	317.297	-1187.177	837.332	606.305	-833.259	1031.532	568.285	-1148.89	1098.333	32.112	-1172.677	1024.8	25.282	-1100.982	935.333	22.281	-780.074	956.509	27.281	-883.58
1941	9.7	927.351	1692.9	-992.579	935.93	1410.495	-817.552	1093.812	1399.492	-1090.335	902.308	1359.098	-1018.92	805.479	912.271	-931.53	928.013	931.797	-1133.73	1009.742	964.192	-952.936	1003.791	475.025	-1165.527	948.726	454.639	-1065.431	849.599	476.362	-847.188	886.329	456.952	-949.896	907.032	102.774	-808.626	726.947	56.472	-869	1104.923	34.266	-1104.198	990.268	103.22	-1115.287	1060.778	104.999	-1173.966	786.908	45.297	-907.832	793.475	46.357	-802.788	1001.347	31.404	-814.543	927.251	104.573	-894.514	831.599	388.297	-837.096	829.675	307.699	-819.102	876.089	54.573	-1277.172	900.023	44.546	-1205.402	986.522	37.458	-1275.04	792.015	612.988	-878.196	793.298	696.093	-874.618	837.578	692.461	-829.226	1031.816	656.619	-1155.459	977.228	648.157	-1188.799	978.202	565.077	-1181.843	988.158	390.31	-1204.71	1003.572	303.966	-1210.292	1047.316	399.397	-1181.436	883.91	395.949	-801.174	885.698	309.834	-784.748	1062.625	317.277	-1187.17	837.332	606.248	-833.26	1031.538	568.293	-1148.872	1098.319	32.096	-1172.691	1024.807	25.247	-1101.001	935.34	22.247	-780.054	956.489	27.272	-883.607
1942	9.705	927.32	1692.872	-992.568	935.947	1410.509	-817.528	1093.797	1399.506	-1090.336	902.318	1359.126	-1018.937	805.484	912.256	-931.535	928.025	931.798	-1133.754	1009.776	964.165	-952.884	1003.8	475.052	-1165.497	948.663	454.643	-1065.473	849.591	476.367	-847.185	886.33	456.947	-949.886	907.051	102.759	-808.658	726.95	56.472	-869.004	1104.929	34.289	-1104.2	990.294	103.166	-1115.279	1060.722	104.752	-1173.924	786.915	45.291	-907.811	793.485	46.362	-802.799	1001.396	31.391	-814.562	927.234	104.538	-894.495	831.597	388.269	-837.106	829.646	307.699	-819.12	876.115	54.575	-1277.168	900.018	44.548	-1205.411	986.505	37.436	-1275.03	792.003	612.983	-878.209	793.296	696.132	-874.628	837.579	692.469	-829.225	1031.824	656.648	-1155.465	977.247	648.157	-1188.797	978.182	565.142	-1181.847	988.184	390.285	-1204.722	1003.559	304.004	-1210.295	1047.313	399.421	-1181.463	883.911	395.98	-801.156	885.669	309.866	-784.765	1062.626	317.303	-1187.143	837.355	606.281	-833.277	1031.543	568.361	-1148.917	1098.307	32.101	-1172.696	1024.827	25.274	-1101.008	935.298	22.297	-780.066	956.496	27.266	-883.576
1943	9.71	927.291	1692.865	-992.538	935.917	1410.492	-817.499	1093.819	1399.506	-1090.309	902.337	1359.186	-1018.944	805.501	912.24	-931.52	928.028	931.809	-1133.746	1009.782	964.204	-952.89	1003.823	475.032	-1165.5	948.68	454.636	-1065.458	849.589	476.321	-847.166	886.308	456.952	-949.89	907.051	102.751	-808.644	726.956	56.488	-869.005	1104.946	34.294	-1104.201	990.274	103.211	-1115.256	1060.595	104.712	-1173.985	786.921	45.302	-907.816	793.489	46.37	-802.794	1001.384	31.412	-814.556	927.203	104.547	-894.525	831.58	388.315	-837.099	829.642	307.728	-819.129	876.131	54.519	-1277.155	900.024	44.536	-1205.392	986.49	37.446	-1275.041	792.022	612.996	-878.202	793.313	696.087	-874.596	837.597	692.436	-829.249	1031.816	656.605	-1155.465	977.261	648.169	-1188.8	978.189	565.122	-1181.837	988.169	390.304	-1204.708	1003.538	304.018	-1210.312	1047.347	399.394	-1181.463	883.906	395.954	-801.166	885.686	309.822	-784.753	1062.639	317.339	-1187.191	837.356	606.262	-833.284	1031.542	568.279	-1148.909	1098.325	32.134	-1172.689	1024.825	25.263	-1100.991	935.323	22.287	-780.07	956.481	27.302	-883.623
1944	9.715	927.261	1692.871	-992.506	935.95	1410.49	-817.474	1093.824	1399.521	-1090.285	902.327	1359.139	-1018.889	805.516	912.249	-931.517	928.042	931.807	-1133.745	1009.76	964.185	-952.916	1003.805	475.026	-1165.491	948.704	454.635	-1065.47	849.566	476.356	-847.188	886.37	456.948	-949.876	907.044	102.769	-808.643	726.961	56.477	-869.005	1104.912	34.262	-1104.183	990.289	103.166	-1115.272	1060.801	105.028	-1173.906	786.931	45.262	-907.806	793.478	46.36	-802.8	1001.393	31.42	-814.544	927.213	104.532	-894.544	831.575	388.336	-837.113	829.653	307.716	-819.132	876.118	54.574	-1277.176	900.041	44.534	-1205.392	986.495	37.466	-1275.015	792.02	612.982	-878.201	793.324	696.117	-874.622	837.598	692.452	-829.233	1031.814	656.636	-1155.455	977.249	648.172	-1188.793	978.216	565.143	-1181.83	988.179	390.297	-1204.719	1003.545	304.029	-1210.316	1047.345	399.394	-1181.441	883.893	395.987	-801.165	885.651	309.824	-784.768	1062.637	317.285	-1187.17	837.353	606.241	-833.279	1031.557	568.326	-1148.884	1098.299	32.122	-1172.73	1024.796	25.259	-1100.994	935.306	22.268	-780.055	956.491	27.278	-883.591
1945	9.72	927.211	1692.886	-992.493	935.941	1410.453	-817.471	1093.822	1399.533	-1090.234	902.31	1359.13	-1018.884	805.517	912.254	-931.508	928.062	931.802	-1133.743	1009.809	964.209	-952.897	1003.775	475.025	-1165.518	948.685	454.695	-1065.457	849.562	476.359	-847.188	886.352	456.938	-949.899	907.046	102.79	-808.629	726.953	56.471	-868.996	1104.945	34.281	-1104.191	990.262	103.281	-1115.3	1060.656	104.839	-1173.987	786.9	45.301	-907.813	793.49	46.397	-802.804	1001.369	31.418	-814.57	927.203	104.59	-894.494	831.588	388.322	-837.089	829.645	307.709	-819.116	876.12	54.555	-1277.168	900.045	44.564	-1205.405	986.506	37.45	-1275.021	792.004	612.999	-878.204	793.318	696.099	-874.603	837.602	692.47	-829.219	1031.856	656.627	-1155.447	977.271	648.159	-1188.765	978.211	565.104	-1181.833	988.161	390.305	-1204.725	1003.537	304.003	-1210.313	1047.346	399.387	-1181.451	883.896	396	-801.178	885.694	309.837	-784.758	1062.637	317.34	-1187.187	837.378	606.264	-833.278	1031.543	568.354	-1148.919	1098.314	32.13	-1172.71	1024.787	25.277	-1101.001	935.328	22.299	-780.05	956.501	27.346	-883.635
1946	9.725	927.212	1692.873	-992.465	935.958	1410.456	-817.456	1093.838	1399.53	-1090.244	902.33	1359.143	-1018.868	805.535	912.294	-931.513	928.072	931.814	-1133.707	1009.784	964.18	-952.889	1003.807	475.018	-1165.513	948.675	454.658	-1065.466	849.582	476.371	-847.174	886.32	456.91	-949.894	907.042	102.796	-808.618	726.949	56.49	-868.986	1104.96	34.279	-1104.189	990.257	103.219	-1115.295	1060.638	104.817	-1174.027	786.909	45.326	-907.836	793.476	46.361	-802.792	1001.406	31.447	-814.551	927.32	104.637	-894.48	831.584	388.326	-837.1	829.641	307.737	-819.111	876.136	54.572	-1277.169	900.044	44.56	-1205.416	986.499	37.489	-1275.062	792.007	613.03	-878.195	793.326	696.113	-874.604	837.598	692.43	-829.221	1031.843	656.661	-1155.486	977.25	648.192	-1188.791	978.206	565.146	-1181.837	988.187	390.325	-1204.716	1003.548	304.055	-1210.318	1047.315	399.372	-1181.455	883.917	395.974	-801.177	885.684	309.855	-784.773	1062.634	317.318	-1187.184	837.406	606.212	-833.293	1031.571	568.293	-1148.894	1098.287	32.145	-1172.714	1024.836	25.282	-1100.977	935.337	22.317	-780.081	956.515	27.283	-883.586
1947	9.73	927.174	1692.89	-992.443	935.932	1410.465	-817.45	1093.83	1399.551	-1090.239	902.342	1359.164	-1018.852	805.537	912.276	-931.492	928.088	931.839	-1133.709	1009.775	964.192	-952.887	1003.757	475.028	-1165.505	948.705	454.662	-1065.464	849.596	476.387	-847.172	886.33	456.939	-949.867	907.056	102.797	-808.611	726.946	56.499	-869.011	1104.951	34.288	-1104.192	990.263	103.237	-1115.289	1060.685	104.785	-1173.957	786.949	45.3	-907.802	793.475	46.385	-802.781	1001.404	31.453	-814.548	927.24	104.565	-894.513	831.574	388.348	-837.078	829.651	307.737	-819.127	876.141	54.549	-1277.143	900.032	44.545	-1205.387	986.502	37.463	-1275.019	792.028	613.024	-878.229	793.332	696.095	-874.598	837.593	692.448	-829.236	1031.87	656.625	-1155.445	977.241	648.177	-1188.769	978.193	565.136	-1181.839	988.171	390.342	-1204.725	1003.544	304.004	-1210.29	1047.33	399.383	-1181.462	883.915	395.982	-801.16	885.708	309.834	-784.728	1062.617	317.309	-1187.198	837.408	606.247	-833.267	1031.555	568.286	-1148.935	1098.281	32.102	-1172.688	1024.824	25.285	-1100.991	935.343	22.354	-780.055	956.49	27.284	-883.613
1948	9.735	927.163	1692.879	-992.419	935.941	1410.446	-817.426	1093.839	1399.552	-1090.213	902.339	1359.166	-1018.838	805.53	912.273	-931.474	928.095	931.815	-1133.712	1009.83	964.181	-952.875	1003.791	475.026	-1165.495	948.764	454.663	-1065.434	849.556	476.353	-847.191	886.33	456.947	-949.886	907.078	102.823	-808.603	726.936	56.475	-868.994	1104.95	34.295	-1104.177	990.267	103.202	-1115.305	1060.621	104.694	-1173.983	786.924	45.303	-907.834	793.477	46.384	-802.789	1001.388	31.462	-814.571	927.274	104.626	-894.519	831.582	388.343	-837.092	829.665	307.769	-819.111	876.12	54.573	-1277.143	900.028	44.596	-1205.393	986.5	37.52	-1275.047	792.045	613.024	-878.187	793.342	696.123	-874.619	837.602	692.452	-829.219	1031.846	656.648	-1155.471	977.242	648.2	-1188.785	978.205	565.135	-1181.834	988.18	390.345	-1204.715	1003.555	304.008	-1210.295	1047.333	399.407	-1181.456	883.95	396.001	-801.165	885.695	309.851	-784.74	1062.642	317.322	-1187.191	837.414	606.221	-833.265	1031.569	568.299	-1148.944	1098.276	32.134	-1172.712	1024.819	25.33	-1100.992	935.343	22.321	-780.058	956.507	27.293	-883.596
1949	9.74	927.136	1692.88	-992.37	935.951	1410.442	-817.392	1093.834	1399.567	-1090.205	902.301	1359.171	-1018.843	805.544	912.268	-931.466	928.104	931.82	-1133.713	1009.802	964.217	-952.873	1003.785	475.013	-1165.475	948.707	454.702	-1065.463	849.59	476.359	-847.185	886.35	456.944	-949.883	907.066	102.81	-808.621	726.962	56.515	-869.001	1104.944	34.282	-1104.152	990.261	103.229	-1115.295	1060.72	104.825	-1173.972	786.927	45.333	-907.82	793.487	46.38	-802.789	1001.4	31.442	-814.552	927.236	104.61	-894.525	831.601	388.32	-837.077	829.662	307.736	-819.116	876.129	54.578	-1277.147	900.053	44.56	-1205.384	986.468	37.466	-1275.016	792.045	613.003	-878.205	793.337	696.106	-874.6	837.592	692.452	-829.207	1031.84	656.67	-1155.462	977.233	648.188	-1188.768	978.224	565.143	-1181.838	988.178	390.325	-1204.716	1003.576	304.037	-1210.306	1047.352	399.392	-1181.43	883.946	395.997	-801.143	885.712	309.839	-784.732	1062.634	317.325	-1187.176	837.41	606.213	-833.267	1031.581	568.304	-1148.916	1098.293	32.155	-1172.702	1024.807	25.308	-1100.969	935.346	22.306	-780.042	956.518	27.281	-883.607
1950	9.745	927.101	1692.895	-992.372	935.967	1410.443	-817.374	1093.827	1399.557	-1090.188	902.351	1359.217	-1018.842	805.555	912.281	-931.486	928.087	931.828	-1133.701	1009.798	964.151	-952.865	1003.8	475.028	-1165.497	948.741	454.658	-1065.445	849.573	476.375	-847.162	886.373	456.954	-949.859	907.066	102.811	-808.609	726.943	56.502	-869.036	1104.952	34.268	-1104.196	990.267	103.18	-1115.236	1060.679	104.869	-1173.978	786.927	45.306	-907.817	793.464	46.384	-802.8	1001.388	31.444	-814.559	927.244	104.608	-894.55	832.176	388.367	-836.291	829.656	307.74	-819.116	876.101	54.562	-1277.153	900.024	44.567	-1205.381	986.516	37.495	-1275.037	792.058	613.028	-878.204	793.335	696.081	-874.573	837.607	692.462	-829.208	1031.871	656.648	-1155.458	977.254	648.193	-1188.781	978.22	565.14	-1181.825	988.21	390.3	-1204.698	1003.565	304.04	-1210.309	1047.348	399.397	-1181.452	883.946	395.998	-801.143	885.684	309.846	-784.756	1062.656	317.344	-1187.137	837.419	606.19	-833.272	1031.599	568.345	-1148.934	1098.286	32.14	-1172.681	1024.819	25.293	-1100.98	935.331	22.279	-780.061	956.507	27.257	-883.579
1951	9.75	927.086	1692.882	-992.344	935.959	1410.451	-817.368	1093.837	1399.584	-1090.182	902.333	1359.18	-1018.788	805.559	912.263	-931.459	928.112	931.822	-1133.681	1009.795	964.15	-952.898	1003.799	474.99	-1165.492	948.706	454.69	-1065.447	849.599	476.37	-847.157	886.302	456.91	-949.883	907.071	102.813	-808.605	726.942	56.499	-869.021	1104.945	34.27	-1104.171	990.29	103.161	-1115.272	1060.736	104.84	-1173.964	786.934	45.286	-907.821	793.471	46.385	-802.801	1001.375	31.456	-814.547	927.232	104.542	-894.516	832.266	388.407	-836.176	829.682	307.732	-819.101	876.094	54.558	-1277.162	900.03	44.557	-1205.378	986.492	37.46	-1275.006	792.049	613.033	-878.182	793.364	696.094	-874.599	837.629	692.429	-829.219	1031.878	656.638	-1155.461	977.283	648.193	-1188.784	978.222	565.13	-1181.815	988.205	390.333	-1204.722	1003.555	304.062	-1210.307	1047.376	399.38	-1181.428	883.93	395.999	-801.135	885.721	309.878	-784.737	1062.652	317.283	-1187.128	837.412	606.173	-833.264	1031.593	568.325	-1148.935	1098.293	32.125	-1172.69	1024.832	25.285	-1100.989	935.339	22.297	-780.043	956.502	27.274	-883.586
1952	9.755	927.076	1692.868	-992.317	935.966	1410.436	-817.359	1093.847	1399.597	-1090.17	902.349	1359.213	-1018.825	805.581	912.27	-931.478	928.114	931.829	-1133.693	1009.835	964.166	-952.866	1003.81	475.012	-1165.474	948.723	454.66	-1065.451	849.609	476.345	-847.183	886.352	456.944	-949.855	907.031	102.783	-808.614	726.919	56.478	-869.024	1104.94	34.295	-1104.192	990.317	103.121	-1115.239	1060.65	104.713	-1173.979	786.934	45.307	-907.799	793.475	46.372	-802.79	1001.351	31.411	-814.532	927.213	104.532	-894.547	832.308	388.405	-836.096	829.691	307.716	-819.079	876.087	54.569	-1277.164	900.035	44.582	-1205.383	986.483	37.47	-1275.028	792.082	613.018	-878.174	793.375	696.12	-874.587	837.63	692.453	-829.203	1031.883	656.63	-1155.439	977.274	648.196	-1188.765	978.226	565.127	-1181.809	988.21	390.3	-1204.688	1003.584	304.014	-1210.295	1047.362	399.379	-1181.422	883.941	395.974	-801.135	885.737	309.833	-784.735	1062.66	317.319	-1187.146	837.41	606.15	-833.253	1031.612	568.349	-1148.907	1098.264	32.141	-1172.702	1024.819	25.263	-1100.978	935.32	22.264	-780.051	956.5	27.252	-883.593
1953	9.76	927.052	1692.874	-992.312	935.943	1410.45	-817.352	1093.839	1399.583	-1090.131	902.336	1359.2	-1018.803	805.583	912.263	-931.45	928.12	931.811	-1133.67	1009.828	964.194	-952.866	1003.829	475.063	-1165.498	948.744	454.665	-1065.439	849.579	476.34	-847.175	886.369	456.942	-949.831	907.035	102.77	-808.626	726.935	56.504	-869.025	1104.923	34.287	-1104.171	990.256	103.244	-1115.28	1060.689	104.845	-1173.998	786.924	45.278	-907.81	793.463	46.36	-802.792	1001.356	31.409	-814.556	927.206	104.534	-894.522	832.307	388.323	-836.059	829.666	307.737	-819.073	876.047	54.595	-1277.181	900.039	44.553	-1205.389	986.505	37.499	-1275.027	792.071	612.994	-878.181	793.37	696.11	-874.587	837.623	692.44	-829.197	1031.869	656.685	-1155.459	977.265	648.191	-1188.771	978.261	565.136	-1181.8	988.215	390.31	-1204.679	1003.566	304.034	-1210.26	1047.383	399.401	-1181.423	883.966	396.022	-801.151	885.719	309.855	-784.745	1062.667	317.349	-1187.171	837.395	606.106	-833.274	1031.591	568.298	-1148.903	1098.301	32.129	-1172.683	1024.801	25.276	-1100.99	935.311	22.284	-780.048	956.482	27.306	-883.612
1954	9.765	927.024	1692.858	-992.284	935.945	1410.423	-817.322	1093.827	1399.622	-1090.135	902.329	1359.212	-1018.797	805.583	912.253	-931.453	928.128	931.809	-1133.658	1009.822	964.174	-952.84	1003.833	475.027	-1165.451	948.727	454.64	-1065.439	849.638	476.33	-847.141	886.383	456.958	-949.858	907.059	102.796	-808.612	726.922	56.496	-869.064	1104.953	34.276	-1104.188	990.294	103.19	-1115.238	1060.689	104.765	-1173.982	786.933	45.302	-907.816	793.482	46.367	-802.795	1001.357	31.406	-814.579	927.239	104.575	-894.508	832.294	388.372	-836.043	829.677	307.726	-819.089	876.056	54.599	-1277.187	900.025	44.566	-1205.377	986.484	37.437	-1275.018	792.058	613.013	-878.161	793.378	696.105	-874.567	837.634	692.431	-829.192	1031.892	656.681	-1155.431	977.284	648.221	-1188.785	978.242	565.144	-1181.779	988.22	390.314	-1204.678	1003.582	304.016	-1210.289	1047.384	399.367	-1181.397	883.933	395.985	-801.147	885.692	309.826	-784.737	1062.655	317.306	-1187.131	837.442	606.152	-833.262	1031.618	568.357	-1148.932	1098.3	32.107	-1172.665	1024.807	25.239	-1101.001	935.331	22.275	-780.059	956.484	27.304	-883.632
1955	9.77	926.999	1692.851	-992.251	935.945	1410.437	-817.321	1093.817	1399.599	-1090.122	902.322	1359.195	-1018.772	805.603	912.251	-931.444	928.15	931.82	-1133.665	1009.855	964.21	-952.87	1003.828	475.013	-1165.47	948.759	454.616	-1065.425	849.627	476.348	-847.162	886.364	456.938	-949.888	907.043	102.78	-808.624	726.926	56.497	-869.065	1104.931	34.259	-1104.186	990.287	103.166	-1115.27	1060.712	104.848	-1173.982	786.923	45.3	-907.821	793.493	46.37	-802.779	1001.349	31.418	-814.521	927.188	104.56	-894.511	832.378	388.358	-835.973	829.679	307.708	-819.075	876.056	54.605	-1277.205	900.034	44.544	-1205.378	986.49	37.444	-1275.02	792.079	613.011	-878.142	793.392	696.078	-874.576	837.634	692.46	-829.182	1031.864	656.68	-1155.436	977.294	648.203	-1188.734	978.257	565.116	-1181.769	988.24	390.307	-1204.681	1003.581	304.031	-1210.281	1047.393	399.383	-1181.39	883.923	395.986	-801.136	885.707	309.835	-784.735	1062.673	317.349	-1187.157	837.397	606.106	-833.277	1031.612	568.275	-1148.871	1098.305	32.127	-1172.689	1024.818	25.24	-1101.021	935.32	22.307	-780.066	956.476	27.256	-883.59
1956	9.775	926.993	1692.851	-992.229	935.951	1410.444	-817.321	1093.824	1399.625	-1090.077	902.355	1359.173	-1018.736	805.598	912.254	-931.462	928.114	931.834	-1133.667	1009.855	964.192	-952.872	1003.815	475.013	-1165.461	948.762	454.643	-1065.434	849.584	476.349	-847.173	886.372	456.957	-949.869	907.047	102.784	-808.618	726.916	56.519	-869.079	1104.947	34.288	-1104.191	990.274	103.151	-1115.253	1060.701	104.829	-1173.967	786.929	45.296	-907.818	793.459	46.373	-802.794	1001.331	31.395	-814.56	927.208	104.563	-894.509	832.391	388.385	-835.97	829.677	307.714	-819.104	876.057	54.581	-1277.213	900.046	44.569	-1205.382	986.506	37.476	-1275.009	792.085	613.031	-878.158	793.374	696.093	-874.566	837.643	692.427	-829.185	1031.899	656.651	-1155.415	977.293	648.203	-1188.745	978.253	565.122	-1181.783	988.21	390.316	-1204.677	1003.593	304.026	-1210.253	1047.363	399.4	-1181.419	883.932	395.994	-801.136	885.662	309.827	-784.738	1062.654	317.293	-1187.145	837.386	606.081	-833.274	1031.611	568.307	-1148.877	1098.289	32.128	-1172.685	1024.782	25.274	-1101.007	935.349	22.258	-780.081	956.49	27.265	-883.607
1957	9.78	926.977	1692.861	-992.229	935.982	1410.429	-817.272	1093.812	1399.65	-1090.099	902.345	1359.231	-1018.739	805.612	912.237	-931.429	928.148	931.831	-1133.666	1009.851	964.174	-952.837	1003.828	475.016	-1165.473	948.715	454.654	-1065.422	849.613	476.311	-847.125	886.318	456.954	-949.854	907.05	102.774	-808.628	726.923	56.512	-869.13	1104.916	34.296	-1104.187	990.279	103.159	-1115.263	1060.724	104.912	-1173.968	786.912	45.28	-907.821	793.464	46.381	-802.808	1001.359	31.432	-814.54	927.241	104.578	-894.51	832.395	388.388	-835.961	829.659	307.713	-819.101	876.037	54.613	-1277.212	900.028	44.568	-1205.407	986.487	37.466	-1275.038	792.076	613.016	-878.163	793.396	696.094	-874.552	837.635	692.447	-829.212	1031.902	656.63	-1155.401	977.31	648.179	-1188.711	978.255	565.116	-1181.751	988.244	390.334	-1204.678	1003.589	304.009	-1210.269	1047.397	399.402	-1181.41	883.93	395.992	-801.152	885.704	309.844	-784.726	1062.667	317.301	-1187.102	837.417	606.06	-833.294	1031.648	568.347	-1148.862	1098.301	32.118	-1172.678	1024.822	25.306	-1100.971	935.371	22.288	-780.057	956.479	27.292	-883.603
1958	9.785	926.95	1692.835	-992.21	935.974	1410.457	-817.261	1093.813	1399.647	-1090.087	902.34	1359.217	-1018.711	805.62	912.256	-931.412	928.142	931.822	-1133.647	1009.866	964.173	-952.826	1003.843	475.037	-1165.462	948.759	454.678	-1065.422	849.588	476.355	-847.132	886.318	456.95	-949.844	907.041	102.787	-808.628	726.872	56.548	-869.165	1104.939	34.285	-1104.178	990.269	103.182	-1115.258	1060.748	104.876	-1173.931	786.915	45.296	-907.821	793.472	46.376	-802.794	1001.384	31.441	-814.555	927.169	104.588	-894.539	832.38	388.41	-835.956	829.66	307.712	-819.102	876.038	54.612	-1277.236	900.039	44.545	-1205.392	986.482	37.482	-1275.016	792.075	613.025	-878.17	793.376	696.103	-874.553	837.661	692.454	-829.185	1031.899	656.65	-1155.406	977.323	648.169	-1188.728	978.291	565.129	-1181.787	988.225	390.32	-1204.676	1003.593	304.038	-1210.287	1047.374	399.357	-1181.397	883.906	395.983	-801.15	885.671	309.846	-784.779	1062.635	317.294	-1187.122	837.424	606.056	-833.289	1031.629	568.34	-1148.885	1098.279	32.129	-1172.708	1024.802	25.244	-1100.998	935.351	22.304	-780.058	956.487	27.29	-883.602
1959	9.79	926.936	1692.847	-992.187	935.944	1410.444	-817.255	1093.807	1399.663	-1090.086	902.357	1359.173	-1018.693	805.628	912.257	-931.419	928.169	931.841	-1133.655	1009.839	964.169	-952.833	1003.85	475.026	-1165.452	948.762	454.667	-1065.408	849.596	476.351	-847.143	886.31	456.957	-949.873	907.063	102.792	-808.623	726.851	56.548	-869.215	1104.944	34.29	-1104.197	990.262	103.222	-1115.294	1060.72	104.931	-1173.961	786.929	45.298	-907.812	793.478	46.347	-802.805	1001.388	31.412	-814.554	927.2	104.544	-894.543	832.368	388.381	-835.996	829.651	307.724	-819.101	876.012	54.654	-1277.241	900.042	44.532	-1205.389	986.493	37.467	-1275.017	792.058	613.047	-878.158	793.369	696.097	-874.573	837.64	692.451	-829.191	1031.91	656.62	-1155.407	977.317	648.216	-1188.728	978.277	565.118	-1181.764	988.223	390.326	-1204.693	1003.588	304.018	-1210.291	1047.391	399.389	-1181.402	883.895	395.983	-801.145	885.687	309.847	-784.747	1062.673	317.349	-1187.157	837.418	606.045	-833.287	1031.624	568.294	-1148.852	1098.295	32.115	-1172.691	1024.79	25.265	-1101.001	935.347	22.325	-780.05	956.477	27.29	-883.582
1960	9.795	926.907	1692.858	-992.176	935.976	1410.447	-817.212	1093.795	1399.676	-1090.075	902.363	1359.18	-1018.679	805.629	912.26	-931.418	928.171	931.844	-1133.642	1009.939	964.188	-952.788	1003.845	475.028	-1165.467	948.757	454.653	-1065.441	849.585	476.358	-847.134	886.33	456.935	-949.857	907.062	102.774	-808.65	726.843	56.567	-869.279	1104.966	34.264	-1104.194	990.248	103.202	-1115.284	1060.635	104.711	-1173.963	786.917	45.291	-907.845	793.47	46.381	-802.825	1001.377	31.421	-814.537	927.204	104.563	-894.52	832.4	388.386	-836.003	829.666	307.722	-819.098	876.039	54.647	-1277.233	900.059	44.512	-1205.371	986.519	37.449	-1275.02	792.068	613.042	-878.165	793.387	696.114	-874.542	837.653	692.453	-829.183	1031.951	656.612	-1155.363	977.342	648.187	-1188.715	978.265	565.143	-1181.769	988.211	390.342	-1204.686	1003.579	304.05	-1210.284	1047.381	399.396	-1181.427	883.925	395.958	-801.159	885.69	309.853	-784.766	1062.668	317.329	-1187.149	837.436	606.037	-833.304	1031.619	568.325	-1148.866	1098.278	32.139	-1172.699	1024.81	25.288	-1100.966	935.359	22.339	-780.062	956.5	27.259	-883.6
1961	9.8	926.903	1692.845	-992.156	935.951	1410.429	-817.22	1093.796	1399.703	-1090.052	902.333	1359.197	-1018.666	805.64	912.289	-931.427	928.179	931.816	-1133.629	1009.923	964.178	-952.816	1003.838	475.025	-1165.489	948.763	454.658	-1065.406	849.625	476.368	-847.171	886.362	456.949	-949.86	907.072	102.746	-808.638	726.845	56.62	-869.376	1104.931	34.266	-1104.162	990.28	103.188	-1115.26	1060.772	104.817	-1173.922	786.921	45.302	-907.831	793.462	46.373	-802.809	1001.363	31.406	-814.546	927.213	104.528	-894.544	832.389	388.415	-836.027	829.656	307.695	-819.092	876.025	54.638	-1277.244	900.023	44.54	-1205.401	986.491	37.429	-1275.005	792.067	613.005	-878.162	793.392	696.106	-874.56	837.674	692.445	-829.172	1031.931	656.645	-1155.387	977.356	648.206	-1188.731	978.273	565.141	-1181.78	988.255	390.311	-1204.677	1003.578	304.047	-1210.285	1047.393	399.382	-1181.405	883.934	395.974	-801.142	885.718	309.845	-784.73	1062.673	317.349	-1187.157	837.437	605.983	-833.315	1031.621	568.312	-1148.847	1098.294	32.13	-1172.686	1024.796	25.293	-1100.998	935.32	22.251	-780.088	956.498	27.269	-883.604
1962	9.805	926.886	1692.862	-992.152	935.92	1410.428	-817.225	1093.78	1399.701	-1090.031	902.346	1359.223	-1018.684	805.638	912.263	-931.413	928.193	931.856	-1133.628	1009.884	964.145	-952.785	1003.856	475.017	-1165.461	948.761	454.653	-1065.415	849.606	476.328	-847.129	886.342	456.899	-949.845	907.268	103.146	-808.364	726.817	56.64	-869.44	1104.925	34.282	-1104.205	990.279	103.203	-1115.268	1060.634	104.748	-1173.984	786.915	45.285	-907.823	793.474	46.36	-802.805	1001.375	31.414	-814.567	927.171	104.507	-894.539	832.345	388.394	-836.058	829.672	307.701	-819.061	876.048	54.617	-1277.237	900.017	44.555	-1205.398	986.513	37.486	-1275.021	792.062	613.008	-878.165	793.403	696.097	-874.549	837.667	692.423	-829.175	1031.947	656.649	-1155.355	977.362	648.21	-1188.721	978.299	565.174	-1181.779	988.228	390.316	-1204.668	1003.593	304.027	-1210.272	1047.396	399.394	-1181.42	883.934	395.966	-801.147	885.692	309.86	-784.745	1062.673	317.342	-1187.164	837.393	605.952	-833.305	1031.643	568.332	-1148.864	1098.292	32.147	-1172.69	1024.831	25.264	-1100.98	935.32	22.262	-780.085	956.52	27.266	-883.564
1963	9.81	926.864	1692.86	-992.155	935.945	1410.437	-817.181	1093.782	1399.693	-1090.014	902.334	1359.235	-1018.663	805.643	912.276	-931.417	928.202	931.834	-1133.607	1009.894	964.176	-952.791	1003.855	475.012	-1165.446	948.738	454.656	-1065.428	849.657	476.358	-847.147	886.353	456.975	-949.874	907.054	102.761	-808.609	726.774	56.609	-869.503	1104.926	34.269	-1104.18	990.309	103.195	-1115.243	1060.697	104.795	-1173.969	786.902	45.3	-907.835	793.485	46.361	-802.807	1001.362	31.414	-814.547	927.199	104.505	-894.532	832.333	388.378	-836.1	829.688	307.708	-819.115	876.04	54.618	-1277.222	900.053	44.513	-1205.38	986.504	37.426	-1275.02	792.061	613.016	-878.159	793.395	696.114	-874.544	837.7	692.403	-829.185	1031.954	656.626	-1155.348	977.35	648.202	-1188.734	978.283	565.153	-1181.775	988.23	390.325	-1204.668	1003.6	304.048	-1210.291	1047.389	399.411	-1181.408	883.937	395.975	-801.146	885.742	309.84	-784.702	1062.697	317.32	-1187.119	837.423	605.933	-833.321	1031.65	568.308	-1148.848	1098.31	32.121	-1172.705	1024.819	25.239	-1100.982	935.297	22.252	-780.078	956.503	27.274	-883.613
1964	9.815	926.839	1692.861	-992.137	935.958	1410.461	-817.157	1093.782	1399.729	-1090.025	902.346	1359.2	-1018.615	805.651	912.247	-931.416	928.206	931.859	-1133.63	1009.876	964.152	-952.774	1003.845	475.059	-1165.479	948.752	454.671	-1065.421	849.654	476.342	-847.17	886.34	456.963	-949.856	907.033	102.743	-808.648	726.749	56.612	-869.508	1104.928	34.255	-1104.181	990.304	103.154	-1115.241	1060.789	104.817	-1173.91	786.92	45.294	-907.84	793.473	46.353	-802.8	1001.362	31.395	-814.56	927.177	104.53	-894.528	832.311	388.337	-836.149	829.674	307.718	-819.079	876.018	54.61	-1277.234	900.044	44.532	-1205.385	986.507	37.477	-1275.005	792.073	613.032	-878.143	793.41	696.107	-874.546	837.655	692.447	-829.173	1031.952	656.613	-1155.357	977.367	648.212	-1188.731	978.292	565.135	-1181.762	988.259	390.315	-1204.675	1003.625	304.034	-1210.274	1047.4	399.415	-1181.413	883.948	395.959	-801.143	885.722	309.823	-784.742	1062.668	317.322	-1187.157	837.426	605.9	-833.354	1031.64	568.345	-1148.878	1098.306	32.126	-1172.703	1024.792	25.276	-1100.983	935.316	22.235	-780.088	956.509	27.315	-883.615
1965	9.82	926.813	1692.856	-992.113	935.922	1410.419	-817.14	1093.777	1399.706	-1090.006	902.331	1359.221	-1018.633	805.654	912.245	-931.411	928.231	931.847	-1133.61	1009.912	964.17	-952.771	1003.884	475.042	-1165.461	948.773	454.664	-1065.402	849.662	476.374	-847.128	886.393	456.965	-949.809	907.038	102.76	-808.636	726.77	56.674	-869.535	1104.913	34.242	-1104.187	990.262	103.212	-1115.268	1060.714	104.801	-1173.959	786.904	45.3	-907.838	793.485	46.377	-802.784	1001.38	31.381	-814.561	927.199	104.537	-894.531	832.258	388.355	-836.234	829.709	307.694	-819.103	876.009	54.641	-1277.244	900.036	44.533	-1205.393	986.506	37.453	-1275.015	792.063	613.031	-878.171	793.396	696.104	-874.548	837.66	692.434	-829.163	1031.951	656.598	-1155.348	977.377	648.222	-1188.727	978.303	565.158	-1181.773	988.244	390.351	-1204.673	1003.608	304.012	-1210.263	1047.395	399.426	-1181.401	883.951	395.991	-801.123	885.705	309.825	-784.748	1062.672	317.369	-1187.141	837.402	605.869	-833.378	1031.624	568.311	-1148.832	1098.293	32.113	-1172.678	1024.793	25.28	-1100.983	935.309	22.236	-780.046	956.509	27.289	-883.592
1966	9.825	926.804	1692.829	-992.081	935.905	1410.447	-817.152	1093.767	1399.728	-1089.972	902.301	1359.194	-1018.591	805.664	912.247	-931.41	928.249	931.856	-1133.617	1009.943	964.183	-952.757	1003.874	475.006	-1165.438	948.729	454.617	-1065.439	849.679	476.338	-847.133	886.383	456.946	-949.829	907.038	102.745	-808.622	726.8	56.688	-869.49	1104.916	34.213	-1104.179	990.277	103.231	-1115.286	1060.662	104.81	-1174.009	786.883	45.317	-907.843	793.477	46.361	-802.799	1001.348	31.402	-814.542	927.179	104.52	-894.567	832.193	388.376	-836.305	829.696	307.687	-819.093	876.031	54.591	-1277.23	900.043	44.555	-1205.389	986.513	37.459	-1275.022	792.07	613.036	-878.152	793.406	696.106	-874.555	837.666	692.436	-829.174	1031.965	656.582	-1155.337	977.389	648.22	-1188.718	978.323	565.175	-1181.756	988.234	390.321	-1204.675	1003.603	304.039	-1210.276	1047.414	399.397	-1181.394	883.961	395.981	-801.126	885.732	309.805	-784.731	1062.678	317.341	-1187.12	837.421	605.863	-833.4	1031.647	568.269	-1148.838	1098.31	32.113	-1172.704	1024.792	25.259	-1101.01	935.333	22.226	-780.081	956.513	27.257	-883.582
1967	9.83	926.78	1692.834	-992.079	935.915	1410.439	-817.136	1093.759	1399.741	-1089.948	902.332	1359.215	-1018.614	805.675	912.235	-931.424	928.229	931.832	-1133.584	1009.95	964.196	-952.717	1003.859	475.04	-1165.444	948.754	454.657	-1065.402	850.358	476.153	-845.962	886.425	456.95	-949.828	907.276	103.136	-808.39	726.921	56.62	-869.286	1104.941	34.253	-1104.17	990.3	103.208	-1115.27	1060.719	104.791	-1173.934	786.888	45.288	-907.882	793.472	46.344	-802.814	1001.352	31.392	-814.548	927.189	104.531	-894.513	832.16	388.345	-836.378	829.701	307.704	-819.104	876.031	54.614	-1277.257	900.039	44.525	-1205.386	986.5	37.425	-1275.004	792.076	613.024	-878.173	793.427	696.097	-874.557	837.666	692.436	-829.174	1031.961	656.606	-1155.348	977.393	648.196	-1188.697	978.314	565.182	-1181.768	988.225	390.324	-1204.681	1003.603	304.037	-1210.268	1047.4	399.403	-1181.383	883.955	395.951	-801.145	885.716	309.828	-784.722	1062.686	317.306	-1187.123	837.402	605.874	-833.391	1031.671	568.294	-1148.816	1098.301	32.103	-1172.695	1024.821	25.266	-1100.956	935.307	22.227	-780.084	956.508	27.286	-883.594
1968	9.835	926.794	1692.835	-992.07	935.894	1410.426	-817.124	1093.769	1399.75	-1089.943	902.335	1359.182	-1018.558	805.685	912.218	-931.389	928.25	931.823	-1133.582	1009.934	964.16	-952.733	1003.873	475.045	-1165.468	948.734	454.675	-1065.402	850.38	476.079	-845.828	886.391	456.978	-949.838	907.061	102.738	-808.617	727.209	56.703	-868.933	1104.915	34.288	-1104.195	990.287	103.157	-1115.251	1060.76	104.835	-1173.946	787.151	45.447	-907.595	793.472	46.368	-802.803	1001.37	31.425	-814.551	927.225	104.52	-894.549	832.048	388.355	-836.461	829.694	307.681	-819.109	876.007	54.61	-1277.246	900.033	44.534	-1205.38	986.507	37.439	-1275.007	792.068	613.055	-878.175	793.426	696.091	-874.542	837.655	692.447	-829.172	1031.977	656.616	-1155.346	977.386	648.209	-1188.686	978.316	565.147	-1181.755	988.243	390.303	-1204.655	1003.573	304.029	-1210.274	1047.39	399.396	-1181.397	883.913	395.972	-801.124	885.692	309.805	-784.752	1062.672	317.282	-1187.107	837.392	605.875	-833.396	1031.67	568.332	-1148.82	1098.302	32.127	-1172.695	1024.805	25.288	-1100.987	935.317	22.238	-780.098	956.496	27.259	-883.584
1969	9.84	926.75	1692.816	-992.036	935.877	1410.41	-817.104	1093.772	1399.773	-1089.929	902.311	1359.202	-1018.544	805.689	912.242	-931.381	928.26	931.828	-1133.587	1009.955	964.182	-952.735	1003.858	475.035	-1165.424	948.768	454.673	-1065.387	850.411	476.074	-845.749	886.359	456.914	-949.833	907.053	102.763	-808.618	727.185	56.718	-868.926	1104.932	34.269	-1104.179	990.255	103.213	-1115.27	1060.791	104.786	-1173.902	787.169	45.463	-907.621	793.479	46.341	-802.82	1001.367	31.421	-814.535	927.191	104.548	-894.518	831.989	388.349	-836.51	829.673	307.729	-819.097	876.011	54.617	-1277.223	900.033	44.534	-1205.38	986.502	37.456	-1275.008	792.066	613.083	-878.157	793.408	696.094	-874.544	837.663	692.433	-829.203	1031.966	656.616	-1155.339	977.371	648.172	-1188.66	978.305	565.15	-1181.715	988.251	390.317	-1204.671	1003.613	304.046	-1210.248	1047.408	399.388	-1181.375	883.932	395.93	-801.131	885.695	309.823	-784.722	1062.68	317.344	-1187.143	837.36	605.872	-833.382	1031.652	568.292	-1148.811	1098.302	32.131	-1172.701	1024.815	25.239	-1100.988	935.333	22.27	-780.08	956.491	27.289	-883.609
1970	9.845	926.742	1692.838	-992.024	935.849	1410.411	-817.092	1093.779	1399.739	-1089.878	902.298	1359.204	-1018.523	805.673	912.242	-931.392	928.256	931.818	-1133.543	1009.955	964.184	-952.749	1003.859	475.062	-1165.44	948.744	454.663	-1065.378	850.431	476.02	-845.67	886.361	456.919	-949.815	907.272	103.152	-808.371	727.204	56.721	-868.905	1104.94	34.28	-1104.185	990.268	103.185	-1115.214	1060.802	104.833	-1173.935	787.154	45.427	-907.583	793.458	46.347	-802.788	1001.389	31.405	-814.55	927.236	104.553	-894.531	831.914	388.357	-836.589	829.656	307.682	-819.09	876.017	54.647	-1277.247	900.023	44.552	-1205.382	986.503	37.418	-1274.998	792.07	613.072	-878.18	793.41	696.093	-874.53	837.671	692.41	-829.164	1031.986	656.617	-1155.316	977.391	648.208	-1188.666	978.314	565.149	-1181.732	988.24	390.287	-1204.649	1003.596	304.013	-1210.23	1047.395	399.385	-1181.37	883.933	395.939	-801.137	885.682	309.829	-784.745	1062.673	317.302	-1187.088	837.358	605.818	-833.403	1031.698	568.309	-1148.823	1098.316	32.082	-1172.678	1024.787	25.287	-1100.989	935.318	22.288	-780.056	956.503	27.252	-883.566
1971	9.85	926.715	1692.847	-992.015	935.874	1410.408	-817.068	1093.781	1399.745	-1089.865	902.332	1359.255	-1018.557	805.687	912.266	-931.381	928.252	931.853	-1133.577	1009.948	964.177	-952.714	1003.873	475.01	-1165.423	948.753	454.68	-1065.369	850.423	476.016	-845.665	886.362	456.927	-949.834	907.031	102.771	-808.625	727.195	56.734	-868.902	1104.923	34.264	-1104.163	990.284	103.211	-1115.239	1060.789	104.876	-1173.902	787.136	45.447	-907.607	793.463	46.364	-802.782	1001.355	31.409	-814.554	927.235	104.541	-894.496	831.858	388.345	-836.675	829.674	307.684	-819.089	876.018	54.605	-1277.235	900.033	44.481	-1205.361	986.516	37.469	-1275.029	792.049	613.064	-878.17	793.408	696.082	-874.516	837.67	692.434	-829.137	1031.958	656.605	-1155.306	977.391	648.213	-1188.661	978.324	565.154	-1181.725	988.24	390.305	-1204.634	1003.606	304.021	-1210.242	1047.425	399.395	-1181.355	883.926	395.944	-801.141	885.683	309.794	-784.71	1062.696	317.28	-1187.084	837.363	605.792	-833.425	1031.686	568.341	-1148.795	1098.324	32.13	-1172.694	1024.796	25.242	-1100.992	935.344	22.29	-780.065	956.483	27.258	-883.589
1972	9.855	926.705	1692.842	-991.997	935.86	1410.425	-817.042	1093.756	1399.766	-1089.87	902.332	1359.24	-1018.516	805.68	912.253	-931.359	928.258	931.831	-1133.548	1009.933	964.167	-952.72	1003.885	475.052	-1165.431	948.809	454.665	-1065.368	850.393	475.973	-845.695	886.352	456.927	-949.844	907.08	102.786	-808.624	727.185	56.703	-868.916	1104.946	34.263	-1104.178	990.257	103.227	-1115.27	1060.676	104.8	-1173.952	787.164	45.443	-907.617	793.46	46.374	-802.796	1001.385	31.412	-814.537	927.232	104.543	-894.507	831.809	388.355	-836.746	829.658	307.709	-819.087	876.012	54.619	-1277.227	900.031	44.526	-1205.372	986.498	37.475	-1275.018	792.07	613.073	-878.118	793.424	696.09	-874.529	837.664	692.435	-829.16	1031.993	656.65	-1155.326	977.391	648.184	-1188.637	978.328	565.141	-1181.712	988.267	390.312	-1204.622	1003.622	304.048	-1210.235	1047.424	399.373	-1181.351	883.933	395.938	-801.114	885.717	309.814	-784.7	1062.709	317.317	-1187.087	837.313	605.826	-833.428	1031.689	568.318	-1148.816	1098.303	32.118	-1172.682	1024.815	25.276	-1100.973	935.319	22.256	-780.056	956.497	27.262	-883.598
1973	9.86	926.681	1692.84	-991.976	935.845	1410.424	-817.055	1093.767	1399.789	-1089.861	902.307	1359.21	-1018.512	805.687	912.253	-931.365	928.263	931.848	-1133.553	1009.916	964.159	-952.714	1003.915	475.037	-1165.403	948.767	454.635	-1065.39	850.394	475.973	-845.667	886.404	456.942	-949.825	907.045	102.734	-808.634	727.199	56.727	-868.91	1104.926	34.259	-1104.163	990.259	103.22	-1115.269	1060.759	104.808	-1173.91	787.16	45.484	-907.644	793.484	46.371	-802.796	1001.37	31.366	-814.556	927.197	104.528	-894.525	831.816	388.353	-836.827	829.656	307.71	-819.095	876.042	54.626	-1277.226	900.046	44.521	-1205.349	986.497	37.464	-1275.015	792.055	613.073	-878.108	793.415	696.087	-874.507	837.688	692.409	-829.146	1031.991	656.661	-1155.308	977.406	648.214	-1188.657	978.348	565.16	-1181.723	988.283	390.309	-1204.624	1003.637	304.009	-1210.213	1047.435	399.358	-1181.354	883.94	395.945	-801.116	885.68	309.825	-784.708	1062.727	317.281	-1187.071	837.306	605.751	-833.451	1031.71	568.301	-1148.802	1098.289	32.121	-1172.677	1024.817	25.262	-1100.979	935.346	22.252	-780.071	956.516	27.256	-883.578
1974	9.865	926.672	1692.825	-991.94	935.847	1410.406	-817.026	1093.757	1399.792	-1089.854	902.297	1359.21	-1018.482	805.699	912.252	-931.388	928.272	931.826	-1133.525	1009.974	964.21	-952.722	1003.906	475.053	-1165.418	948.756	454.649	-1065.384	850.389	475.999	-845.661	886.393	456.946	-949.819	907.044	102.769	-808.622	727.183	56.738	-868.932	1104.928	34.269	-1104.166	990.292	103.224	-1115.242	1060.854	104.879	-1173.858	787.186	45.471	-907.625	793.463	46.372	-802.8	1001.372	31.408	-814.547	927.238	104.522	-894.504	831.726	388.359	-836.894	829.674	307.717	-819.108	876.027	54.611	-1277.235	900.05	44.55	-1205.37	986.518	37.411	-1274.986	792.048	613.112	-878.158	793.433	696.128	-874.52	837.694	692.443	-829.145	1031.976	656.654	-1155.316	977.419	648.199	-1188.644	978.34	565.164	-1181.711	988.303	390.348	-1204.639	1003.635	304.044	-1210.22	1047.448	399.382	-1181.332	883.933	395.958	-801.101	885.722	309.818	-784.696	1062.72	317.286	-1187.085	837.321	605.782	-833.471	1031.687	568.317	-1148.764	1098.309	32.124	-1172.669	1024.819	25.271	-1100.974	935.352	22.258	-780.07	956.52	27.247	-883.583
1975	9.87	926.644	1692.822	-991.948	935.85	1410.423	-817.004	1093.736	1399.793	-1089.84	902.293	1359.209	-1018.472	805.687	912.276	-931.359	928.26	931.858	-1133.557	1009.944	964.174	-952.703	1003.929	475.042	-1165.404	948.795	454.622	-1065.362	850.419	475.987	-845.639	886.424	456.93	-949.803	907.043	102.789	-808.618	727.236	56.407	-868.381	1104.947	34.277	-1104.178	990.293	103.188	-1115.282	1060.784	104.852	-1173.888	786.577	45.355	-908.417	793.488	46.369	-802.787	1001.376	31.407	-814.566	927.242	104.582	-894.52	831.714	388.376	-836.952	829.699	307.698	-819.054	876.019	54.673	-1277.241	900.067	44.524	-1205.371	986.506	37.462	-1275.01	792.072	613.101	-878.164	793.433	696.149	-874.508	837.673	692.433	-829.13	1032.009	656.654	-1155.301	977.43	648.226	-1188.65	978.335	565.182	-1181.715	988.315	390.315	-1204.619	1003.658	304.054	-1210.207	1047.443	399.389	-1181.35	883.965	395.965	-801.11	885.72	309.819	-784.71	1062.73	317.328	-1187.099	837.3	605.778	-833.503	1031.71	568.31	-1148.795	1098.297	32.103	-1172.709	1024.792	25.271	-1100.995	935.306	22.274	-780.054	956.491	27.263	-883.574
1976	9.875	926.621	1692.836	-991.931	935.849	1410.419	-817.008	1093.716	1399.817	-1089.831	902.277	1359.239	-1018.463	805.688	912.26	-931.341	928.271	931.859	-1133.549	1009.918	964.19	-952.708	1003.917	475.025	-1165.393	948.754	454.657	-1065.372	850.411	475.988	-845.687	886.433	456.949	-949.783	907.055	102.78	-808.613	727.197	56.299	-868.358	1104.923	34.257	-1104.166	990.267	103.171	-1115.216	1060.693	104.896	-1173.973	786.514	45.353	-908.504	793.491	46.368	-802.789	1001.38	31.426	-814.552	927.211	104.594	-894.519	831.696	388.372	-836.988	829.71	307.696	-819.072	876.017	54.635	-1277.235	900.044	44.533	-1205.379	986.484	37.465	-1275.005	792.094	613.1	-878.155	793.422	696.148	-874.524	837.687	692.436	-829.154	1032.02	656.639	-1155.285	977.434	648.205	-1188.624	978.356	565.192	-1181.708	988.321	390.332	-1204.611	1003.662	304.024	-1210.202	1047.459	399.378	-1181.317	883.977	395.952	-801.089	885.736	309.827	-784.715	1062.742	317.317	-1187.075	837.332	605.766	-833.49	1031.688	568.311	-1148.78	1098.301	32.124	-1172.688	1024.807	25.278	-1100.983	935.288	22.256	-780.077	956.499	27.257	-883.58
1977	9.88	926.598	1692.816	-991.893	935.814	1410.405	-817.011	1093.717	1399.823	-1089.822	902.273	1359.244	-1018.463	805.675	912.258	-931.369	928.284	931.85	-1133.538	1009.966	964.195	-952.705	1003.92	475.057	-1165.397	948.799	454.657	-1065.361	850.382	476.014	-845.748	886.426	456.933	-949.812	907.056	102.795	-808.579	727.147	56.25	-868.414	1104.945	34.262	-1104.171	990.288	103.217	-1115.261	1060.773	104.861	-1173.911	786.484	45.408	-908.677	793.46	46.38	-802.797	1001.371	31.418	-814.59	927.237	104.563	-894.525	831.666	388.335	-837.059	829.702	307.732	-819.075	876.028	54.631	-1277.228	900.055	44.549	-1205.361	986.515	37.468	-1275.007	792.092	613.097	-878.139	793.429	696.114	-874.523	837.71	692.44	-829.142	1032.037	656.654	-1155.286	977.425	648.245	-1188.623	978.379	565.172	-1181.679	988.324	390.31	-1204.607	1003.676	304.033	-1210.209	1047.483	399.375	-1181.321	884.012	395.957	-801.079	885.704	309.831	-784.675	1062.732	317.276	-1187.061	837.318	605.75	-833.528	1031.727	568.298	-1148.769	1098.3	32.13	-1172.687	1024.773	25.286	-1101.004	935.32	22.28	-780.048	956.477	27.274	-883.578
1978	9.885	926.581	1692.819	-991.87	935.779	1410.39	-816.979	1093.709	1399.851	-1089.829	902.253	1359.241	-1018.447	805.665	912.255	-931.357	928.276	931.837	-1133.538	1009.954	964.211	-952.693	1003.957	475.023	-1165.361	948.8	454.658	-1065.368	850.309	475.986	-845.795	886.435	456.966	-949.794	907.044	102.795	-808.611	727.098	56.262	-868.489	1104.935	34.256	-1104.164	990.277	103.203	-1115.235	1060.657	104.644	-1173.916	786.414	45.482	-908.819	793.465	46.375	-802.782	1001.38	31.391	-814.532	927.21	104.535	-894.502	831.613	388.353	-837.081	829.712	307.711	-819.067	876.022	54.629	-1277.228	900.045	44.54	-1205.332	986.505	37.448	-1275.002	792.114	613.094	-878.148	793.448	696.105	-874.5	837.672	692.442	-829.138	1032.027	656.627	-1155.236	977.457	648.223	-1188.611	978.354	565.164	-1181.694	988.33	390.339	-1204.606	1003.664	304.032	-1210.195	1047.479	399.4	-1181.338	883.969	395.985	-801.097	885.745	309.812	-784.701	1062.738	317.338	-1187.063	837.288	605.725	-833.557	1031.706	568.302	-1148.743	1098.301	32.142	-1172.701	1024.796	25.259	-1100.994	935.347	22.264	-780.069	956.494	27.272	-883.579
1979	9.89	926.56	1692.829	-991.87	935.801	1410.396	-816.99	1093.692	1399.853	-1089.846	902.257	1359.258	-1018.44	805.684	912.253	-931.377	928.27	931.876	-1133.539	1009.926	964.19	-952.676	1003.944	475.049	-1165.37	948.824	454.659	-1065.324	850.327	476.022	-845.841	886.413	456.962	-949.779	907.046	102.772	-808.585	727.068	56.33	-868.586	1104.919	34.254	-1104.163	990.265	103.195	-1115.258	1060.54	104.775	-1174.004	786.358	45.565	-908.981	793.489	46.363	-802.804	1001.37	31.416	-814.548	927.174	104.542	-894.508	831.618	388.309	-837.125	829.721	307.702	-819.064	876.033	54.603	-1277.218	900.042	44.536	-1205.357	986.498	37.437	-1275.016	792.106	613.107	-878.149	793.443	696.119	-874.503	837.682	692.447	-829.123	1032.012	656.626	-1155.261	977.45	648.236	-1188.618	978.367	565.167	-1181.669	988.324	390.338	-1204.612	1003.657	304.038	-1210.198	1047.46	399.394	-1181.328	883.962	395.957	-801.077	885.702	309.84	-784.7	1062.735	317.31	-1187.059	837.31	605.714	-833.563	1031.724	568.331	-1148.736	1098.302	32.134	-1172.689	1024.805	25.254	-1100.985	935.332	22.227	-780.075	956.491	27.276	-883.568
1980	9.895	926.54	1692.814	-991.84	935.793	1410.404	-816.913	1093.683	1399.876	-1089.843	902.255	1359.241	-1018.42	805.692	912.249	-931.356	928.289	931.833	-1133.498	1009.971	964.243	-952.676	1003.905	475.033	-1165.36	948.808	454.674	-1065.348	850.305	476.038	-845.876	886.432	456.981	-949.776	907.033	102.813	-808.585	727.034	56.347	-868.67	1104.922	34.292	-1104.175	990.295	103.171	-1115.235	1060.77	104.854	-1173.86	786.413	45.609	-908.966	793.473	46.363	-802.795	1001.35	31.43	-814.539	927.257	104.558	-894.502	831.6	388.359	-837.136	829.721	307.732	-819.044	876.002	54.688	-1277.25	900.045	44.543	-1205.348	986.514	37.517	-1275.045	792.131	613.103	-878.141	793.453	696.119	-874.485	837.664	692.471	-829.109	1032.026	656.623	-1155.24	977.445	648.238	-1188.611	978.365	565.193	-1181.688	988.317	390.329	-1204.585	1003.673	304.043	-1210.203	1047.476	399.397	-1181.314	884.007	395.969	-801.082	885.772	309.821	-784.702	1062.741	317.354	-1187.074	837.275	605.722	-833.593	1031.749	568.319	-1148.735	1098.3	32.11	-1172.707	1024.801	25.266	-1100.997	935.339	22.238	-780.073	956.484	27.285	-883.574
1981	9.9	926.515	1692.836	-991.829	935.805	1410.396	-816.937	1093.651	1399.872	-1089.817	902.233	1359.274	-1018.434	805.691	912.257	-931.349	928.282	931.843	-1133.51	1009.907	964.204	-952.715	1003.964	475.044	-1165.359	948.773	454.669	-1065.346	850.277	476.079	-845.922	886.444	456.95	-949.773	907.054	102.773	-808.623	726.981	56.39	-868.782	1104.933	34.263	-1104.179	990.258	103.199	-1115.275	1060.744	104.917	-1173.923	786.522	45.648	-908.821	793.469	46.365	-802.794	1001.367	31.407	-814.516	927.205	104.557	-894.497	831.583	388.341	-837.164	829.722	307.714	-819.069	876.013	54.633	-1277.238	900.021	44.575	-1205.386	986.503	37.422	-1274.992	792.11	613.121	-878.126	793.45	696.108	-874.483	837.71	692.445	-829.116	1032.032	656.639	-1155.25	977.45	648.243	-1188.611	978.375	565.207	-1181.672	988.341	390.348	-1204.593	1003.662	304.057	-1210.184	1047.48	399.418	-1181.287	883.998	395.969	-801.07	885.765	309.805	-784.66	1062.74	317.319	-1187.034	837.292	605.677	-833.626	1031.747	568.343	-1148.758	1098.293	32.11	-1172.671	1024.798	25.264	-1100.999	935.339	22.263	-780.057	956.477	27.283	-883.575
1982	9.905	926.476	1692.836	-991.817	935.794	1410.385	-816.898	1093.639	1399.905	-1089.81	902.203	1359.276	-1018.409	805.711	912.254	-931.362	928.291	931.839	-1133.497	1009.938	964.244	-952.669	1003.933	475.041	-1165.372	948.825	454.66	-1065.317	850.237	476.079	-845.973	886.443	456.986	-949.775	907.057	102.742	-808.585	726.964	56.392	-868.856	1104.937	34.264	-1104.167	990.282	103.196	-1115.24	1060.58	104.687	-1174.01	787.146	45.488	-907.596	793.463	46.369	-802.795	1001.336	31.413	-814.546	927.209	104.525	-894.499	831.568	388.356	-837.179	829.733	307.753	-819.046	876.015	54.655	-1277.234	900.029	44.587	-1205.367	986.482	37.481	-1275.014	792.134	613.11	-878.14	793.444	696.119	-874.48	837.726	692.449	-829.116	1032.047	656.65	-1155.238	977.481	648.24	-1188.601	978.39	565.226	-1181.679	988.319	390.356	-1204.608	1003.666	304.037	-1210.206	1047.478	399.411	-1181.309	884.015	395.962	-801.062	885.743	309.795	-784.702	1062.743	317.346	-1187.078	837.294	605.686	-833.67	1031.735	568.339	-1148.745	1098.311	32.133	-1172.693	1024.809	25.285	-1100.987	935.323	22.252	-780.085	956.484	27.3	-883.572
1983	9.91	926.471	1692.839	-991.8	935.746	1410.38	-816.901	1093.627	1399.902	-1089.815	902.199	1359.276	-1018.411	805.717	912.256	-931.35	928.295	931.866	-1133.523	1009.983	964.264	-952.648	1003.94	475.056	-1165.368	948.792	454.683	-1065.362	850.219	476.107	-846.045	886.455	456.99	-949.773	907.248	103.171	-808.363	726.954	56.45	-868.929	1104.919	34.272	-1104.175	990.264	103.155	-1115.243	1060.627	104.817	-1173.965	787.519	44.947	-906.395	793.48	46.397	-802.793	1001.383	31.436	-814.537	927.247	104.53	-894.511	831.582	388.323	-837.158	829.743	307.723	-819.04	875.992	54.665	-1277.227	900.028	44.555	-1205.369	986.49	37.474	-1275.027	792.133	613.128	-878.104	793.487	696.115	-874.479	837.732	692.451	-829.107	1032.042	656.668	-1155.256	977.484	648.261	-1188.606	978.381	565.184	-1181.677	988.343	390.37	-1204.603	1003.689	304.023	-1210.206	1047.485	399.421	-1181.301	884.029	395.97	-801.071	885.729	309.838	-784.707	1062.744	317.366	-1187.059	837.321	605.66	-833.672	1031.742	568.395	-1148.77	1098.272	32.161	-1172.716	1024.802	25.269	-1101	935.322	22.276	-780.038	956.466	27.277	-883.573
1984	9.915	926.442	1692.85	-991.786	935.793	1410.398	-816.882	1093.631	1399.912	-1089.806	902.198	1359.269	-1018.38	805.717	912.263	-931.334	928.312	931.85	-1133.507	1009.916	964.204	-952.674	1003.932	475.069	-1165.373	948.798	454.7	-1065.343	850.197	476.096	-846.094	886.445	456.953	-949.782	907.042	102.759	-808.62	726.96	56.491	-868.965	1104.925	34.273	-1104.175	990.258	103.237	-1115.291	1060.73	104.862	-1173.927	787.486	44.969	-906.463	793.473	46.381	-802.807	1001.359	31.455	-814.538	927.222	104.573	-894.458	831.576	388.345	-837.189	829.746	307.739	-819.028	875.998	54.664	-1277.257	900.038	44.559	-1205.364	986.491	37.455	-1275.036	792.13	613.139	-878.109	793.494	696.134	-874.486	837.737	692.46	-829.102	1032.051	656.656	-1155.249	977.472	648.291	-1188.64	978.378	565.204	-1181.692	988.34	390.354	-1204.601	1003.677	304.021	-1210.189	1047.485	399.413	-1181.285	884.015	395.984	-801.061	885.739	309.814	-784.698	1062.741	317.386	-1187.084	837.304	605.661	-833.658	1031.738	568.338	-1148.73	1098.297	32.125	-1172.71	1024.757	25.249	-1101.009	935.311	22.275	-780.046	956.473	27.288	-883.579
1985	9.92	926.428	1692.835	-991.763	935.769	1410.381	-816.878	1093.613	1399.93	-1089.807	902.171	1359.302	-1018.381	805.727	912.267	-931.345	928.318	931.86	-1133.506	1009.992	964.248	-952.649	1003.957	475.083	-1165.371	948.801	454.715	-1065.329	850.167	476.07	-846.103	886.458	456.953	-949.797	907.068	102.777	-808.583	726.949	56.496	-868.977	1104.902	34.3	-1104.185	990.286	103.18	-1115.24	1060.788	104.877	-1173.89	787.396	44.925	-906.625	793.462	46.399	-802.795	1001.334	31.414	-814.535	927.197	104.572	-894.516	831.587	388.355	-837.161	829.738	307.688	-819.033	876.004	54.652	-1277.235	900.054	44.533	-1205.353	986.497	37.46	-1275.019	792.137	613.134	-878.106	793.484	696.125	-874.472	837.736	692.455	-829.102	1032.062	656.635	-1155.256	977.489	648.274	-1188.618	978.402	565.207	-1181.669	988.348	390.362	-1204.606	1003.671	304.042	-1210.201	1047.496	399.416	-1181.302	883.99	395.96	-801.069	885.775	309.823	-784.696	1062.757	317.358	-1187.064	837.327	605.645	-833.637	1031.752	568.332	-1148.727	1098.3	32.115	-1172.673	1024.792	25.245	-1100.984	935.312	22.252	-780.053	956.481	27.319	-883.598
1986	9.925	926.422	1692.857	-991.752	935.738	1410.376	-816.922	1093.612	1399.916	-1089.774	902.17	1359.298	-1018.401	805.749	912.262	-931.337	928.324	931.891	-1133.51	1010.018	964.224	-952.687	1003.96	475.082	-1165.389	948.801	454.654	-1065.347	850.144	476.092	-846.177	886.499	456.985	-949.779	907.25	103.162	-808.352	726.956	56.503	-868.992	1104.923	34.264	-1104.166	990.311	103.141	-1115.228	1060.85	104.854	-1173.856	787.323	44.949	-906.786	793.496	46.4	-802.771	1001.365	31.427	-814.54	927.221	104.565	-894.517	831.586	388.329	-837.171	829.755	307.731	-819.036	876.021	54.644	-1277.229	900.039	44.568	-1205.372	986.485	37.457	-1275.018	792.129	613.141	-878.103	793.505	696.126	-874.461	837.773	692.432	-829.114	1032.06	656.64	-1155.245	977.512	648.27	-1188.616	978.405	565.227	-1181.672	988.347	390.344	-1204.6	1003.658	304.076	-1210.2	1047.49	399.384	-1181.296	884.018	395.983	-801.065	885.762	309.827	-784.684	1062.755	317.342	-1187.049	837.373	605.645	-833.647	1031.764	568.312	-1148.752	1098.303	32.105	-1172.674	1024.782	25.262	-1100.983	935.316	22.274	-780.05	956.483	27.286	-883.588
1987	9.93	926.401	1692.847	-991.708	935.73	1410.382	-816.856	1093.589	1399.926	-1089.779	902.155	1359.298	-1018.366	805.759	912.257	-931.335	928.33	931.873	-1133.517	1010.027	964.278	-952.67	1003.963	475.034	-1165.351	948.8	454.671	-1065.348	850.065	476.109	-846.212	886.445	456.944	-949.789	907.052	102.793	-808.584	726.943	56.516	-868.985	1104.943	34.285	-1104.189	990.274	103.257	-1115.265	1060.71	104.814	-1173.932	787.255	45.04	-906.966	793.476	46.401	-802.785	1001.326	31.412	-814.541	927.247	104.584	-894.483	831.584	388.335	-837.188	829.734	307.739	-819.055	876.021	54.647	-1277.246	900.039	44.567	-1205.385	986.498	37.465	-1275.025	792.128	613.123	-878.101	793.502	696.119	-874.469	837.758	692.447	-829.106	1032.09	656.658	-1155.279	977.519	648.24	-1188.611	978.416	565.196	-1181.707	988.348	390.347	-1204.586	1003.686	304.027	-1210.195	1047.487	399.42	-1181.304	884.002	395.984	-801.078	885.767	309.794	-784.659	1062.755	317.328	-1187.064	837.376	605.639	-833.632	1031.75	568.326	-1148.735	1098.32	32.125	-1172.701	1024.802	25.266	-1100.991	935.291	22.287	-780.047	956.515	27.276	-883.582
1988	9.935	926.371	1692.859	-991.702	935.721	1410.366	-816.863	1093.587	1399.943	-1089.759	902.15	1359.308	-1018.386	805.759	912.273	-931.318	928.343	931.87	-1133.515	1009.975	964.209	-952.652	1003.963	475.031	-1165.362	948.788	454.664	-1065.364	850.083	476.064	-846.246	886.445	456.989	-949.81	907.049	102.739	-808.608	726.95	56.499	-869.004	1104.934	34.246	-1104.176	990.289	103.187	-1115.248	1060.767	104.838	-1173.897	787.153	45.082	-907.152	793.477	46.352	-802.774	1001.361	31.393	-814.549	927.212	104.563	-894.511	831.569	388.321	-837.168	829.728	307.706	-819.053	876.001	54.651	-1277.245	900.026	44.554	-1205.411	986.512	37.436	-1275.005	792.14	613.131	-878.107	793.481	696.13	-874.458	837.754	692.462	-829.074	1032.069	656.648	-1155.248	977.49	648.23	-1188.617	978.409	565.176	-1181.678	988.312	390.326	-1204.598	1003.655	304.049	-1210.215	1047.47	399.399	-1181.303	884.009	395.948	-801.065	885.797	309.801	-784.671	1062.756	317.363	-1187.101	837.402	605.624	-833.621	1031.745	568.293	-1148.733	1098.292	32.155	-1172.7	1024.796	25.287	-1100.995	935.294	22.25	-780.072	956.499	27.3	-883.597
1989	9.94	926.348	1692.846	-991.663	935.67	1410.379	-816.864	1093.574	1399.922	-1089.772	902.106	1359.302	-1018.364	805.769	912.271	-931.334	928.356	931.838	-1133.493	1010	964.206	-952.638	1003.951	475.043	-1165.389	948.764	454.62	-1065.354	849.993	476.044	-846.337	886.446	456.944	-949.789	907.033	102.755	-808.63	726.934	56.501	-869.008	1104.909	34.245	-1104.185	990.275	103.183	-1115.254	1060.855	104.921	-1173.853	787.111	45.136	-907.324	793.464	46.366	-802.81	1001.376	31.391	-814.565	927.221	104.572	-894.496	831.552	388.323	-837.169	829.719	307.709	-819.077	876.02	54.637	-1277.253	900.046	44.532	-1205.392	986.508	37.461	-1275.019	792.123	613.102	-878.119	793.5	696.111	-874.439	837.756	692.451	-829.076	1032.074	656.595	-1155.23	977.499	648.229	-1188.6	978.412	565.161	-1181.695	988.348	390.328	-1204.611	1003.654	304.022	-1210.198	1047.472	399.413	-1181.329	883.982	395.935	-801.107	885.762	309.792	-784.682	1062.72	317.313	-1187.062	837.392	605.608	-833.61	1031.762	568.276	-1148.725	1098.301	32.099	-1172.698	1024.788	25.25	-1101.008	935.316	22.235	-780.085	956.509	27.265	-883.558
1990	9.945	926.334	1692.826	-991.63	935.657	1410.372	-816.845	1093.552	1399.944	-1089.734	902.113	1359.269	-1018.345	805.762	912.25	-931.303	928.35	931.822	-1133.493	1010.061	964.185	-952.637	1003.943	475	-1165.343	948.771	454.675	-1065.367	849.978	476.021	-846.379	886.413	456.931	-949.787	907.033	102.743	-808.598	726.957	56.525	-868.999	1104.944	34.252	-1104.174	990.287	103.191	-1115.255	1060.855	104.877	-1173.876	787.06	45.18	-907.466	793.477	46.36	-802.794	1001.385	31.406	-814.562	927.203	104.539	-894.512	831.54	388.316	-837.183	829.721	307.681	-819.063	876.021	54.631	-1277.252	900.023	44.546	-1205.401	986.501	37.417	-1275.019	792.118	613.13	-878.153	793.491	696.112	-874.459	837.755	692.422	-829.099	1032.062	656.628	-1155.252	977.509	648.234	-1188.599	978.401	565.125	-1181.669	988.317	390.302	-1204.598	1003.663	304.045	-1210.207	1047.475	399.361	-1181.304	883.966	395.951	-801.102	885.749	309.784	-784.712	1062.739	317.318	-1187.078	837.458	605.641	-833.584	1031.751	568.282	-1148.74	1098.291	32.127	-1172.721	1024.774	25.258	-1100.971	935.326	22.243	-780.092	956.498	27.267	-883.566
1991	9.95	926.302	1692.822	-991.608	935.612	1410.361	-816.837	1093.522	1399.968	-1089.77	902.097	1359.263	-1018.366	805.788	912.251	-931.321	928.403	931.856	-1133.505	1010.015	964.156	-952.638	1003.928	475.022	-1165.391	948.794	454.658	-1065.363	849.931	476.035	-846.419	886.435	456.943	-949.799	907.035	102.724	-808.643	726.959	56.493	-869.037	1104.921	34.273	-1104.194	990.284	103.168	-1115.27	1060.779	104.857	-1173.906	787.007	45.206	-907.573	793.475	46.36	-802.81	1001.372	31.408	-814.556	927.177	104.511	-894.512	831.56	388.308	-837.178	829.686	307.679	-819.096	876.03	54.612	-1277.253	900.019	44.538	-1205.389	986.471	37.435	-1275.022	792.137	613.107	-878.129	793.478	696.095	-874.477	837.72	692.41	-829.117	1032.057	656.618	-1155.231	977.502	648.2	-1188.58	978.406	565.148	-1181.678	988.31	390.316	-1204.607	1003.66	304.017	-1210.22	1047.481	399.399	-1181.339	883.942	395.918	-801.12	885.713	309.784	-784.712	1062.718	317.312	-1187.106	837.47	605.62	-833.583	1031.757	568.298	-1148.717	1098.312	32.107	-1172.669	1024.794	25.242	-1100.996	935.35	22.243	-780.035	956.476	27.283	-883.57
1992	9.955	926.286	1692.824	-991.579	935.595	1410.359	-816.833	1093.512	1399.982	-1089.764	902.086	1359.267	-1018.364	805.784	912.263	-931.305	928.388	931.859	-1133.482	1010.069	964.186	-952.631	1003.923	475.032	-1165.41	948.796	454.642	-1065.355	849.924	476.031	-846.489	886.383	456.909	-949.827	907.055	102.736	-808.633	726.969	56.508	-869.029	1104.925	34.256	-1104.188	990.294	103.218	-1115.259	1060.861	104.891	-1173.893	786.987	45.211	-907.652	793.477	46.377	-802.804	1001.364	31.378	-814.561	927.219	104.484	-894.526	831.55	388.296	-837.187	829.69	307.665	-819.062	876.025	54.6	-1277.26	900.054	44.544	-1205.388	986.468	37.459	-1275.023	792.138	613.126	-878.124	793.496	696.115	-874.469	837.726	692.412	-829.107	1032.092	656.603	-1155.236	977.479	648.221	-1188.609	978.395	565.153	-1181.687	988.289	390.332	-1204.605	1003.648	304.018	-1210.203	1047.466	399.38	-1181.347	883.936	395.933	-801.11	885.687	309.823	-784.747	1062.718	317.327	-1187.091	837.497	605.606	-833.564	1031.756	568.25	-1148.715	1098.321	32.091	-1172.683	1024.804	25.268	-1100.98	935.31	22.244	-780.071	956.485	27.243	-883.563
1993	9.96	926.28	1692.815	-991.586	935.553	1410.358	-816.83	1093.496	1399.975	-1089.742	902.056	1359.281	-1018.369	805.79	912.231	-931.302	928.393	931.855	-1133.48	1010.104	964.173	-952.647	1003.946	475.01	-1165.372	948.772	454.627	-1065.357	849.864	476.034	-846.55	886.404	456.897	-949.804	907.07	102.761	-808.651	726.964	56.464	-869.006	1104.936	34.259	-1104.202	990.305	103.135	-1115.255	1060.767	104.838	-1173.897	786.993	45.241	-907.681	793.469	46.344	-802.807	1001.378	31.37	-814.56	927.203	104.485	-894.527	831.555	388.335	-837.178	829.68	307.684	-819.113	876.024	54.603	-1277.239	900.056	44.525	-1205.391	986.508	37.396	-1275.032	792.113	613.111	-878.166	793.484	696.114	-874.474	837.734	692.426	-829.109	1032.066	656.595	-1155.22	977.491	648.231	-1188.634	978.389	565.153	-1181.707	988.309	390.305	-1204.609	1003.656	304.02	-1210.214	1047.455	399.39	-1181.349	883.943	395.935	-801.119	885.717	309.773	-784.715	1062.725	317.295	-1187.062	838.45	604.358	-833.995	1031.728	568.23	-1148.743	1098.328	32.086	-1172.667	1024.784	25.26	-1100.99	935.339	22.264	-780.073	956.489	27.234	-883.576
1994	9.965	926.255	1692.823	-991.545	935.522	1410.369	-816.847	1093.454	1400.01	-1089.769	902.044	1359.271	-1018.383	805.802	912.245	-931.294	928.396	931.855	-1133.476	1010.066	964.178	-952.638	1003.923	475.07	-1165.422	948.802	454.655	-1065.353	849.837	476.045	-846.597	886.415	456.919	-949.82	907.051	102.748	-808.633	726.995	56.473	-869.02	1104.939	34.235	-1104.16	990.272	103.188	-1115.258	1060.775	104.931	-1173.942	786.968	45.294	-907.736	793.493	46.352	-802.788	1001.369	31.369	-814.551	927.26	104.509	-894.531	831.551	388.329	-837.187	829.664	307.676	-819.076	876.048	54.607	-1277.239	900.041	44.529	-1205.367	986.528	37.457	-1275.043	792.108	613.115	-878.166	793.485	696.119	-874.496	837.74	692.43	-829.097	1032.075	656.607	-1155.253	977.479	648.206	-1188.615	978.378	565.166	-1181.686	988.301	390.324	-1204.628	1003.646	304.003	-1210.224	1047.445	399.364	-1181.328	883.936	395.932	-801.113	885.697	309.774	-784.734	1062.713	317.318	-1187.116	837.533	605.608	-833.51	1031.721	568.29	-1148.784	1098.293	32.124	-1172.718	1024.795	25.262	-1100.991	935.365	22.277	-780.053	956.505	27.25	-883.587
1995	9.97	926.243	1692.804	-991.549	935.498	1410.38	-816.839	1093.431	1400.027	-1089.781	902.03	1359.26	-1018.367	805.807	912.248	-931.318	928.421	931.851	-1133.486	1010.111	964.174	-952.64	1003.934	475.033	-1165.388	948.813	454.688	-1065.371	849.799	476.061	-846.638	886.426	456.928	-949.828	907.058	102.769	-808.615	726.963	56.474	-869.017	1104.942	34.273	-1104.18	990.266	103.22	-1115.283	1060.768	104.864	-1173.934	786.932	45.305	-907.788	793.489	46.362	-802.786	1001.353	31.387	-814.573	927.278	104.572	-894.535	831.549	388.346	-837.189	829.656	307.686	-819.09	876.008	54.624	-1277.254	900.067	44.497	-1205.379	986.532	37.443	-1275.022	792.089	613.133	-878.174	793.482	696.104	-874.485	837.745	692.426	-829.13	1032.066	656.623	-1155.258	977.492	648.21	-1188.626	978.401	565.165	-1181.711	988.282	390.328	-1204.616	1003.604	304.048	-1210.218	1047.457	399.368	-1181.353	883.965	395.949	-801.135	885.735	309.796	-784.73	1062.721	317.299	-1187.073	837.57	605.632	-833.508	1031.723	568.259	-1148.75	1098.3	32.114	-1172.659	1024.806	25.288	-1100.965	935.356	22.316	-780.048	956.5	27.239	-883.571
1996	9.975	926.199	1692.819	-991.551	935.476	1410.386	-816.818	1093.423	1400.039	-1089.768	902.018	1359.276	-1018.394	805.81	912.25	-931.345	928.429	931.848	-1133.474	1010.124	964.155	-952.626	1003.908	475.009	-1165.366	948.815	454.635	-1065.357	849.771	476.088	-846.698	886.456	456.926	-949.793	907.026	102.754	-808.648	726.972	56.473	-869.012	1104.936	34.266	-1104.185	990.286	103.234	-1115.308	1060.698	104.903	-1173.958	786.928	45.296	-907.818	793.477	46.381	-802.787	1001.372	31.425	-814.531	927.219	104.551	-894.521	831.55	388.319	-837.198	829.684	307.683	-819.111	876.024	54.609	-1277.244	900.031	44.526	-1205.371	986.523	37.448	-1275.048	792.096	613.13	-878.178	793.475	696.126	-874.531	837.731	692.456	-829.118	1032.064	656.594	-1155.26	977.507	648.219	-1188.625	978.402	565.173	-1181.683	988.314	390.344	-1204.615	1003.648	304.039	-1210.251	1047.457	399.393	-1181.329	883.944	395.958	-801.124	885.661	309.817	-784.729	1062.73	317.328	-1187.099	837.553	605.577	-833.492	1031.745	568.264	-1148.766	1098.298	32.097	-1172.71	1024.79	25.254	-1100.987	935.354	22.306	-780.063	956.5	27.292	-883.589
1997	9.98	926.164	1692.813	-991.527	935.439	1410.378	-816.798	1093.394	1400.032	-1089.778	902.033	1359.245	-1018.371	805.802	912.26	-931.327	928.416	931.879	-1133.474	1010.107	964.153	-952.605	1003.92	475.024	-1165.385	948.752	454.679	-1065.377	849.735	476.094	-846.724	886.437	456.932	-949.832	907.033	102.761	-808.665	726.975	56.491	-869.034	1104.914	34.279	-1104.174	990.264	103.199	-1115.263	1060.697	104.823	-1174.007	786.936	45.304	-907.809	793.49	46.377	-802.805	1001.38	31.408	-814.568	927.246	104.56	-894.519	831.536	388.344	-837.212	829.676	307.683	-819.101	876.016	54.618	-1277.253	900.033	44.523	-1205.399	986.497	37.422	-1275.038	792.1	613.141	-878.183	793.467	696.147	-874.517	837.749	692.448	-829.134	1032.058	656.59	-1155.273	977.493	648.216	-1188.62	978.381	565.163	-1181.706	988.318	390.334	-1204.628	1003.625	304.058	-1210.246	1047.455	399.42	-1181.35	883.962	395.935	-801.13	885.728	309.811	-784.712	1062.721	317.318	-1187.095	837.602	605.61	-833.512	1031.734	568.297	-1148.79	1098.297	32.118	-1172.692	1024.801	25.29	-1100.99	935.345	22.289	-780.076	956.501	27.271	-883.561
1998	9.985	926.158	1692.809	-991.515	935.404	1410.359	-816.806	1093.364	1400.063	-1089.755	902	1359.261	-1018.359	805.805	912.25	-931.342	928.43	931.899	-1133.508	1010.097	964.151	-952.62	1003.922	475.045	-1165.398	948.79	454.666	-1065.344	849.75	476.102	-846.779	886.444	456.981	-949.791	907.072	102.817	-808.62	726.954	56.49	-869.014	1104.94	34.275	-1104.167	990.269	103.183	-1115.285	1060.724	104.76	-1173.892	786.94	45.297	-907.818	793.473	46.398	-802.797	1001.399	31.428	-814.551	927.264	104.589	-894.502	831.543	388.342	-837.191	829.679	307.713	-819.105	876.012	54.666	-1277.262	900.037	44.565	-1205.398	986.509	37.447	-1275.029	792.106	613.172	-878.193	793.478	696.134	-874.553	837.755	692.443	-829.159	1032.094	656.61	-1155.262	977.488	648.217	-1188.638	978.394	565.175	-1181.74	988.301	390.337	-1204.62	1003.639	304.005	-1210.226	1047.457	399.383	-1181.334	883.964	395.947	-801.118	885.707	309.838	-784.723	1062.73	317.309	-1187.074	837.612	605.637	-833.46	1031.757	568.305	-1148.801	1098.312	32.121	-1172.675	1024.79	25.285	-1101.008	935.355	22.28	-780.085	956.475	27.262	-883.554
1999	9.99	926.122	1692.808	-991.509	935.372	1410.385	-816.8	1093.361	1400.066	-1089.75	901.959	1359.252	-1018.357	805.8	912.276	-931.347	928.451	931.86	-1133.477	1010.151	964.192	-952.636	1003.933	475.052	-1165.39	948.763	454.666	-1065.375	849.719	476.087	-846.836	886.478	456.956	-949.817	907.073	102.78	-808.626	726.957	56.488	-869.026	1104.942	34.273	-1104.187	990.28	103.162	-1115.248	1060.686	104.768	-1173.971	786.954	45.306	-907.797	793.494	46.38	-802.795	1001.368	31.415	-814.52	927.238	104.536	-894.538	831.552	388.34	-837.203	829.681	307.706	-819.1	876.011	54.636	-1277.235	900.039	44.541	-1205.374	986.508	37.463	-1275.022	792.147	613.134	-878.185	793.487	696.122	-874.542	837.753	692.445	-829.173	1032.078	656.587	-1155.247	977.528	648.25	-1188.622	978.411	565.178	-1181.695	988.313	390.322	-1204.617	1003.656	304.036	-1210.218	1047.491	399.386	-1181.311	883.976	395.977	-801.133	885.708	309.827	-784.721	1062.727	317.294	-1187.063	837.657	605.626	-833.41	1031.739	568.272	-1148.756	1098.299	32.144	-1172.7	1024.804	25.276	-1100.98	935.343	22.309	-780.071	956.471	27.286	-883.582
2000	9.995	926.067	1692.804	-991.51	935.362	1410.385	-816.781	1093.342	1400.078	-1089.742	901.938	1359.276	-1018.356	805.817	912.284	-931.352	928.456	931.868	-1133.489	1010.094	964.189	-952.614	1003.948	475.053	-1165.398	948.834	454.669	-1065.374	849.695	476.091	-846.848	886.469	456.929	-949.818	907.049	102.795	-808.634	726.947	56.518	-869.009	1104.949	34.291	-1104.175	990.275	103.167	-1115.254	1060.748	104.869	-1173.929	786.943	45.293	-907.822	793.477	46.392	-802.809	1001.389	31.43	-814.54	927.218	104.567	-894.516	831.577	388.329	-837.212	829.697	307.71	-819.099	876.023	54.642	-1277.25	900.015	44.562	-1205.393	986.503	37.507	-1275.051	792.125	613.142	-878.185	793.477	696.15	-874.524	837.758	692.421	-829.194	1032.116	656.608	-1155.245	977.522	648.235	-1188.631	978.421	565.156	-1181.691	988.309	390.336	-1204.618	1003.667	304.018	-1210.2	1047.474	399.388	-1181.33	883.966	395.939	-801.122	885.716	309.818	-784.709	1062.735	317.329	-1187.081	837.692	605.652	-833.368	1031.776	568.269	-1148.756	1098.311	32.1	-1172.689	1024.771	25.282	-1100.987	935.374	22.306	-780.054	956.489	27.302	-883.568
2001	10	926.017	1692.833	-991.509	935.312	1410.408	-816.774	1093.333	1400.069	-1089.732	901.918	1359.224	-1018.32	805.808	912.273	-931.367	928.426	931.864	-1133.492	1010.085	964.19	-952.633	1003.935	475.029	-1165.377	948.758	454.642	-1065.367	849.706	476.106	-846.844	886.487	456.916	-949.822	907.052	102.755	-808.597	726.955	56.504	-869.011	1104.929	34.284	-1104.164	990.265	103.145	-1115.232	1060.785	104.897	-1173.878	786.948	45.302	-907.821	793.478	46.391	-802.789	1001.367	31.408	-814.559	927.222	104.539	-894.509	831.546	388.334	-837.206	829.686	307.727	-819.066	876.041	54.62	-1277.235	900.038	44.537	-1205.368	986.479	37.492	-1275.02	792.147	613.144	-878.172	793.498	696.138	-874.522	837.801	692.403	-829.166	1032.11	656.611	-1155.253	977.533	648.259	-1188.627	978.421	565.152	-1181.683	988.352	390.328	-1204.619	1003.67	304.027	-1210.202	1047.476	399.371	-1181.305	883.952	395.968	-801.115	885.719	309.806	-784.728	1062.746	317.313	-1187.064	837.748	605.614	-833.337	1031.776	568.331	-1148.766	1098.297	32.129	-1172.679	1024.798	25.264	-1100.989	935.323	22.265	-780.075	956.493	27.285	-883.559
2002	10.005	925.979	1692.83	-991.504	935.306	1410.4	-816.753	1093.31	1400.078	-1089.728	901.91	1359.245	-1018.347	805.81	912.267	-931.351	928.43	931.85	-1133.474	1010.08	964.211	-952.611	1003.959	475.029	-1165.38	948.82	454.661	-1065.361	849.703	476.107	-846.843	886.445	456.953	-949.808	907.01	102.767	-808.596	726.951	56.483	-869.01	1104.923	34.278	-1104.17	990.257	103.155	-1115.244	1060.787	104.834	-1173.914	786.94	45.298	-907.795	793.475	46.361	-802.783	1001.378	31.391	-814.534	927.221	104.564	-894.529	831.575	388.337	-837.193	829.698	307.707	-819.089	876.02	54.638	-1277.25	900.034	44.551	-1205.357	986.486	37.435	-1275.006	792.145	613.144	-878.15	793.518	696.109	-874.514	837.773	692.424	-829.155	1032.116	656.598	-1155.239	977.568	648.233	-1188.617	978.459	565.163	-1181.683	988.328	390.339	-1204.608	1003.698	304.015	-1210.243	1047.488	399.384	-1181.304	883.96	395.954	-801.106	885.722	309.831	-784.7	1062.769	317.339	-1187.087	838.712	604.337	-833.717	1031.777	568.299	-1148.732	1098.29	32.106	-1172.666	1024.781	25.28	-1100.981	935.323	22.291	-780.038	956.462	27.29	-883.62
2003	10.01	925.942	1692.832	-991.514	935.285	1410.398	-816.742	1093.308	1400.084	-1089.719	901.871	1359.235	-1018.313	805.83	912.258	-931.359	928.438	931.871	-1133.477	1010.087	964.165	-952.631	1003.97	475.036	-1165.368	948.78	454.663	-1065.377	849.747	476.08	-846.861	886.416	456.95	-949.859	907.028	102.759	-808.596	726.931	56.498	-869.018	1104.929	34.278	-1104.165	990.277	103.209	-1115.245	1060.706	104.816	-1173.967	786.931	45.328	-907.785	793.467	46.395	-802.803	1001.324	31.415	-814.547	927.17	104.549	-894.498	831.56	388.335	-837.174	829.693	307.729	-819.067	876.023	54.621	-1277.241	900.039	44.542	-1205.378	986.472	37.449	-1275.02	792.164	613.147	-878.149	793.522	696.109	-874.502	837.77	692.416	-829.152	1032.124	656.611	-1155.248	977.564	648.243	-1188.626	978.458	565.148	-1181.662	988.357	390.349	-1204.593	1003.703	304.003	-1210.203	1047.486	399.416	-1181.32	883.956	395.947	-801.098	885.687	309.817	-784.724	1062.767	317.317	-1187.04	837.786	605.611	-833.325	1031.8	568.322	-1148.72	1098.315	32.131	-1172.706	1024.779	25.271	-1100.986	935.324	22.288	-780.034	956.499	27.273	-883.561
2004	10.015	925.874	1692.844	-991.513	935.264	1410.412	-816.73	1093.27	1400.1	-1089.71	901.853	1359.242	-1018.315	805.832	912.281	-931.343	928.466	931.88	-1133.482	1010.09	964.237	-952.649	1003.996	475.064	-1165.361	948.774	454.661	-1065.402	849.74	476.12	-846.867	886.459	456.946	-949.839	907.247	103.158	-808.355	726.949	56.523	-869.008	1104.934	34.286	-1104.167	990.293	103.193	-1115.221	1060.768	104.854	-1173.867	786.935	45.314	-907.791	793.472	46.387	-802.793	1001.368	31.388	-814.544	927.203	104.549	-894.494	831.561	388.336	-837.18	829.731	307.719	-819.101	876.015	54.657	-1277.242	900.026	44.555	-1205.372	986.511	37.478	-1275.007	792.18	613.139	-878.149	793.521	696.123	-874.511	837.798	692.44	-829.152	1032.149	656.641	-1155.251	977.565	648.254	-1188.615	978.482	565.204	-1181.683	988.358	390.355	-1204.616	1003.696	304.034	-1210.214	1047.512	399.411	-1181.309	883.957	395.955	-801.116	885.717	309.799	-784.715	1062.767	317.353	-1187.078	837.795	605.596	-833.307	1031.813	568.326	-1148.718	1098.291	32.151	-1172.681	1024.779	25.294	-1100.978	935.334	22.269	-780.055	956.469	27.273	-883.565
2005	10.02	925.835	1692.842	-991.501	935.258	1410.404	-816.715	1093.265	1400.146	-1089.716	901.824	1359.251	-1018.311	805.836	912.273	-931.37	928.477	931.886	-1133.481	1010.077	964.216	-952.629	1003.99	475.063	-1165.361	948.828	454.696	-1065.371	849.696	476.128	-846.867	886.448	456.959	-949.852	907.083	102.767	-808.611	726.961	56.485	-869.006	1104.924	34.286	-1104.175	990.279	103.176	-1115.236	1060.661	104.668	-1173.936	786.914	45.324	-907.805	793.499	46.362	-802.79	1001.387	31.434	-814.545	927.218	104.579	-894.52	831.57	388.334	-837.183	829.709	307.713	-819.083	876.015	54.677	-1277.233	900.039	44.557	-1205.395	986.521	37.497	-1275.031	792.187	613.167	-878.151	793.537	696.137	-874.525	837.826	692.435	-829.155	1032.139	656.62	-1155.237	977.615	648.259	-1188.612	978.469	565.176	-1181.678	988.35	390.36	-1204.622	1003.674	304.074	-1210.234	1047.504	399.38	-1181.297	883.953	395.989	-801.118	885.732	309.81	-784.71	1062.761	317.303	-1187.069	837.802	605.594	-833.294	1031.806	568.322	-1148.741	1098.298	32.156	-1172.684	1024.812	25.303	-1100.984	935.351	22.316	-780.062	956.461	27.28	-883.575
2006	10.025	925.799	1692.857	-991.514	935.228	1410.407	-816.738	1093.268	1400.159	-1089.689	901.831	1359.279	-1018.312	805.86	912.279	-931.39	928.477	931.871	-1133.49	1010.111	964.233	-952.639	1003.993	475.057	-1165.386	948.821	454.694	-1065.373	849.685	476.12	-846.9	886.431	456.931	-949.858	907.029	102.779	-808.627	726.963	56.532	-869.007	1104.937	34.291	-1104.184	990.289	103.187	-1115.248	1060.76	104.905	-1173.896	786.922	45.337	-907.813	793.464	46.396	-802.793	1001.35	31.471	-814.563	927.255	104.588	-894.54	831.584	388.38	-837.186	829.718	307.749	-819.096	876.015	54.681	-1277.244	900.052	44.58	-1205.382	986.51	37.487	-1275.009	792.187	613.174	-878.196	793.541	696.102	-874.511	837.822	692.437	-829.164	1032.169	656.641	-1155.224	977.623	648.252	-1188.614	978.479	565.179	-1181.683	988.372	390.377	-1204.622	1003.682	304.064	-1210.257	1047.507	399.4	-1181.312	883.95	395.99	-801.117	885.71	309.812	-784.739	1062.76	317.298	-1187.073	837.821	605.565	-833.33	1031.841	568.273	-1148.694	1098.311	32.164	-1172.69	1024.808	25.288	-1100.997	935.329	22.302	-780.056	956.433	27.354	-883.626
2007	10.03	925.734	1692.864	-991.527	935.234	1410.403	-816.74	1093.242	1400.165	-1089.677	901.835	1359.264	-1018.292	805.871	912.297	-931.372	928.489	931.915	-1133.521	1010.11	964.222	-952.65	1003.989	475.059	-1165.387	948.839	454.716	-1065.378	849.701	476.138	-846.89	886.436	457.01	-949.867	907.049	102.801	-808.595	726.954	56.547	-869	1104.942	34.309	-1104.192	990.293	103.206	-1115.255	1060.756	104.774	-1173.924	786.917	45.326	-907.812	793.473	46.376	-802.814	1001.371	31.441	-814.543	927.188	104.61	-894.503	831.538	388.38	-837.223	829.704	307.737	-819.124	876.008	54.715	-1277.24	900.019	44.586	-1205.409	986.505	37.508	-1275.042	792.182	613.173	-878.179	793.543	696.154	-874.517	837.808	692.457	-829.172	1032.176	656.642	-1155.258	977.608	648.284	-1188.63	978.48	565.203	-1181.684	988.386	390.345	-1204.64	1003.713	304.031	-1210.249	1047.535	399.385	-1181.307	883.997	395.969	-801.125	885.685	309.804	-784.727	1062.785	317.336	-1187.084	837.833	605.536	-833.324	1031.838	568.318	-1148.719	1098.296	32.143	-1172.693	1024.791	25.305	-1101.022	935.324	22.331	-780.047	956.466	27.317	-883.594
2008	10.035	925.697	1692.877	-991.541	935.222	1410.397	-816.721	1093.228	1400.207	-1089.685	901.832	1359.316	-1018.303	805.873	912.259	-931.387	928.51	931.884	-1133.504	1010.113	964.225	-952.629	1004.004	475.091	-1165.4	948.846	454.711	-1065.385	849.723	476.171	-846.881	886.441	456.949	-949.864	907.048	102.812	-808.616	726.967	56.539	-869.006	1104.937	34.296	-1104.203	990.263	103.272	-1115.29	1060.637	104.89	-1173.96	786.915	45.339	-907.815	793.484	46.399	-802.804	1001.4	31.474	-814.548	927.238	104.58	-894.542	831.538	388.357	-837.223	829.712	307.733	-819.127	876.024	54.681	-1277.257	900.033	44.604	-1205.414	986.485	37.536	-1275.047	792.186	613.151	-878.217	793.547	696.159	-874.54	837.836	692.457	-829.185	1032.154	656.632	-1155.233	977.638	648.27	-1188.623	978.495	565.202	-1181.694	988.384	390.379	-1204.638	1003.716	304.096	-1210.269	1047.527	399.407	-1181.335	883.987	396.007	-801.135	885.699	309.855	-784.725	1062.758	317.324	-1187.094	837.823	605.486	-833.346	1031.821	568.355	-1148.718	1098.293	32.149	-1172.679	1024.795	25.297	-1101.019	935.329	22.32	-780.014	956.476	27.289	-883.592
2009	10.04	925.647	1692.903	-991.521	935.181	1410.404	-816.707	1093.221	1400.186	-1089.659	901.803	1359.295	-1018.313	805.868	912.28	-931.394	928.511	931.891	-1133.489	1010.117	964.227	-952.64	1004.022	475.08	-1165.389	948.841	454.707	-1065.383	849.709	476.128	-846.921	886.439	456.927	-949.869	907.041	102.797	-808.619	726.985	56.508	-869.005	1104.935	34.298	-1104.178	990.292	103.267	-1115.252	1060.723	104.878	-1173.93	786.929	45.319	-907.821	793.463	46.387	-802.817	1001.373	31.463	-814.544	927.249	104.61	-894.513	831.552	388.342	-837.241	829.7	307.716	-819.148	876.025	54.692	-1277.249	900.057	44.584	-1205.401	986.489	37.488	-1275.008	792.191	613.147	-878.18	793.544	696.174	-874.535	837.824	692.427	-829.198	1032.168	656.644	-1155.247	977.625	648.317	-1188.633	978.486	565.212	-1181.705	988.394	390.357	-1204.639	1003.724	304.073	-1210.258	1047.545	399.435	-1181.328	883.977	395.973	-801.139	885.71	309.858	-784.74	1062.785	317.336	-1187.084	837.8	605.461	-833.375	1031.845	568.352	-1148.738	1098.286	32.142	-1172.675	1024.802	25.303	-1100.997	935.37	22.332	-780.05	956.48	27.371	-883.6
2010	10.045	925.6	1692.867	-991.531	935.163	1410.398	-816.712	1093.199	1400.199	-1089.649	901.791	1359.32	-1018.325	805.879	912.273	-931.407	928.517	931.898	-1133.492	1010.134	964.217	-952.65	1004.04	475.097	-1165.391	948.862	454.714	-1065.371	849.706	476.103	-846.913	886.438	456.959	-949.862	907.27	103.188	-808.37	726.967	56.515	-869.013	1104.951	34.295	-1104.189	990.31	103.19	-1115.211	1060.58	104.73	-1173.935	786.919	45.346	-907.822	793.478	46.388	-802.814	1001.346	31.446	-814.531	927.194	104.59	-894.51	831.546	388.366	-837.227	829.7	307.716	-819.12	876.018	54.682	-1277.246	900.036	44.608	-1205.379	986.509	37.472	-1275.028	792.198	613.122	-878.227	793.539	696.135	-874.542	837.821	692.404	-829.192	1032.165	656.653	-1155.267	977.633	648.296	-1188.632	978.507	565.224	-1181.716	988.404	390.35	-1204.66	1003.734	304.081	-1210.277	1047.535	399.413	-1181.335	883.952	395.963	-801.152	885.709	309.841	-784.749	1062.801	317.326	-1187.089	837.8	605.466	-833.387	1031.85	568.299	-1148.73	1098.304	32.143	-1172.699	1024.801	25.31	-1100.982	935.351	22.261	-780.067	956.499	27.351	-883.612
2011	10.05	925.561	1692.88	-991.555	935.137	1410.415	-816.7	1093.192	1400.225	-1089.641	901.764	1359.303	-1018.301	805.884	912.256	-931.409	928.532	931.918	-1133.508	1010.131	964.246	-952.634	1004.023	475.074	-1165.428	948.853	454.706	-1065.361	849.685	476.14	-846.897	886.418	456.913	-949.857	907.259	103.181	-808.382	726.942	56.507	-869.016	1104.91	34.285	-1104.177	990.282	103.16	-1115.232	1060.856	104.922	-1173.865	786.922	45.326	-907.828	793.479	46.384	-802.803	1001.361	31.407	-814.556	927.216	104.554	-894.523	831.568	388.342	-837.247	829.707	307.72	-819.144	876.017	54.687	-1277.252	900.052	44.577	-1205.392	986.517	37.462	-1275.018	792.161	613.108	-878.193	793.546	696.138	-874.563	837.827	692.417	-829.188	1032.174	656.653	-1155.273	977.639	648.259	-1188.635	978.508	565.191	-1181.703	988.413	390.341	-1204.65	1003.737	304.059	-1210.252	1047.529	399.418	-1181.338	883.961	395.969	-801.145	885.747	309.838	-784.725	1062.799	317.333	-1187.085	837.802	605.435	-833.417	1031.868	568.346	-1148.77	1098.314	32.14	-1172.709	1024.793	25.28	-1100.981	935.34	22.3	-780.056	956.473	27.29	-883.597
2012	10.055	925.513	1692.881	-991.546	935.102	1410.391	-816.711	1093.166	1400.249	-1089.651	901.735	1359.291	-1018.311	805.869	912.24	-931.414	928.552	931.895	-1133.495	1010.098	964.201	-952.666	1004.042	475.053	-1165.392	948.832	454.707	-1065.386	849.696	476.112	-846.902	886.384	456.926	-949.891	907.26	103.186	-808.364	726.969	56.5	-869.015	1104.919	34.255	-1104.194	990.282	103.244	-1115.275	1060.737	104.823	-1173.896	786.935	45.31	-907.81	793.473	46.384	-802.808	1001.365	31.409	-814.531	927.227	104.535	-894.524	831.539	388.354	-837.239	829.711	307.708	-819.13	876.024	54.654	-1277.247	900.048	44.552	-1205.373	986.513	37.453	-1275.023	792.175	613.09	-878.215	793.542	696.123	-874.564	837.805	692.416	-829.204	1032.187	656.64	-1155.238	977.636	648.277	-1188.642	978.514	565.219	-1181.729	988.398	390.327	-1204.636	1003.73	304.054	-1210.248	1047.552	399.392	-1181.331	883.954	395.978	-801.158	885.716	309.832	-784.769	1062.791	317.304	-1187.097	837.804	605.381	-833.425	1031.842	568.303	-1148.777	1098.286	32.159	-1172.693	1024.788	25.296	-1100.989	935.321	22.298	-780.015	956.474	27.314	-883.618
2013	10.06	925.471	1692.867	-991.526	935.096	1410.403	-816.69	1093.13	1400.237	-1089.636	901.746	1359.282	-1018.276	805.864	912.244	-931.418	928.546	931.879	-1133.49	1010.176	964.235	-952.654	1004.044	475.025	-1165.376	948.899	454.699	-1065.398	849.71	476.1	-846.93	886.501	456.945	-949.881	907.278	103.166	-808.355	726.96	56.509	-869.003	1104.918	34.246	-1104.175	990.284	103.213	-1115.252	1060.925	105.108	-1173.854	786.922	45.319	-907.827	793.472	46.349	-802.796	1001.357	31.407	-814.571	927.191	104.506	-894.54	831.571	388.345	-837.251	829.714	307.712	-819.14	876.012	54.648	-1277.226	900.032	44.562	-1205.386	986.487	37.482	-1275.041	792.176	613.083	-878.202	793.531	696.115	-874.58	837.809	692.418	-829.206	1032.18	656.621	-1155.274	977.638	648.256	-1188.629	978.504	565.214	-1181.702	988.427	390.35	-1204.657	1003.751	304.081	-1210.269	1047.554	399.391	-1181.327	883.98	395.963	-801.153	885.71	309.81	-784.8	1062.806	317.314	-1187.086	837.819	605.345	-833.445	1031.853	568.349	-1148.765	1098.296	32.132	-1172.682	1024.806	25.283	-1100.977	935.356	22.269	-780.032	956.503	27.27	-883.571
2014	10.065	925.436	1692.863	-991.522	935.075	1410.424	-816.692	1093.117	1400.27	-1089.644	901.721	1359.289	-1018.285	805.861	912.238	-931.423	928.554	931.858	-1133.492	1010.104	964.211	-952.625	1004.059	475.049	-1165.409	948.855	454.68	-1065.368	849.695	476.108	-846.925	886.461	456.943	-949.891	907.034	102.777	-808.637	726.946	56.507	-869.006	1104.922	34.252	-1104.169	990.289	103.217	-1115.238	1060.703	104.837	-1173.954	786.919	45.298	-907.816	793.475	46.384	-802.808	1001.344	31.391	-814.546	927.186	104.494	-894.564	831.541	388.324	-837.274	829.703	307.696	-819.143	876.037	54.635	-1277.24	900.003	44.587	-1205.387	986.54	37.432	-1275.029	792.183	613.069	-878.214	793.523	696.106	-874.591	837.8	692.39	-829.23	1032.212	656.606	-1155.25	977.632	648.257	-1188.653	978.527	565.198	-1181.719	988.424	390.315	-1204.653	1003.714	304.042	-1210.258	1047.541	399.365	-1181.316	883.973	395.967	-801.154	885.728	309.819	-784.784	1062.776	317.288	-1187.077	837.808	605.368	-833.468	1031.858	568.312	-1148.761	1098.281	32.103	-1172.699	1024.788	25.265	-1100.988	935.286	22.268	-780.049	956.509	27.277	-883.573
2015	10.07	925.407	1692.877	-991.545	935.037	1410.408	-816.684	1093.087	1400.254	-1089.644	901.69	1359.25	-1018.261	805.845	912.235	-931.436	928.558	931.881	-1133.526	1010.126	964.215	-952.642	1004.066	475.025	-1165.404	948.847	454.692	-1065.391	849.682	476.113	-846.914	886.483	456.935	-949.877	907.026	102.758	-808.637	726.948	56.523	-869.021	1104.928	34.241	-1104.182	990.264	103.251	-1115.276	1060.61	104.72	-1173.982	786.918	45.33	-907.821	793.477	46.372	-802.804	1001.36	31.412	-814.542	927.226	104.528	-894.551	831.544	388.326	-837.253	829.696	307.728	-819.16	875.997	54.672	-1277.251	900.013	44.565	-1205.379	986.514	37.425	-1275.042	792.168	613.073	-878.226	793.531	696.093	-874.578	837.838	692.392	-829.284	1032.206	656.621	-1155.272	977.646	648.264	-1188.675	978.502	565.201	-1181.729	988.399	390.309	-1204.65	1003.758	304.021	-1210.242	1047.571	399.375	-1181.321	883.953	395.943	-801.178	885.699	309.821	-784.805	1062.801	317.326	-1187.089	837.783	605.335	-833.527	1031.865	568.323	-1148.754	1098.292	32.165	-1172.719	1024.798	25.252	-1101.005	935.312	22.254	-780.076	956.506	27.281	-883.59
2016	10.075	925.373	1692.851	-991.499	935.018	1410.395	-816.68	1093.077	1400.285	-1089.632	901.674	1359.259	-1018.299	805.86	912.224	-931.45	928.56	931.868	-1133.522	1010.145	964.207	-952.644	1004.033	475.059	-1165.407	948.88	454.695	-1065.398	849.702	476.064	-846.954	886.504	456.925	-949.89	907.04	102.772	-808.622	726.956	56.535	-869.02	1104.92	34.22	-1104.191	990.291	103.215	-1115.235	1060.905	105.06	-1173.859	786.927	45.326	-907.848	793.478	46.369	-802.816	1001.367	31.406	-814.551	927.174	104.478	-894.535	831.55	388.313	-837.273	829.694	307.706	-819.141	876.04	54.626	-1277.247	900.036	44.556	-1205.388	986.5	37.445	-1275.031	792.177	613.058	-878.261	793.527	696.111	-874.594	837.801	692.413	-829.251	1032.21	656.608	-1155.261	977.687	648.249	-1188.645	978.552	565.158	-1181.736	988.409	390.325	-1204.646	1003.721	304.033	-1210.253	1047.567	399.386	-1181.362	883.955	395.957	-801.183	885.671	309.822	-784.797	1062.787	317.296	-1187.078	837.78	605.293	-833.537	1031.894	568.27	-1148.718	1098.307	32.092	-1172.689	1024.804	25.29	-1101	935.306	22.256	-780.08	956.521	27.312	-883.592
2017	10.08	925.324	1692.836	-991.496	935.021	1410.388	-816.678	1093.044	1400.303	-1089.656	901.654	1359.26	-1018.28	805.865	912.23	-931.452	928.563	931.875	-1133.511	1010.17	964.228	-952.651	1004.052	475.054	-1165.425	948.884	454.695	-1065.39	849.711	476.085	-846.933	886.443	456.896	-949.911	907.025	102.76	-808.637	726.955	56.515	-869.022	1104.943	34.259	-1104.224	990.278	103.271	-1115.302	1060.61	104.614	-1174.012	786.92	45.322	-907.798	793.473	46.388	-802.804	1001.351	31.393	-814.566	927.172	104.46	-894.539	831.544	388.322	-837.292	829.701	307.712	-819.142	876.036	54.629	-1277.233	900.043	44.544	-1205.384	986.513	37.426	-1275.025	792.166	613.069	-878.247	793.526	696.107	-874.606	837.811	692.411	-829.24	1032.233	656.605	-1155.246	977.673	648.236	-1188.658	978.542	565.173	-1181.731	988.415	390.296	-1204.632	1003.711	304.054	-1210.274	1047.549	399.398	-1181.351	883.967	395.944	-801.191	885.704	309.817	-784.784	1062.805	317.339	-1187.103	837.807	605.266	-833.53	1031.891	568.26	-1148.741	1098.309	32.144	-1172.714	1024.821	25.255	-1100.995	935.335	22.231	-780.068	956.512	27.287	-883.58
2018	10.085	925.294	1692.843	-991.517	934.977	1410.409	-816.683	1093.023	1400.273	-1089.652	901.655	1359.242	-1018.289	805.873	912.228	-931.474	928.567	931.882	-1133.51	1010.077	964.189	-952.652	1004.041	475.055	-1165.441	948.912	454.673	-1065.385	849.708	476.081	-846.963	886.474	456.937	-949.923	907.063	102.749	-808.632	726.979	56.498	-869.015	1104.933	34.227	-1104.19	990.303	103.211	-1115.249	1060.67	104.645	-1173.945	786.941	45.316	-907.81	793.495	46.371	-802.784	1001.36	31.395	-814.538	927.239	104.481	-894.536	831.564	388.313	-837.262	829.705	307.698	-819.154	876.029	54.629	-1277.248	900.049	44.6	-1205.415	986.542	37.475	-1275.031	792.172	613.043	-878.245	793.522	696.097	-874.62	837.812	692.425	-829.24	1032.221	656.639	-1155.289	977.712	648.243	-1188.673	978.543	565.167	-1181.722	988.419	390.339	-1204.664	1003.734	304.032	-1210.247	1047.532	399.394	-1181.365	883.965	395.955	-801.197	885.728	309.817	-784.775	1062.797	317.323	-1187.107	837.807	605.26	-833.561	1031.903	568.304	-1148.752	1098.321	32.141	-1172.7	1024.815	25.268	-1100.988	935.344	22.218	-780.085	956.521	27.277	-883.576
2019	10.09	925.258	1692.846	-991.508	934.987	1410.414	-816.673	1092.975	1400.277	-1089.664	901.621	1359.244	-1018.272	805.867	912.252	-931.482	928.574	931.878	-1133.518	1010.184	964.217	-952.664	1004.041	475.014	-1165.431	948.888	454.671	-1065.407	849.717	476.099	-846.98	886.471	456.893	-949.903	907.063	102.71	-808.654	726.974	56.517	-869.014	1104.92	34.26	-1104.183	990.295	103.229	-1115.273	1060.677	104.658	-1173.974	786.929	45.315	-907.822	793.497	46.363	-802.785	1001.383	31.407	-814.543	927.247	104.54	-894.545	831.541	388.3	-837.267	829.714	307.694	-819.168	876.047	54.625	-1277.245	900.046	44.555	-1205.393	986.506	37.472	-1275.015	792.175	613.046	-878.262	793.53	696.115	-874.626	837.788	692.409	-829.281	1032.238	656.624	-1155.315	977.688	648.231	-1188.68	978.549	565.179	-1181.751	988.416	390.314	-1204.659	1003.723	304.024	-1210.266	1047.558	399.409	-1181.36	883.961	395.954	-801.193	885.696	309.828	-784.769	1062.769	317.325	-1187.102	837.788	605.292	-833.56	1031.899	568.288	-1148.738	1098.313	32.098	-1172.696	1024.811	25.281	-1100.981	935.367	22.253	-780.057	956.51	27.273	-883.569
2020	10.095	925.22	1692.819	-991.489	934.955	1410.384	-816.689	1092.964	1400.289	-1089.676	901.593	1359.246	-1018.286	805.856	912.22	-931.495	928.568	931.893	-1133.549	1010.131	964.189	-952.663	1004.036	475.072	-1165.459	948.885	454.687	-1065.401	849.678	476.1	-846.984	886.474	456.947	-949.916	907.257	103.162	-808.384	726.969	56.513	-868.991	1104.929	34.268	-1104.205	990.302	103.285	-1115.292	1060.697	104.787	-1173.986	786.915	45.322	-907.824	793.493	46.38	-802.812	1001.353	31.405	-814.532	927.226	104.53	-894.521	831.531	388.329	-837.281	829.678	307.707	-819.194	876.031	54.647	-1277.246	900.08	44.565	-1205.381	986.502	37.451	-1275.028	792.152	613.017	-878.253	793.511	696.097	-874.627	837.811	692.422	-829.26	1032.226	656.616	-1155.274	977.697	648.268	-1188.694	978.575	565.148	-1181.713	988.418	390.324	-1204.655	1003.707	304.039	-1210.284	1047.533	399.37	-1181.355	883.942	395.968	-801.228	885.667	309.826	-784.801	1062.793	317.343	-1187.132	837.78	605.239	-833.614	1031.889	568.31	-1148.764	1098.296	32.16	-1172.705	1024.801	25.253	-1100.996	935.357	22.218	-780.099	956.495	27.292	-883.589
2021	10.1	925.158	1692.82	-991.475	934.933	1410.41	-816.676	1092.937	1400.279	-1089.669	901.585	1359.248	-1018.288	805.829	912.228	-931.497	928.565	931.88	-1133.542	1010.133	964.207	-952.666	1004.042	475.047	-1165.434	948.856	454.665	-1065.434	849.633	476.081	-847.012	886.462	456.906	-949.915	907.05	102.734	-808.649	726.965	56.488	-868.984	1104.922	34.275	-1104.208	990.306	103.185	-1115.267	1060.876	105.009	-1173.907	786.929	45.29	-907.817	793.485	46.381	-802.813	1001.374	31.408	-814.558	927.268	104.491	-894.542	831.526	388.306	-837.296	829.65	307.693	-819.218	876.015	54.608	-1277.238	900.027	44.572	-1205.393	986.512	37.443	-1275.027	792.137	613.024	-878.269	793.497	696.108	-874.633	837.804	692.41	-829.306	1032.233	656.601	-1155.283	977.684	648.229	-1188.699	978.546	565.164	-1181.741	988.395	390.322	-1204.676	1003.695	304.03	-1210.294	1047.545	399.385	-1181.355	883.949	395.948	-801.217	885.682	309.845	-784.796	1062.796	317.317	-1187.111	837.763	605.25	-833.611	1031.885	568.309	-1148.772	1098.336	32.136	-1172.697	1024.79	25.256	-1101.016	935.318	22.249	-780.068	956.521	27.26	-883.556
2022	10.105	925.121	1692.807	-991.463	934.893	1410.412	-816.693	1092.944	1400.279	-1089.674	901.564	1359.203	-1018.248	805.849	912.226	-931.498	928.562	931.883	-1133.55	1010.169	964.182	-952.658	1004.005	475.043	-1165.463	948.828	454.672	-1065.444	849.649	476.068	-847.005	886.379	456.934	-949.98	907.018	102.769	-808.624	726.959	56.5	-869	1104.904	34.27	-1104.207	990.306	103.166	-1115.257	1060.695	104.717	-1173.955	786.913	45.326	-907.841	793.482	46.402	-802.815	1001.367	31.41	-814.556	927.19	104.536	-894.557	831.507	388.32	-837.288	829.643	307.696	-819.192	876.006	54.61	-1277.248	900.052	44.529	-1205.39	986.482	37.471	-1275.019	792.151	613.039	-878.269	793.484	696.089	-874.635	837.799	692.358	-829.308	1032.229	656.588	-1155.274	977.671	648.237	-1188.7	978.542	565.177	-1181.785	988.404	390.326	-1204.677	1003.733	304.031	-1210.313	1047.529	399.366	-1181.398	883.888	395.937	-801.243	885.637	309.81	-784.841	1062.792	317.324	-1187.151	837.762	605.233	-833.635	1031.871	568.307	-1148.78	1098.288	32.124	-1172.7	1024.783	25.246	-1101.005	935.325	22.277	-780.068	956.51	27.262	-883.565
2023	10.11	925.082	1692.795	-991.467	934.848	1410.408	-816.685	1092.935	1400.281	-1089.663	901.544	1359.236	-1018.283	805.836	912.228	-931.496	928.567	931.882	-1133.554	1010.183	964.202	-952.653	1004.026	475.024	-1165.457	948.89	454.672	-1065.454	849.652	476.058	-847.022	886.431	456.933	-949.924	907.048	102.762	-808.635	726.963	56.504	-869.003	1104.933	34.259	-1104.175	990.289	103.142	-1115.242	1060.741	104.661	-1173.93	786.91	45.306	-907.824	793.485	46.386	-802.811	1001.391	31.402	-814.543	927.207	104.496	-894.555	831.484	388.278	-837.297	829.625	307.694	-819.214	876.008	54.635	-1277.244	900.029	44.564	-1205.392	986.502	37.42	-1275.028	792.129	613.034	-878.293	793.481	696.079	-874.613	837.757	692.384	-829.279	1032.206	656.609	-1155.304	977.679	648.234	-1188.715	978.544	565.191	-1181.761	988.413	390.339	-1204.682	1003.723	304	-1210.28	1047.542	399.387	-1181.409	883.919	395.95	-801.225	885.639	309.84	-784.796	1062.79	317.303	-1187.14	837.783	605.23	-833.672	1031.864	568.252	-1148.748	1098.319	32.103	-1172.681	1024.767	25.266	-1101.004	935.363	22.31	-780.06	956.497	27.245	-883.582
2024	10.115	925.032	1692.785	-991.473	934.856	1410.424	-816.656	1092.888	1400.297	-1089.683	901.554	1359.205	-1018.267	805.84	912.198	-931.493	928.551	931.855	-1133.534	1010.161	964.189	-952.679	1004.01	475.022	-1165.463	948.836	454.647	-1065.465	849.588	476.088	-847.036	886.435	456.862	-949.955	907.039	102.755	-808.646	726.952	56.466	-869.013	1104.917	34.266	-1104.205	990.294	103.189	-1115.275	1060.723	104.85	-1173.911	786.905	45.299	-907.822	793.472	46.366	-802.822	1001.357	31.388	-814.558	927.211	104.537	-894.538	831.471	388.299	-837.306	829.633	307.684	-819.199	876.017	54.589	-1277.24	900.033	44.536	-1205.392	986.494	37.39	-1275.033	792.119	613.012	-878.279	793.481	696.061	-874.622	837.788	692.362	-829.309	1032.201	656.6	-1155.294	977.672	648.21	-1188.713	978.528	565.174	-1181.78	988.4	390.283	-1204.671	1003.705	304.026	-1210.288	1047.542	399.36	-1181.367	883.882	395.91	-801.219	885.606	309.83	-784.809	1062.797	317.283	-1187.142	837.781	605.212	-833.661	1031.865	568.285	-1148.768	1098.299	32.101	-1172.686	1024.781	25.256	-1100.984	935.349	22.29	-780.057	956.522	27.265	-883.59
2025	10.12	924.987	1692.78	-991.441	934.853	1410.429	-816.68	1092.885	1400.304	-1089.665	901.541	1359.232	-1018.289	805.826	912.208	-931.501	928.537	931.873	-1133.552	1010.135	964.208	-952.698	1004.022	475.003	-1165.435	948.822	454.644	-1065.452	849.599	476.057	-847.039	886.389	456.921	-949.968	907.044	102.776	-808.637	726.97	56.48	-869.014	1104.918	34.266	-1104.206	990.278	103.185	-1115.293	1060.746	104.826	-1173.941	786.92	45.295	-907.826	793.476	46.356	-802.792	1001.358	31.424	-814.535	927.182	104.49	-894.562	831.471	388.28	-837.299	829.623	307.687	-819.203	876.017	54.621	-1277.279	900.037	44.532	-1205.394	986.489	37.421	-1275.033	792.127	613.007	-878.278	793.48	696.055	-874.63	837.735	692.382	-829.311	1032.205	656.605	-1155.308	977.663	648.213	-1188.728	978.513	565.164	-1181.767	988.378	390.293	-1204.654	1003.708	303.991	-1210.272	1047.522	399.375	-1181.403	883.9	395.905	-801.22	885.65	309.828	-784.807	1062.791	317.308	-1187.136	837.746	605.223	-833.681	1031.868	568.29	-1148.784	1098.289	32.119	-1172.719	1024.777	25.272	-1100.985	935.319	22.236	-780.064	956.488	27.234	-883.576
2026	10.125	924.94	1692.795	-991.459	934.83	1410.412	-816.657	1092.864	1400.31	-1089.634	901.525	1359.202	-1018.257	805.813	912.216	-931.517	928.521	931.868	-1133.569	1010.111	964.203	-952.702	1004.018	474.992	-1165.451	948.835	454.653	-1065.449	849.572	476.071	-847.014	886.391	456.888	-949.976	907.053	102.78	-808.634	726.955	56.5	-868.994	1104.912	34.263	-1104.18	990.279	103.193	-1115.277	1060.734	104.861	-1173.906	786.915	45.271	-907.835	793.461	46.357	-802.805	1001.342	31.388	-814.517	927.167	104.545	-894.517	831.461	388.273	-837.32	829.62	307.683	-819.2	876.009	54.603	-1277.255	900.039	44.537	-1205.373	986.502	37.398	-1275.023	792.123	613.015	-878.259	793.462	696.066	-874.634	837.786	692.352	-829.307	1032.203	656.578	-1155.307	977.658	648.237	-1188.707	978.521	565.155	-1181.771	988.391	390.338	-1204.692	1003.705	303.988	-1210.307	1047.541	399.36	-1181.401	883.885	395.938	-801.206	885.621	309.793	-784.824	1062.791	317.315	-1187.129	837.782	605.203	-833.697	1031.88	568.308	-1148.806	1098.313	32.092	-1172.675	1024.799	25.239	-1101.009	935.295	22.259	-780.059	956.518	27.251	-883.588
2027	10.13	924.893	1692.775	-991.439	934.816	1410.398	-816.662	1092.857	1400.333	-1089.663	901.498	1359.212	-1018.265	805.805	912.19	-931.514	928.526	931.872	-1133.576	1010.117	964.225	-952.729	1004.013	475.002	-1165.45	948.846	454.659	-1065.47	849.588	476.083	-847.052	886.41	456.89	-949.933	907.03	102.763	-808.621	726.942	56.461	-868.984	1104.901	34.265	-1104.165	990.296	103.228	-1115.285	1060.724	104.868	-1173.946	786.918	45.327	-907.856	793.478	46.39	-802.787	1001.344	31.387	-814.544	927.183	104.517	-894.527	831.475	388.297	-837.285	829.611	307.689	-819.219	876.019	54.618	-1277.256	900.021	44.517	-1205.391	986.513	37.403	-1275.02	792.101	613.018	-878.28	793.457	696.086	-874.651	837.776	692.385	-829.313	1032.191	656.619	-1155.355	977.654	648.223	-1188.726	978.526	565.126	-1181.762	988.391	390.335	-1204.682	1003.702	304.019	-1210.3	1047.537	399.369	-1181.4	883.877	395.95	-801.212	885.654	309.819	-784.802	1062.784	317.301	-1187.158	837.764	605.214	-833.687	1031.863	568.269	-1148.823	1098.271	32.113	-1172.709	1024.809	25.26	-1100.991	935.301	22.261	-780.062	956.502	27.29	-883.609
2028	10.135	924.864	1692.784	-991.453	934.798	1410.428	-816.689	1092.839	1400.338	-1089.663	901.499	1359.198	-1018.272	805.787	912.224	-931.523	928.51	931.874	-1133.569	1010.067	964.218	-952.674	1004.035	475.012	-1165.447	948.846	454.687	-1065.447	849.648	476.07	-847.046	886.387	456.932	-949.94	907.033	102.802	-808.625	726.963	56.465	-869.017	1104.931	34.255	-1104.196	990.302	103.193	-1115.268	1060.788	104.942	-1173.98	786.923	45.302	-907.822	793.481	46.401	-802.808	1001.35	31.393	-814.555	927.196	104.529	-894.556	831.47	388.3	-837.319	829.625	307.701	-819.18	875.983	54.654	-1277.264	900.043	44.54	-1205.416	986.511	37.417	-1275.043	792.094	613.014	-878.292	793.43	696.078	-874.671	837.757	692.367	-829.328	1032.194	656.597	-1155.334	977.651	648.217	-1188.7	978.52	565.172	-1181.774	988.405	390.35	-1204.687	1003.726	304.032	-1210.315	1047.543	399.371	-1181.405	883.877	395.978	-801.223	885.599	309.833	-784.838	1062.798	317.296	-1187.13	837.791	605.205	-833.719	1031.832	568.316	-1148.848	1098.3	32.138	-1172.705	1024.778	25.266	-1101.013	935.309	22.303	-780.033	956.51	27.289	-883.602
2029	10.14	924.825	1692.79	-991.446	934.762	1410.387	-816.679	1092.836	1400.347	-1089.649	901.464	1359.219	-1018.282	805.772	912.203	-931.528	928.521	931.893	-1133.585	1010.075	964.21	-952.685	1004.03	475.065	-1165.462	948.884	454.682	-1065.457	849.585	476.095	-847.02	886.42	456.935	-949.97	907.049	102.795	-808.634	726.952	56.527	-869.006	1104.917	34.258	-1104.193	990.288	103.194	-1115.294	1060.697	104.788	-1173.98	786.927	45.308	-907.831	793.478	46.393	-802.797	1001.349	31.444	-814.532	927.218	104.54	-894.551	831.463	388.341	-837.305	829.637	307.686	-819.224	876.023	54.652	-1277.254	900.061	44.534	-1205.406	986.485	37.422	-1275.026	792.098	613.021	-878.291	793.431	696.12	-874.681	837.765	692.369	-829.326	1032.183	656.611	-1155.376	977.633	648.233	-1188.724	978.528	565.179	-1181.79	988.407	390.344	-1204.669	1003.749	304.003	-1210.3	1047.535	399.381	-1181.385	883.888	395.952	-801.232	885.645	309.855	-784.82	1062.824	317.288	-1187.14	837.808	605.232	-833.693	1031.867	568.316	-1148.813	1098.299	32.102	-1172.674	1024.793	25.285	-1100.997	935.324	22.298	-780.067	956.5	27.257	-883.578
2030	10.145	924.789	1692.795	-991.474	934.794	1410.402	-816.667	1092.806	1400.375	-1089.65	901.477	1359.204	-1018.262	805.777	912.221	-931.537	928.502	931.881	-1133.553	1010.053	964.225	-952.714	1004.031	475.035	-1165.454	948.865	454.705	-1065.466	849.634	476.099	-847.043	886.422	456.927	-949.95	907.042	102.821	-808.647	726.962	56.5	-869.008	1104.938	34.276	-1104.219	990.307	103.2	-1115.304	1060.723	104.877	-1173.948	786.921	45.308	-907.83	793.469	46.399	-802.822	1001.362	31.442	-814.542	927.179	104.565	-894.525	831.481	388.324	-837.317	829.625	307.707	-819.191	876.008	54.645	-1277.255	900.059	44.541	-1205.405	986.514	37.452	-1275.036	792.117	613.025	-878.272	793.46	696.091	-874.69	837.754	692.395	-829.334	1032.174	656.664	-1155.376	977.629	648.245	-1188.723	978.521	565.203	-1181.796	988.406	390.352	-1204.681	1003.713	304.04	-1210.309	1047.538	399.377	-1181.399	883.895	395.96	-801.229	885.639	309.83	-784.839	1062.789	317.329	-1187.157	837.836	605.261	-833.643	1031.843	568.336	-1148.829	1098.311	32.11	-1172.71	1024.798	25.29	-1101.004	935.336	22.29	-780.069	956.503	27.296	-883.587
2031	10.15	924.736	1692.8	-991.468	934.767	1410.395	-816.682	1092.794	1400.374	-1089.664	901.428	1359.231	-1018.263	805.769	912.222	-931.542	928.503	931.885	-1133.577	1010.04	964.229	-952.719	1004.003	475.041	-1165.465	948.881	454.703	-1065.443	849.596	476.085	-847.059	886.4	456.917	-949.974	907.249	103.189	-808.397	726.956	56.522	-868.992	1104.926	34.295	-1104.201	990.289	103.22	-1115.29	1060.7	104.751	-1173.971	786.942	45.308	-907.822	793.482	46.373	-802.801	1001.325	31.436	-814.556	927.219	104.557	-894.522	831.477	388.355	-837.292	829.656	307.689	-819.206	876.033	54.655	-1277.245	900.058	44.526	-1205.404	986.517	37.428	-1275.019	792.093	613.009	-878.307	793.422	696.101	-874.697	837.733	692.413	-829.345	1032.186	656.64	-1155.362	977.621	648.255	-1188.747	978.484	565.213	-1181.812	988.388	390.375	-1204.69	1003.697	304.041	-1210.31	1047.533	399.374	-1181.413	883.896	395.978	-801.227	885.62	309.867	-784.83	1062.794	317.323	-1187.147	837.909	605.3	-833.568	1031.843	568.344	-1148.847	1098.305	32.103	-1172.679	1024.793	25.283	-1101.008	935.342	22.287	-780.072	956.494	27.327	-883.61
2032	10.155	924.707	1692.791	-991.44	934.741	1410.401	-816.667	1092.787	1400.379	-1089.624	901.414	1359.252	-1018.279	805.753	912.215	-931.558	928.494	931.887	-1133.592	1010.018	964.243	-952.739	1004.016	475.084	-1165.484	948.846	454.687	-1065.447	849.637	476.105	-847.036	886.389	456.954	-949.96	907.024	102.813	-808.643	726.944	56.525	-868.997	1104.929	34.296	-1104.199	990.28	103.209	-1115.272	1060.711	104.948	-1173.952	786.912	45.311	-907.83	793.487	46.401	-802.794	1001.359	31.451	-814.542	927.172	104.578	-894.547	831.454	388.361	-837.279	829.64	307.718	-819.219	876.021	54.642	-1277.253	900.04	44.546	-1205.409	986.485	37.455	-1275.017	792.101	613.041	-878.316	793.426	696.135	-874.701	837.689	692.386	-829.329	1032.16	656.652	-1155.376	977.617	648.249	-1188.762	978.491	565.184	-1181.796	988.371	390.365	-1204.697	1003.706	304.033	-1210.302	1047.503	399.41	-1181.424	883.859	395.983	-801.206	885.636	309.857	-784.795	1062.763	317.329	-1187.155	837.943	605.415	-833.484	1031.838	568.309	-1148.847	1098.302	32.155	-1172.704	1024.811	25.283	-1101.001	935.308	22.348	-780.047	956.485	27.291	-883.605
2033	10.16	924.666	1692.778	-991.461	934.716	1410.407	-816.644	1092.774	1400.41	-1089.644	901.414	1359.217	-1018.263	805.741	912.22	-931.553	928.462	931.896	-1133.577	1010.044	964.228	-952.702	1004.004	475.09	-1165.464	948.874	454.717	-1065.443	849.603	476.086	-847.037	886.396	456.932	-949.956	907.252	103.195	-808.372	726.941	56.522	-869.006	1104.897	34.316	-1104.184	990.291	103.178	-1115.235	1060.762	104.922	-1173.949	786.928	45.317	-907.802	793.474	46.398	-802.795	1001.342	31.461	-814.532	927.198	104.536	-894.552	831.498	388.323	-837.307	829.634	307.705	-819.186	876.015	54.635	-1277.239	900.031	44.547	-1205.395	986.484	37.481	-1275.03	792.077	613.006	-878.297	793.416	696.099	-874.652	837.711	692.399	-829.325	1032.156	656.656	-1155.37	977.584	648.269	-1188.754	978.493	565.2	-1181.806	988.387	390.376	-1204.697	1003.704	304.08	-1210.305	1047.509	399.405	-1181.399	883.858	395.985	-801.207	885.619	309.857	-784.807	1062.755	317.336	-1187.166	837.959	605.365	-833.346	1031.829	568.343	-1148.825	1098.307	32.162	-1172.689	1024.807	25.308	-1100.976	935.33	22.268	-780.069	956.463	27.279	-883.602
2034	10.165	924.648	1692.796	-991.47	934.715	1410.416	-816.654	1092.752	1400.416	-1089.629	901.388	1359.235	-1018.261	805.736	912.225	-931.545	928.456	931.907	-1133.602	1009.981	964.228	-952.719	1003.973	475.068	-1165.46	948.852	454.698	-1065.435	849.619	476.099	-846.989	886.368	456.935	-949.964	907.054	102.815	-808.61	726.935	56.529	-869.009	1104.929	34.299	-1104.186	990.281	103.217	-1115.278	1060.746	104.828	-1173.936	786.93	45.301	-907.809	793.467	46.407	-802.774	1001.353	31.425	-814.526	927.172	104.529	-894.555	831.464	388.31	-837.308	829.627	307.703	-819.187	876.014	54.656	-1277.242	900.036	44.577	-1205.412	986.464	37.438	-1275.017	792.097	613.005	-878.296	793.399	696.088	-874.668	837.719	692.38	-829.318	1032.161	656.641	-1155.34	977.573	648.276	-1188.746	978.489	565.158	-1181.773	988.359	390.364	-1204.684	1003.693	304.07	-1210.305	1047.491	399.405	-1181.421	883.847	395.985	-801.205	885.652	309.851	-784.774	1062.778	317.352	-1187.167	838.025	605.372	-833.244	1031.819	568.333	-1148.842	1098.301	32.147	-1172.661	1024.784	25.283	-1100.986	935.319	22.293	-780.061	956.491	27.338	-883.607
2035	10.17	924.605	1692.788	-991.47	934.694	1410.397	-816.666	1092.742	1400.427	-1089.633	901.391	1359.232	-1018.243	805.709	912.195	-931.54	928.437	931.908	-1133.611	1009.984	964.217	-952.719	1003.985	475.077	-1165.484	948.826	454.711	-1065.445	849.608	476.086	-847.01	886.419	456.923	-949.942	907.239	103.191	-808.362	726.952	56.504	-868.981	1104.902	34.334	-1104.204	990.275	103.175	-1115.217	1060.722	104.915	-1173.97	786.927	45.334	-907.804	793.466	46.389	-802.79	1001.355	31.449	-814.55	927.162	104.555	-894.536	831.506	388.312	-837.274	829.618	307.713	-819.184	876.035	54.627	-1277.24	900.051	44.529	-1205.403	986.507	37.45	-1275.008	792.078	612.997	-878.31	793.401	696.093	-874.668	837.71	692.379	-829.338	1032.142	656.698	-1155.377	977.562	648.251	-1188.726	978.439	565.237	-1181.833	988.366	390.36	-1204.686	1003.674	304.059	-1210.309	1047.516	399.394	-1181.399	883.863	395.957	-801.214	885.632	309.821	-784.814	1062.752	317.34	-1187.136	838.014	605.423	-833.19	1031.819	568.319	-1148.835	1098.284	32.145	-1172.691	1024.786	25.279	-1100.984	935.312	22.308	-780.049	956.525	27.281	-883.566
2036	10.175	924.581	1692.797	-991.476	934.696	1410.424	-816.672	1092.723	1400.422	-1089.631	901.344	1359.261	-1018.271	805.698	912.213	-931.577	928.41	931.924	-1133.603	1009.979	964.265	-952.722	1003.976	475.073	-1165.493	948.81	454.718	-1065.471	849.62	476.101	-847.028	886.371	456.939	-949.973	907.05	102.805	-808.638	726.932	56.514	-868.992	1104.915	34.355	-1104.185	990.284	103.172	-1115.219	1060.713	104.777	-1173.935	786.912	45.319	-907.825	793.482	46.4	-802.799	1001.349	31.444	-814.531	927.204	104.564	-894.551	831.47	388.332	-837.272	829.626	307.713	-819.182	876.02	54.661	-1277.241	900.053	44.556	-1205.409	986.489	37.456	-1275.007	792.088	613.022	-878.284	793.381	696.11	-874.664	837.711	692.444	-829.31	1032.137	656.69	-1155.368	977.573	648.276	-1188.746	978.457	565.23	-1181.817	988.353	390.396	-1204.695	1003.685	304.058	-1210.315	1047.496	399.418	-1181.414	883.844	395.982	-801.176	885.65	309.858	-784.799	1062.747	317.346	-1187.143	837.975	605.375	-833.083	1031.794	568.348	-1148.836	1098.29	32.165	-1172.67	1024.781	25.303	-1100.989	935.314	22.282	-780.075	956.471	27.318	-883.591
2037	10.18	924.552	1692.788	-991.461	934.684	1410.409	-816.66	1092.709	1400.417	-1089.613	901.339	1359.255	-1018.282	805.686	912.225	-931.574	928.415	931.918	-1133.632	1009.977	964.265	-952.756	1003.95	475.069	-1165.475	948.812	454.684	-1065.466	849.638	476.116	-847.001	886.372	456.908	-949.954	907.034	102.804	-808.646	726.952	56.5	-868.983	1104.912	34.324	-1104.184	990.267	103.166	-1115.291	1060.662	104.902	-1173.977	786.914	45.321	-907.814	793.487	46.409	-802.789	1001.368	31.434	-814.527	927.174	104.549	-894.54	831.496	388.346	-837.29	829.646	307.697	-819.169	876.008	54.666	-1277.248	900.053	44.544	-1205.421	986.483	37.466	-1275.002	792.059	613.022	-878.315	793.399	696.098	-874.68	837.681	692.427	-829.344	1032.112	656.677	-1155.357	977.556	648.29	-1188.744	978.448	565.223	-1181.826	988.331	390.393	-1204.705	1003.662	304.091	-1210.303	1047.516	399.399	-1181.395	883.87	396.018	-801.189	885.671	309.843	-784.811	1062.752	317.373	-1187.145	838.005	605.422	-833.052	1031.786	568.322	-1148.821	1098.283	32.13	-1172.675	1024.764	25.291	-1101.013	935.34	22.315	-780.013	956.507	27.323	-883.59
2038	10.185	924.535	1692.774	-991.454	934.668	1410.404	-816.663	1092.705	1400.429	-1089.599	901.309	1359.247	-1018.284	805.688	912.218	-931.591	928.392	931.903	-1133.615	1009.984	964.26	-952.723	1003.953	475.094	-1165.48	948.795	454.675	-1065.465	849.611	476.098	-847.033	886.392	456.926	-949.95	907.262	103.176	-808.378	726.955	56.503	-869.001	1104.9	34.312	-1104.195	990.284	103.216	-1115.269	1060.72	104.756	-1173.926	786.925	45.326	-907.818	793.477	46.394	-802.801	1001.344	31.448	-814.545	927.212	104.564	-894.543	831.478	388.328	-837.312	829.637	307.71	-819.188	876.054	54.632	-1277.263	900.03	44.569	-1205.431	986.485	37.465	-1275.024	792.054	613.026	-878.315	793.392	696.108	-874.698	837.665	692.425	-829.35	1032.105	656.698	-1155.366	977.548	648.255	-1188.764	978.442	565.212	-1181.786	988.339	390.399	-1204.714	1003.681	304.073	-1210.297	1047.48	399.427	-1181.421	883.89	395.978	-801.183	885.649	309.825	-784.8	1062.76	317.376	-1187.154	838.021	605.414	-832.993	1031.79	568.353	-1148.84	1098.29	32.123	-1172.684	1024.778	25.286	-1101.013	935.315	22.29	-780.092	956.514	27.312	-883.581
2039	10.19	924.495	1692.774	-991.454	934.628	1410.423	-816.699	1092.669	1400.424	-1089.623	901.3	1359.257	-1018.301	805.68	912.198	-931.561	928.362	931.899	-1133.613	1009.925	964.237	-952.73	1003.985	475.073	-1165.473	948.788	454.705	-1065.459	849.621	476.075	-847.035	886.389	456.945	-949.941	907.264	103.185	-808.389	726.956	56.521	-869.009	1104.898	34.317	-1104.185	990.293	103.222	-1115.255	1060.724	104.869	-1173.946	786.928	45.319	-907.822	793.462	46.402	-802.81	1001.366	31.419	-814.551	927.186	104.558	-894.549	831.481	388.338	-837.286	829.628	307.708	-819.173	876.016	54.652	-1277.257	900.035	44.578	-1205.429	986.48	37.496	-1275.02	792.035	613.018	-878.329	793.367	696.09	-874.671	837.664	692.447	-829.319	1032.106	656.656	-1155.372	977.571	648.253	-1188.733	978.451	565.22	-1181.796	988.362	390.397	-1204.712	1003.668	304.051	-1210.281	1047.501	399.416	-1181.409	883.871	395.993	-801.209	885.646	309.81	-784.806	1062.741	317.364	-1187.145	838.062	605.427	-832.958	1031.782	568.36	-1148.844	1098.266	32.142	-1172.686	1024.798	25.292	-1100.984	935.33	22.311	-780.059	956.515	27.309	-883.587
2040	10.195	924.465	1692.779	-991.439	934.624	1410.429	-816.678	1092.652	1400.437	-1089.635	901.295	1359.268	-1018.317	805.667	912.205	-931.614	928.373	931.896	-1133.626	1009.957	964.269	-952.741	1003.966	475.077	-1165.467	948.811	454.7	-1065.456	849.624	476.115	-847.022	886.4	456.945	-949.957	907.044	102.796	-808.642	726.954	56.502	-869.01	1104.948	34.304	-1104.188	990.295	103.208	-1115.252	1060.661	104.776	-1173.99	786.923	45.31	-907.816	793.488	46.399	-802.797	1001.378	31.388	-814.541	927.201	104.578	-894.532	831.496	388.34	-837.275	829.633	307.724	-819.195	876.031	54.608	-1277.252	900.05	44.563	-1205.405	986.498	37.458	-1275.025	792.053	613.045	-878.338	793.349	696.089	-874.687	837.663	692.433	-829.343	1032.093	656.705	-1155.361	977.566	648.266	-1188.757	978.437	565.212	-1181.82	988.36	390.36	-1204.706	1003.669	304.063	-1210.278	1047.495	399.4	-1181.404	883.875	395.99	-801.199	885.638	309.858	-784.817	1062.765	317.371	-1187.144	838.072	605.478	-832.926	1031.781	568.338	-1148.82	1098.294	32.147	-1172.68	1024.785	25.3	-1100.983	935.283	22.296	-780.059	956.485	27.3	-883.606
2041	10.2	924.443	1692.777	-991.421	934.599	1410.412	-816.682	1092.632	1400.425	-1089.622	901.267	1359.25	-1018.272	805.662	912.194	-931.582	928.357	931.918	-1133.638	1009.962	964.272	-952.743	1003.97	475.092	-1165.463	948.816	454.727	-1065.438	849.596	476.111	-847.002	886.38	456.918	-949.942	907.052	102.796	-808.618	726.946	56.523	-869.014	1104.903	34.285	-1104.206	990.255	103.251	-1115.294	1060.743	104.786	-1173.935	786.929	45.325	-907.822	793.478	46.389	-802.793	1001.371	31.438	-814.556	927.187	104.506	-894.538	831.491	388.338	-837.302	829.61	307.731	-819.19	876.035	54.649	-1277.252	900.051	44.583	-1205.426	986.485	37.427	-1275.016	792.025	613.045	-878.317	793.352	696.081	-874.673	837.652	692.4	-829.357	1032.113	656.654	-1155.373	977.544	648.267	-1188.75	978.443	565.206	-1181.801	988.373	390.386	-1204.697	1003.678	304.064	-1210.294	1047.514	399.421	-1181.411	883.877	396.014	-801.169	885.626	309.853	-784.8	1062.767	317.357	-1187.155	838.057	605.47	-832.889	1031.799	568.326	-1148.828	1098.304	32.156	-1172.681	1024.766	25.301	-1100.985	935.348	22.28	-780.081	956.492	27.294	-883.61
2042	10.205	924.422	1692.774	-991.423	934.596	1410.422	-816.676	1092.623	1400.45	-1089.639	901.257	1359.221	-1018.275	805.65	912.197	-931.592	928.339	931.876	-1133.642	1009.889	964.22	-952.745	1003.979	475.054	-1165.465	948.856	454.712	-1065.432	849.576	476.071	-847.037	886.37	456.935	-949.964	907.077	102.777	-808.66	726.957	56.493	-868.99	1104.959	34.293	-1104.208	990.285	103.196	-1115.256	1060.719	104.763	-1173.934	786.946	45.31	-907.81	793.48	46.401	-802.808	1001.337	31.415	-814.553	927.229	104.522	-894.561	831.491	388.342	-837.317	829.636	307.712	-819.173	876.021	54.631	-1277.233	900.035	44.544	-1205.398	986.5	37.446	-1275.009	792.036	613.023	-878.324	793.359	696.073	-874.679	837.654	692.417	-829.318	1032.102	656.653	-1155.356	977.557	648.254	-1188.735	978.433	565.204	-1181.786	988.362	390.356	-1204.709	1003.689	304.087	-1210.306	1047.515	399.398	-1181.393	883.885	395.945	-801.221	885.601	309.819	-784.819	1062.756	317.349	-1187.154	838.006	605.357	-832.885	1031.807	568.329	-1148.815	1098.304	32.149	-1172.692	1024.808	25.291	-1100.992	935.329	22.274	-780.061	956.506	27.286	-883.583
2043	10.21	924.39	1692.764	-991.434	934.568	1410.401	-816.689	1092.593	1400.431	-1089.654	901.238	1359.246	-1018.29	805.635	912.198	-931.58	928.322	931.881	-1133.639	1009.917	964.271	-952.757	1003.974	475.058	-1165.438	948.833	454.698	-1065.42	849.599	476.064	-847.041	886.421	456.886	-949.94	907.047	102.772	-808.646	726.96	56.485	-869.003	1104.914	34.281	-1104.205	990.3	103.21	-1115.29	1060.836	104.98	-1173.928	786.947	45.325	-907.836	793.492	46.372	-802.784	1001.369	31.419	-814.538	927.201	104.539	-894.55	831.475	388.34	-837.297	829.626	307.705	-819.204	876.023	54.624	-1277.253	900.056	44.542	-1205.407	986.494	37.441	-1275.039	792.029	613.028	-878.33	793.347	696.102	-874.689	837.627	692.429	-829.3	1032.111	656.627	-1155.328	977.554	648.262	-1188.737	978.454	565.205	-1181.793	988.373	390.362	-1204.698	1003.687	304.039	-1210.297	1047.517	399.384	-1181.396	883.876	395.975	-801.2	885.638	309.827	-784.804	1062.765	317.371	-1187.144	837.983	605.367	-832.873	1031.785	568.319	-1148.824	1098.297	32.116	-1172.677	1024.783	25.277	-1100.993	935.331	22.283	-780.051	956.502	27.291	-883.589
2044	10.215	924.368	1692.766	-991.424	934.575	1410.405	-816.698	1092.584	1400.446	-1089.673	901.217	1359.279	-1018.346	805.613	912.177	-931.561	928.312	931.863	-1133.618	1009.917	964.228	-952.752	1003.966	475.05	-1165.441	948.809	454.682	-1065.438	849.587	476.077	-847.024	886.359	456.859	-949.935	907.05	102.805	-808.65	726.949	56.459	-869.015	1104.921	34.284	-1104.187	990.289	103.256	-1115.314	1060.996	105.205	-1173.844	786.94	45.295	-907.834	793.499	46.386	-802.806	1001.363	31.445	-814.545	927.209	104.579	-894.577	831.518	388.29	-837.296	829.601	307.719	-819.206	876.011	54.652	-1277.249	900.063	44.522	-1205.414	986.509	37.439	-1275.026	792.03	613.02	-878.352	793.346	696.067	-874.685	837.633	692.387	-829.334	1032.117	656.66	-1155.339	977.539	648.236	-1188.728	978.458	565.168	-1181.778	988.352	390.335	-1204.697	1003.7	304.024	-1210.283	1047.517	399.377	-1181.401	883.836	395.963	-801.226	885.625	309.826	-784.812	1062.77	317.323	-1187.141	837.98	605.382	-832.86	1031.782	568.346	-1148.811	1098.268	32.106	-1172.694	1024.77	25.299	-1100.992	935.347	22.267	-780.104	956.508	27.278	-883.585
2045	10.22	924.336	1692.784	-991.408	934.522	1410.384	-816.675	1092.542	1400.464	-1089.682	901.19	1359.284	-1018.349	805.616	912.175	-931.586	928.287	931.861	-1133.626	1009.867	964.234	-952.765	1003.982	475.035	-1165.436	948.845	454.685	-1065.433	849.559	476.064	-847.023	886.36	456.902	-949.982	907.254	103.175	-808.385	726.951	56.487	-869.019	1104.926	34.276	-1104.199	990.246	103.21	-1115.252	1060.752	104.734	-1173.918	786.935	45.297	-907.828	793.483	46.377	-802.785	1001.395	31.417	-814.549	927.258	104.576	-894.548	831.496	388.297	-837.309	829.614	307.691	-819.204	876.022	54.607	-1277.242	900.051	44.518	-1205.429	986.478	37.421	-1275.024	792.011	613.004	-878.343	793.324	696.064	-874.695	837.604	692.42	-829.32	1032.118	656.67	-1155.364	977.515	648.216	-1188.737	978.443	565.156	-1181.776	988.375	390.341	-1204.697	1003.694	304	-1210.301	1047.497	399.395	-1181.402	883.86	395.952	-801.215	885.616	309.844	-784.826	1062.763	317.329	-1187.155	838.006	605.382	-832.838	1031.76	568.342	-1148.837	1098.279	32.109	-1172.709	1024.817	25.304	-1101.005	935.347	22.256	-780.086	956.526	27.274	-883.609
2046	10.225	924.326	1692.769	-991.395	934.494	1410.394	-816.695	1092.54	1400.44	-1089.673	901.176	1359.266	-1018.349	805.593	912.192	-931.599	928.299	931.844	-1133.647	1009.915	964.255	-952.754	1003.964	475.031	-1165.458	948.838	454.661	-1065.44	849.582	476.047	-847.037	886.39	456.908	-949.965	907.059	102.75	-808.671	726.966	56.489	-869.015	1104.918	34.277	-1104.199	990.269	103.195	-1115.258	1060.763	104.789	-1173.954	786.942	45.294	-907.82	793.487	46.366	-802.799	1001.368	31.417	-814.573	927.227	104.554	-894.579	831.466	388.306	-837.296	829.617	307.676	-819.214	876.027	54.638	-1277.254	900.026	44.545	-1205.445	986.491	37.43	-1275.043	791.988	612.988	-878.347	793.321	696.094	-874.709	837.6	692.414	-829.321	1032.057	656.593	-1155.325	977.512	648.243	-1188.746	978.43	565.194	-1181.803	988.345	390.351	-1204.719	1003.68	303.983	-1210.28	1047.508	399.404	-1181.405	883.857	395.94	-801.226	885.632	309.801	-784.795	1062.764	317.328	-1187.156	838.003	605.354	-832.837	1031.769	568.331	-1148.852	1098.309	32.121	-1172.691	1024.805	25.267	-1100.998	935.339	22.289	-780.07	956.491	27.247	-883.62
2047	10.23	924.308	1692.759	-991.398	934.467	1410.386	-816.707	1092.51	1400.461	-1089.67	901.17	1359.223	-1018.314	805.571	912.201	-931.6	928.289	931.86	-1133.618	1009.888	964.204	-952.743	1003.988	475.032	-1165.441	948.817	454.692	-1065.422	849.575	476.055	-847.056	886.367	456.885	-949.961	907.028	102.777	-808.674	726.957	56.49	-869.024	1104.931	34.261	-1104.183	990.287	103.216	-1115.246	1060.758	104.836	-1173.954	786.924	45.319	-907.85	793.471	46.367	-802.809	1001.384	31.398	-814.564	927.194	104.493	-894.577	831.451	388.303	-837.305	829.618	307.698	-819.218	876.027	54.63	-1277.252	900.027	44.543	-1205.438	986.514	37.417	-1275.031	791.986	612.996	-878.33	793.312	696.039	-874.707	837.603	692.394	-829.322	1032.067	656.615	-1155.348	977.524	648.225	-1188.751	978.447	565.173	-1181.795	988.335	390.349	-1204.719	1003.697	304.023	-1210.313	1047.5	399.392	-1181.409	883.843	395.955	-801.206	885.582	309.8	-784.85	1062.753	317.34	-1187.173	837.982	605.354	-832.856	1031.771	568.318	-1148.818	1098.314	32.127	-1172.678	1024.794	25.267	-1101.012	935.365	22.311	-780.048	956.503	27.281	-883.606
2048	10.235	924.278	1692.785	-991.404	934.454	1410.401	-816.722	1092.465	1400.501	-1089.69	901.157	1359.274	-1018.345	805.558	912.175	-931.589	928.269	931.826	-1133.636	1009.89	964.232	-952.756	1003.936	475.016	-1165.45	948.793	454.698	-1065.451	849.573	476.052	-847.029	886.36	456.829	-949.978	907.064	102.773	-808.66	726.946	56.465	-869.031	1104.915	34.281	-1104.208	990.265	103.2	-1115.292	1060.727	104.689	-1173.946	786.95	45.298	-907.838	793.476	46.366	-802.793	1001.393	31.446	-814.569	927.202	104.534	-894.563	831.442	388.327	-837.309	829.609	307.669	-819.212	876.023	54.612	-1277.269	900.056	44.504	-1205.399	986.52	37.399	-1275.042	791.97	612.994	-878.314	793.318	696.053	-874.69	837.592	692.379	-829.344	1032.064	656.588	-1155.363	977.502	648.221	-1188.749	978.425	565.167	-1181.815	988.331	390.328	-1204.687	1003.681	303.969	-1210.289	1047.479	399.389	-1181.41	883.872	395.955	-801.231	885.633	309.802	-784.792	1062.735	317.343	-1187.179	837.986	605.329	-832.813	1031.738	568.306	-1148.842	1098.304	32.085	-1172.664	1024.807	25.292	-1101.003	935.313	22.319	-780.059	956.495	27.293	-883.621
2049	10.24	924.252	1692.768	-991.391	934.438	1410.4	-816.726	1092.469	1400.478	-1089.707	901.107	1359.252	-1018.352	805.543	912.172	-931.599	928.269	931.86	-1133.628	1009.86	964.21	-952.751	1003.908	475.009	-1165.466	948.756	454.69	-1065.453	849.579	476.042	-847.025	886.378	456.876	-949.957	907.049	102.745	-808.63	726.957	56.461	-869.003	1104.925	34.252	-1104.181	990.276	103.14	-1115.226	1060.795	104.945	-1173.931	786.922	45.292	-907.846	793.485	46.371	-802.802	1001.38	31.4	-814.546	927.209	104.533	-894.576	831.455	388.297	-837.309	829.599	307.661	-819.21	876.042	54.594	-1277.257	900.058	44.497	-1205.416	986.498	37.415	-1275.012	791.964	613.01	-878.341	793.285	696.063	-874.685	837.585	692.359	-829.324	1032.064	656.624	-1155.371	977.498	648.222	-1188.776	978.412	565.163	-1181.81	988.335	390.317	-1204.731	1003.654	304.003	-1210.309	1047.46	399.391	-1181.429	883.82	395.937	-801.203	885.615	309.806	-784.821	1062.734	317.327	-1187.164	837.988	605.309	-832.826	1031.747	568.323	-1148.866	1098.287	32.093	-1172.662	1024.818	25.289	-1100.997	935.359	22.26	-780.085	956.486	27.257	-883.608
2050	10.245	924.234	1692.769	-991.404	934.416	1410.393	-816.713	1092.438	1400.507	-1089.721	901.074	1359.239	-1018.333	805.558	912.18	-931.596	928.279	931.834	-1133.628	1009.812	964.19	-952.762	1003.918	475.021	-1165.481	948.776	454.672	-1065.439	849.573	476.046	-847.026	886.338	456.871	-949.958	907.25	103.149	-808.389	726.954	56.462	-869.012	1104.89	34.261	-1104.2	990.251	103.165	-1115.266	1060.793	104.902	-1173.924	786.925	45.292	-907.833	793.469	46.369	-802.788	1001.373	31.404	-814.541	927.221	104.512	-894.554	831.461	388.292	-837.296	829.596	307.689	-819.214	876.017	54.595	-1277.27	900.048	44.51	-1205.387	986.515	37.427	-1275.031	791.951	613.012	-878.308	793.277	696.043	-874.675	837.559	692.411	-829.312	1032.034	656.635	-1155.359	977.481	648.217	-1188.766	978.375	565.164	-1181.818	988.312	390.32	-1204.72	1003.648	303.983	-1210.293	1047.455	399.387	-1181.405	883.85	395.93	-801.205	885.608	309.833	-784.807	1062.729	317.307	-1187.157	838.008	605.295	-832.86	1031.728	568.289	-1148.856	1098.293	32.109	-1172.676	1024.781	25.282	-1100.995	935.351	22.248	-780.088	956.522	27.255	-883.588
2051	10.25	924.21	1692.765	-991.387	934.394	1410.391	-816.709	1092.409	1400.502	-1089.718	901.096	1359.245	-1018.353	805.518	912.18	-931.598	928.248	931.852	-1133.636	1009.83	964.225	-952.746	1003.89	475.005	-1165.461	948.726	454.688	-1065.46	849.538	476.021	-847.025	886.349	456.876	-949.956	907.052	102.748	-808.643	726.957	56.495	-869.014	1104.921	34.285	-1104.203	990.229	103.174	-1115.258	1060.79	104.808	-1173.939	786.924	45.286	-907.832	793.475	46.367	-802.797	1001.382	31.426	-814.572	927.181	104.548	-894.553	831.456	388.3	-837.303	829.594	307.685	-819.205	876.021	54.586	-1277.267	900.027	44.495	-1205.405	986.513	37.454	-1275.011	791.927	613.012	-878.328	793.248	696.08	-874.697	837.552	692.409	-829.313	1032.046	656.635	-1155.383	977.484	648.204	-1188.762	978.37	565.168	-1181.815	988.285	390.35	-1204.72	1003.619	303.993	-1210.296	1047.433	399.381	-1181.441	883.835	395.924	-801.218	885.616	309.809	-784.791	1062.717	317.317	-1187.181	837.994	605.285	-832.83	1031.742	568.345	-1148.864	1098.301	32.132	-1172.674	1024.777	25.278	-1101.002	935.323	22.24	-780.064	956.5	27.255	-883.59
2052	10.255	924.203	1692.77	-991.366	934.354	1410.38	-816.751	1092.385	1400.528	-1089.728	901.068	1359.258	-1018.375	805.529	912.167	-931.584	928.231	931.862	-1133.647	1009.793	964.232	-952.737	1003.87	475.016	-1165.477	948.708	454.683	-1065.466	849.561	476.085	-847.003	886.348	456.852	-949.962	907.268	103.182	-808.408	726.943	56.47	-869.018	1104.907	34.298	-1104.211	990.25	103.182	-1115.284	1060.706	104.863	-1173.957	786.922	45.287	-907.829	793.465	46.364	-802.804	1001.363	31.414	-814.571	927.174	104.504	-894.57	831.44	388.301	-837.303	829.592	307.693	-819.19	876.002	54.607	-1277.266	900.038	44.516	-1205.399	986.512	37.389	-1275.015	791.931	613.02	-878.337	793.246	696.087	-874.687	837.568	692.389	-829.334	1032.047	656.643	-1155.366	977.46	648.239	-1188.766	978.354	565.151	-1181.845	988.251	390.329	-1204.728	1003.609	304.021	-1210.317	1047.433	399.396	-1181.419	883.82	395.942	-801.211	885.59	309.817	-784.805	1062.703	317.314	-1187.147	837.969	605.281	-832.834	1031.69	568.324	-1148.852	1098.253	32.132	-1172.673	1024.793	25.288	-1101	935.334	22.315	-780.054	956.52	27.276	-883.598
2053	10.26	924.178	1692.772	-991.397	934.344	1410.433	-816.773	1092.353	1400.531	-1089.739	901.067	1359.249	-1018.358	805.509	912.17	-931.613	928.227	931.836	-1133.626	1009.781	964.249	-952.726	1003.861	475.035	-1165.475	948.691	454.683	-1065.475	849.518	476.083	-847.024	886.362	456.871	-949.962	907.06	102.778	-808.629	726.947	56.457	-869.002	1104.904	34.318	-1104.199	990.229	103.197	-1115.245	1060.713	104.849	-1173.949	786.926	45.287	-907.821	793.48	46.38	-802.801	1001.349	31.412	-814.564	927.169	104.531	-894.576	831.446	388.321	-837.304	829.596	307.705	-819.181	876	54.639	-1277.266	900.026	44.523	-1205.433	986.51	37.442	-1275.039	791.925	613.017	-878.349	793.232	696.079	-874.714	837.528	692.395	-829.328	1032.023	656.642	-1155.389	977.439	648.21	-1188.77	978.388	565.159	-1181.8	988.268	390.35	-1204.717	1003.622	304.031	-1210.325	1047.428	399.385	-1181.419	883.821	395.957	-801.235	885.559	309.816	-784.841	1062.69	317.301	-1187.151	837.988	605.264	-832.822	1031.706	568.344	-1148.835	1098.302	32.127	-1172.637	1024.801	25.279	-1101.005	935.343	22.317	-780.06	956.506	27.304	-883.603
2054	10.265	924.164	1692.762	-991.368	934.303	1410.416	-816.763	1092.339	1400.543	-1089.746	901.037	1359.248	-1018.38	805.505	912.185	-931.631	928.202	931.837	-1133.642	1009.766	964.231	-952.745	1003.864	475.039	-1165.476	948.743	454.686	-1065.455	849.551	476.082	-847.021	886.356	456.892	-949.928	907.055	102.766	-808.641	726.951	56.474	-869.023	1104.935	34.33	-1104.202	990.24	103.2	-1115.261	1060.76	104.961	-1173.971	786.945	45.296	-907.833	793.463	46.366	-802.795	1001.354	31.448	-814.541	927.187	104.565	-894.561	831.417	388.336	-837.291	829.596	307.706	-819.192	876.029	54.639	-1277.263	900.021	44.526	-1205.409	986.486	37.443	-1275.041	791.919	613.049	-878.339	793.224	696.075	-874.7	837.539	692.398	-829.338	1032.019	656.64	-1155.373	977.445	648.234	-1188.774	978.36	565.176	-1181.837	988.269	390.35	-1204.728	1003.621	304.022	-1210.322	1047.431	399.382	-1181.408	883.835	395.963	-801.218	886.626	310.008	-783.59	1062.696	317.327	-1187.154	837.982	605.25	-832.824	1031.682	568.34	-1148.892	1098.277	32.125	-1172.641	1024.797	25.259	-1101.019	935.323	22.337	-780.073	956.494	27.302	-883.617
2055	10.27	924.134	1692.756	-991.362	934.27	1410.414	-816.801	1092.337	1400.556	-1089.749	901.017	1359.265	-1018.382	805.491	912.171	-931.616	928.199	931.848	-1133.646	1009.756	964.245	-952.743	1003.865	475.045	-1165.482	948.734	454.694	-1065.463	849.535	476.07	-847.029	886.335	456.9	-949.941	907.038	102.8	-808.638	726.946	56.503	-869.03	1104.898	34.303	-1104.177	990.233	103.218	-1115.264	1060.836	104.947	-1173.884	786.921	45.307	-907.832	793.47	46.374	-802.798	1001.367	31.446	-814.567	927.243	104.556	-894.544	831.428	388.35	-837.291	829.566	307.711	-819.198	876.021	54.62	-1277.271	900.014	44.542	-1205.404	986.498	37.458	-1275.026	791.914	613.04	-878.334	793.227	696.07	-874.714	837.526	692.401	-829.323	1031.986	656.707	-1155.405	977.437	648.233	-1188.769	978.362	565.172	-1181.814	988.28	390.348	-1204.716	1003.618	304.033	-1210.31	1047.42	399.393	-1181.415	883.799	395.981	-801.208	885.582	309.851	-784.82	1062.703	317.321	-1187.14	837.966	605.221	-832.8	1031.683	568.372	-1148.851	1098.29	32.14	-1172.677	1024.813	25.286	-1100.999	935.304	22.281	-780.096	956.506	27.321	-883.601
2056	10.275	924.122	1692.779	-991.379	934.229	1410.431	-816.805	1092.318	1400.542	-1089.751	901.01	1359.255	-1018.39	805.471	912.181	-931.631	928.193	931.869	-1133.626	1009.671	964.231	-952.745	1003.882	475.055	-1165.473	948.729	454.662	-1065.485	849.53	476.104	-847.008	886.303	456.923	-949.941	907.042	102.78	-808.648	726.95	56.483	-868.997	1104.912	34.299	-1104.198	990.238	103.174	-1115.217	1060.83	104.914	-1173.933	786.928	45.317	-907.844	793.471	46.402	-802.772	1001.372	31.475	-814.547	927.166	104.559	-894.53	831.44	388.301	-837.275	829.581	307.713	-819.203	875.994	54.622	-1277.259	900.05	44.563	-1205.4	986.483	37.486	-1275.047	791.896	613.052	-878.358	793.203	696.085	-874.712	837.516	692.396	-829.32	1031.98	656.666	-1155.357	977.418	648.219	-1188.756	978.35	565.163	-1181.8	988.259	390.35	-1204.713	1003.631	304.039	-1210.289	1047.423	399.399	-1181.41	883.823	395.969	-801.196	885.582	309.824	-784.793	1062.716	317.359	-1187.143	837.978	605.179	-832.802	1031.667	568.34	-1148.869	1098.288	32.148	-1172.692	1024.785	25.28	-1101.009	935.353	22.309	-780.058	956.482	27.321	-883.597
2057	10.28	924.107	1692.778	-991.37	934.186	1410.422	-816.794	1092.302	1400.539	-1089.734	900.988	1359.246	-1018.404	805.454	912.183	-931.621	928.171	931.861	-1133.641	1009.701	964.258	-952.764	1003.894	475.064	-1165.465	948.732	454.702	-1065.452	849.496	476.088	-847.045	886.324	456.922	-949.973	907.054	102.768	-808.641	726.936	56.513	-869.006	1104.908	34.319	-1104.184	990.253	103.187	-1115.247	1060.635	104.795	-1173.993	786.922	45.319	-907.803	793.469	46.406	-802.773	1001.339	31.471	-814.559	927.117	104.54	-894.542	831.412	388.352	-837.284	829.572	307.677	-819.2	876.006	54.663	-1277.253	900.03	44.547	-1205.397	986.517	37.45	-1275.018	791.908	613.073	-878.332	793.208	696.093	-874.695	837.498	692.399	-829.33	1031.983	656.674	-1155.384	977.413	648.265	-1188.767	978.345	565.182	-1181.795	988.261	390.365	-1204.704	1003.643	304.027	-1210.293	1047.428	399.428	-1181.409	883.796	395.959	-801.202	885.581	309.844	-784.787	1062.723	317.313	-1187.127	837.981	605.164	-832.79	1031.654	568.372	-1148.858	1098.272	32.139	-1172.669	1024.76	25.296	-1100.986	935.308	22.314	-780.075	956.499	27.324	-883.588
2058	10.285	924.075	1692.785	-991.35	934.164	1410.451	-816.812	1092.285	1400.56	-1089.75	900.978	1359.267	-1018.384	805.458	912.202	-931.623	928.153	931.838	-1133.631	1009.757	964.278	-952.746	1003.875	475.048	-1165.445	948.743	454.692	-1065.424	849.5	476.107	-847.007	886.325	456.913	-949.954	907.086	102.808	-808.612	726.938	56.493	-868.997	1104.894	34.333	-1104.184	990.254	103.277	-1115.245	1060.79	104.942	-1173.845	786.936	45.336	-907.803	793.494	46.397	-802.779	1001.347	31.415	-814.552	927.202	104.562	-894.537	831.431	388.331	-837.289	829.584	307.717	-819.197	876.028	54.624	-1277.237	900.027	44.566	-1205.389	986.485	37.466	-1275.035	791.873	613.069	-878.353	793.196	696.088	-874.69	837.496	692.429	-829.332	1031.983	656.709	-1155.367	977.403	648.272	-1188.779	978.337	565.166	-1181.805	988.269	390.361	-1204.691	1003.621	304.043	-1210.285	1047.439	399.428	-1181.421	883.802	395.983	-801.191	885.595	309.864	-784.783	1062.701	317.336	-1187.129	837.98	605.122	-832.82	1031.64	568.318	-1148.83	1098.293	32.169	-1172.649	1024.759	25.299	-1101.001	935.294	22.282	-780.05	956.505	27.336	-883.576
2059	10.29	924.056	1692.777	-991.371	934.141	1410.47	-816.81	1092.26	1400.564	-1089.746	900.932	1359.244	-1018.414	805.428	912.176	-931.635	928.134	931.854	-1133.639	1009.698	964.296	-952.757	1003.888	475.08	-1165.452	948.732	454.698	-1065.448	849.488	476.09	-847.019	886.283	456.943	-949.983	907.24	103.174	-808.378	726.943	56.51	-868.999	1104.908	34.322	-1104.178	990.258	103.216	-1115.2	1060.728	104.876	-1173.926	786.924	45.318	-907.823	793.468	46.409	-802.788	1001.359	31.442	-814.541	927.145	104.587	-894.518	831.393	388.349	-837.303	829.571	307.706	-819.178	876.007	54.65	-1277.265	900.027	44.577	-1205.41	986.493	37.503	-1275.026	791.861	613.07	-878.35	793.195	696.083	-874.706	837.483	692.388	-829.329	1031.951	656.689	-1155.347	977.396	648.256	-1188.771	978.329	565.182	-1181.809	988.259	390.376	-1204.69	1003.607	304.058	-1210.311	1047.418	399.436	-1181.397	883.825	396.018	-801.195	885.579	309.871	-784.788	1062.687	317.361	-1187.141	837.966	605.078	-832.781	1031.657	568.367	-1148.85	1098.294	32.188	-1172.68	1024.777	25.307	-1100.995	935.301	22.303	-780.05	956.486	27.327	-883.611
2060	10.295	924.037	1692.772	-991.367	934.118	1410.459	-816.84	1092.226	1400.557	-1089.756	900.917	1359.255	-1018.416	805.42	912.169	-931.635	928.111	931.851	-1133.638	1009.726	964.287	-952.772	1003.871	475.058	-1165.473	948.714	454.728	-1065.46	849.486	476.099	-847.03	886.306	456.934	-949.995	907.242	103.178	-808.396	726.952	56.509	-869.02	1104.916	34.331	-1104.191	990.234	103.283	-1115.274	1060.777	104.969	-1173.942	786.941	45.325	-907.82	793.46	46.413	-802.773	1001.36	31.426	-814.554	927.217	104.587	-894.593	831.409	388.308	-837.291	829.542	307.696	-819.186	876.015	54.609	-1277.267	900.048	44.542	-1205.402	986.495	37.52	-1275.035	791.85	613.081	-878.362	793.183	696.054	-874.708	837.489	692.401	-829.336	1031.934	656.695	-1155.387	977.376	648.256	-1188.74	978.336	565.21	-1181.824	988.245	390.384	-1204.686	1003.6	304.069	-1210.32	1047.404	399.424	-1181.41	883.771	395.99	-801.196	885.585	309.853	-784.781	1062.701	317.343	-1187.121	837.955	605.015	-832.764	1031.639	568.349	-1148.842	1098.277	32.167	-1172.671	1024.749	25.311	-1100.988	935.321	22.349	-780.025	956.485	27.326	-883.595
2061	10.3	924.021	1692.773	-991.386	934.093	1410.453	-816.83	1092.223	1400.558	-1089.731	900.895	1359.237	-1018.437	805.419	912.186	-931.636	928.101	931.86	-1133.644	1009.665	964.275	-952.757	1003.869	475.077	-1165.458	948.739	454.697	-1065.468	849.481	476.101	-847.04	886.242	456.934	-949.974	907.267	103.214	-808.377	726.946	56.508	-869.006	1104.927	34.332	-1104.203	990.23	103.227	-1115.232	1061.003	105.28	-1173.797	786.933	45.337	-907.846	793.473	46.404	-802.805	1001.354	31.46	-814.554	927.172	104.585	-894.54	831.374	388.324	-837.288	829.551	307.682	-819.193	876.028	54.618	-1277.254	900.034	44.582	-1205.434	986.499	37.444	-1275.035	791.84	613.099	-878.367	793.182	696.078	-874.739	837.474	692.406	-829.344	1031.944	656.706	-1155.339	977.4	648.267	-1188.758	978.33	565.199	-1181.808	988.228	390.379	-1204.717	1003.607	304.072	-1210.313	1047.392	399.431	-1181.443	883.738	396.015	-801.21	885.559	309.877	-784.813	1062.688	317.372	-1187.17	837.932	604.992	-832.762	1031.629	568.32	-1148.828	1098.303	32.153	-1172.686	1024.778	25.303	-1100.987	935.33	22.315	-780.048	956.471	27.385	-883.637
2062	10.305	923.994	1692.785	-991.408	934.064	1410.474	-816.862	1092.205	1400.556	-1089.742	900.883	1359.231	-1018.445	805.405	912.176	-931.629	928.096	931.841	-1133.644	1009.679	964.284	-952.75	1003.842	475.074	-1165.467	948.707	454.706	-1065.466	849.445	476.092	-847.058	886.272	456.958	-949.969	907.024	102.825	-808.634	726.957	56.492	-868.996	1104.926	34.307	-1104.215	990.256	103.245	-1115.286	1060.861	105.082	-1173.888	786.929	45.318	-907.82	793.461	46.403	-802.804	1001.384	31.445	-814.574	927.193	104.594	-894.55	831.374	388.329	-837.303	829.545	307.702	-819.209	875.999	54.64	-1277.252	900.024	44.562	-1205.415	986.471	37.488	-1275.033	791.829	613.071	-878.404	793.164	696.071	-874.726	837.422	692.384	-829.329	1031.93	656.682	-1155.357	977.39	648.262	-1188.746	978.301	565.182	-1181.804	988.226	390.344	-1204.71	1003.604	304.04	-1210.332	1047.384	399.397	-1181.425	883.738	395.983	-801.231	885.524	309.842	-784.826	1062.666	317.369	-1187.154	837.919	604.901	-832.793	1031.63	568.378	-1148.845	1098.281	32.169	-1172.701	1024.788	25.304	-1101.012	935.315	22.297	-780.084	956.505	27.32	-883.612
2063	10.31	923.983	1692.783	-991.422	934.027	1410.486	-816.858	1092.191	1400.559	-1089.75	900.86	1359.267	-1018.447	805.389	912.171	-931.615	928.103	931.844	-1133.649	1009.637	964.285	-952.774	1003.832	475.053	-1165.47	948.683	454.688	-1065.481	849.448	476.112	-847.055	886.305	456.925	-949.976	907.264	103.189	-808.396	726.937	56.49	-869.01	1104.921	34.325	-1104.216	990.285	103.133	-1115.217	1060.669	104.818	-1173.968	786.93	45.338	-907.837	793.473	46.399	-802.805	1001.358	31.483	-814.541	927.139	104.584	-894.563	831.359	388.353	-837.315	829.501	307.699	-819.207	876.012	54.625	-1277.258	900.024	44.541	-1205.403	986.477	37.498	-1275.043	791.804	613.078	-878.372	793.147	696.074	-874.738	837.415	692.41	-829.335	1031.928	656.694	-1155.354	977.383	648.245	-1188.756	978.299	565.157	-1181.792	988.211	390.394	-1204.739	1003.58	304.057	-1210.324	1047.376	399.421	-1181.432	883.739	395.992	-801.233	885.52	309.827	-784.835	1062.668	317.355	-1187.165	837.896	604.876	-832.737	1031.628	568.359	-1148.821	1098.286	32.165	-1172.682	1024.769	25.281	-1101.011	935.321	22.313	-780.059	956.49	27.333	-883.612
2064	10.315	923.959	1692.786	-991.424	934.006	1410.455	-816.862	1092.162	1400.565	-1089.751	900.841	1359.251	-1018.462	805.404	912.153	-931.63	928.074	931.824	-1133.649	1009.677	964.264	-952.782	1003.816	475.048	-1165.486	948.694	454.667	-1065.451	849.407	476.09	-847.064	886.243	456.897	-949.998	907.033	102.815	-808.647	726.921	56.499	-869.001	1104.922	34.326	-1104.184	990.24	103.275	-1115.267	1060.638	104.91	-1174.008	786.923	45.341	-907.816	793.47	46.397	-802.8	1001.357	31.419	-814.549	927.153	104.547	-894.549	831.338	388.34	-837.319	829.512	307.669	-819.22	876.005	54.654	-1277.272	900.048	44.541	-1205.425	986.487	37.482	-1275.069	791.813	613.055	-878.418	793.133	696.073	-874.704	837.433	692.373	-829.331	1031.919	656.663	-1155.38	977.362	648.259	-1188.775	978.274	565.191	-1181.826	988.196	390.369	-1204.723	1003.569	304.064	-1210.318	1047.354	399.425	-1181.428	883.714	395.961	-801.224	886.543	310.003	-783.619	1062.652	317.357	-1187.168	837.979	604.888	-832.714	1031.615	568.335	-1148.831	1098.278	32.138	-1172.683	1024.764	25.31	-1100.997	935.322	22.287	-780.039	956.461	27.394	-883.644
2065	10.32	923.946	1692.79	-991.442	934.005	1410.446	-816.839	1092.156	1400.56	-1089.738	900.798	1359.24	-1018.475	805.397	912.147	-931.6	928.075	931.831	-1133.628	1009.639	964.232	-952.751	1003.806	475.075	-1165.49	948.699	454.695	-1065.46	849.399	476.049	-847.071	886.199	456.892	-949.999	906.998	102.769	-808.659	726.928	56.484	-869.011	1104.902	34.329	-1104.174	990.256	103.203	-1115.23	1060.816	104.96	-1173.882	786.921	45.288	-907.837	793.467	46.374	-802.794	1001.346	31.436	-814.54	927.181	104.545	-894.542	831.327	388.315	-837.323	829.502	307.666	-819.214	876.019	54.603	-1277.267	900.026	44.53	-1205.4	986.475	37.489	-1275.043	791.791	613.082	-878.367	793.126	696.065	-874.707	837.411	692.391	-829.338	1031.917	656.675	-1155.365	977.345	648.228	-1188.771	978.289	565.206	-1181.845	988.189	390.356	-1204.707	1003.555	304.077	-1210.325	1047.349	399.434	-1181.431	883.709	395.978	-801.203	885.489	309.828	-784.828	1062.625	317.345	-1187.177	837.943	604.839	-832.703	1031.612	568.326	-1148.835	1098.264	32.13	-1172.663	1024.79	25.281	-1100.989	935.341	22.273	-780.067	956.515	27.315	-883.622
2066	10.325	923.931	1692.788	-991.43	933.988	1410.451	-816.854	1092.135	1400.561	-1089.764	900.788	1359.252	-1018.469	805.391	912.153	-931.632	928.061	931.81	-1133.644	1009.631	964.265	-952.761	1003.802	475.037	-1165.463	948.685	454.671	-1065.45	849.43	476.062	-847.061	886.221	456.906	-949.986	907.241	103.177	-808.373	726.938	56.458	-869.005	1104.901	34.305	-1104.167	990.256	103.264	-1115.266	1060.772	105.052	-1173.912	786.943	45.304	-907.811	793.47	46.363	-802.795	1001.334	31.409	-814.551	927.164	104.52	-894.548	831.343	388.331	-837.302	829.498	307.655	-819.235	876.002	54.637	-1277.266	900.011	44.544	-1205.41	986.518	37.475	-1275.036	791.769	613.088	-878.374	793.125	696.06	-874.695	837.395	692.403	-829.311	1031.888	656.672	-1155.373	977.337	648.233	-1188.758	978.256	565.207	-1181.825	988.185	390.344	-1204.722	1003.566	304.049	-1210.317	1047.365	399.41	-1181.413	883.712	395.968	-801.237	885.522	309.81	-784.818	1062.629	317.353	-1187.196	837.952	604.856	-832.703	1031.613	568.345	-1148.868	1098.298	32.164	-1172.666	1024.771	25.272	-1101	935.359	22.308	-780.062	956.504	27.293	-883.6
2067	10.33	923.893	1692.797	-991.446	933.959	1410.455	-816.884	1092.12	1400.55	-1089.771	900.752	1359.242	-1018.471	805.369	912.156	-931.637	928.05	931.83	-1133.646	1009.662	964.268	-952.737	1003.784	475.061	-1165.494	948.689	454.682	-1065.45	849.376	476.059	-847.055	886.177	456.889	-949.985	907.038	102.802	-808.647	726.936	56.448	-868.991	1104.9	34.292	-1104.193	990.207	103.271	-1115.277	1060.701	104.921	-1173.953	786.92	45.294	-907.825	793.496	46.387	-802.792	1001.366	31.434	-814.552	927.162	104.543	-894.545	831.342	388.286	-837.316	829.489	307.652	-819.226	876.005	54.582	-1277.236	900.037	44.548	-1205.411	986.48	37.436	-1275.04	791.754	613.101	-878.392	793.115	696.072	-874.718	837.367	692.389	-829.326	1031.896	656.671	-1155.374	977.318	648.225	-1188.754	978.261	565.217	-1181.835	988.193	390.333	-1204.705	1003.558	304.06	-1210.314	1047.358	399.4	-1181.444	883.709	395.972	-801.236	885.524	309.796	-784.822	1062.637	317.36	-1187.171	837.948	604.755	-832.732	1031.608	568.336	-1148.85	1098.269	32.166	-1172.686	1024.758	25.282	-1100.995	935.34	22.266	-780.058	956.5	27.332	-883.629
2068	10.335	923.873	1692.809	-991.468	933.958	1410.468	-816.87	1092.116	1400.546	-1089.771	900.749	1359.255	-1018.468	805.359	912.151	-931.616	928.041	931.798	-1133.615	1009.584	964.222	-952.752	1003.795	475.046	-1165.468	948.658	454.683	-1065.453	849.391	476.056	-847.063	886.158	456.874	-949.998	907.007	102.735	-808.669	726.932	56.46	-868.993	1104.903	34.294	-1104.186	990.23	103.224	-1115.241	1060.755	104.911	-1173.933	786.935	45.314	-907.828	793.467	46.368	-802.806	1001.385	31.434	-814.535	927.135	104.489	-894.555	831.288	388.307	-837.333	829.485	307.657	-819.201	876.017	54.599	-1277.242	900.014	44.554	-1205.423	986.487	37.454	-1275.031	791.723	613.118	-878.392	793.071	696.05	-874.72	837.363	692.356	-829.321	1031.874	656.665	-1155.382	977.293	648.232	-1188.739	978.253	565.198	-1181.838	988.183	390.324	-1204.695	1003.554	304.045	-1210.317	1047.35	399.423	-1181.44	883.693	395.975	-801.23	885.48	309.856	-784.824	1062.659	317.345	-1187.162	837.891	604.705	-832.691	1031.581	568.321	-1148.884	1098.261	32.14	-1172.685	1024.786	25.265	-1101.005	935.304	22.279	-780.07	956.495	27.337	-883.627
2069	10.34	923.858	1692.785	-991.453	933.92	1410.452	-816.883	1092.083	1400.545	-1089.769	900.721	1359.253	-1018.483	805.329	912.149	-931.604	928.029	931.83	-1133.643	1009.64	964.224	-952.742	1003.809	475.013	-1165.448	948.695	454.683	-1065.464	849.397	476.046	-847.063	886.201	456.842	-949.994	907.237	103.176	-808.389	726.937	56.472	-869.028	1104.915	34.302	-1104.187	990.223	103.206	-1115.257	1060.632	104.886	-1173.994	786.945	45.283	-907.826	793.463	46.371	-802.799	1001.364	31.427	-814.536	927.159	104.476	-894.567	831.311	388.286	-837.304	829.488	307.668	-819.224	876.001	54.599	-1277.252	900.019	44.557	-1205.416	986.489	37.462	-1275.037	791.728	613.107	-878.422	793.092	696.046	-874.723	837.333	692.397	-829.309	1031.864	656.649	-1155.358	977.322	648.219	-1188.751	978.247	565.191	-1181.797	988.18	390.366	-1204.7	1003.56	304.042	-1210.335	1047.35	399.408	-1181.444	883.693	395.975	-801.217	885.519	309.823	-784.821	1062.637	317.36	-1187.171	837.904	604.683	-832.747	1031.577	568.369	-1148.886	1098.282	32.168	-1172.691	1024.772	25.253	-1101.007	935.304	22.278	-780.065	956.496	27.317	-883.624
2070	10.345	923.832	1692.795	-991.488	933.881	1410.441	-816.869	1092.066	1400.534	-1089.771	900.721	1359.25	-1018.498	805.331	912.134	-931.612	928.004	931.808	-1133.617	1009.588	964.224	-952.762	1003.792	475.046	-1165.477	948.681	454.671	-1065.444	849.371	476.085	-847.071	886.191	456.896	-950.018	907.271	103.188	-808.379	726.944	56.466	-869.011	1104.919	34.278	-1104.169	990.249	103.162	-1115.238	1060.788	104.933	-1173.914	786.929	45.315	-907.833	793.482	46.349	-802.787	1001.361	31.451	-814.565	927.164	104.521	-894.54	831.307	388.3	-837.324	829.508	307.657	-819.22	875.994	54.591	-1277.258	900.037	44.523	-1205.413	986.497	37.439	-1275.032	791.7	613.112	-878.409	793.068	696.055	-874.72	837.328	692.383	-829.313	1031.855	656.696	-1155.361	977.305	648.228	-1188.733	978.263	565.151	-1181.805	988.199	390.323	-1204.699	1003.562	304.082	-1210.355	1047.359	399.423	-1181.442	883.688	395.949	-801.244	885.489	309.825	-784.818	1062.642	317.362	-1187.156	837.901	604.626	-832.75	1031.579	568.353	-1148.834	1098.275	32.131	-1172.675	1024.746	25.304	-1101	935.3	22.241	-780.109	956.495	27.34	-883.628
2071	10.35	923.797	1692.809	-991.469	933.869	1410.439	-816.894	1092.036	1400.532	-1089.781	900.706	1359.227	-1018.49	805.31	912.129	-931.628	927.999	931.803	-1133.647	1009.582	964.248	-952.754	1003.809	475.037	-1165.454	948.609	454.695	-1065.474	849.364	476.056	-847.063	886.22	456.902	-949.976	907.011	102.781	-808.673	726.944	56.452	-868.974	1104.919	34.294	-1104.169	990.226	103.201	-1115.275	1060.73	104.946	-1173.97	786.929	45.298	-907.841	793.465	46.37	-802.791	1001.35	31.402	-814.555	927.115	104.472	-894.586	831.295	388.298	-837.317	829.474	307.663	-819.23	876.023	54.589	-1277.265	900.024	44.53	-1205.426	986.493	37.496	-1275.019	791.709	613.111	-878.419	793.063	696.032	-874.705	837.324	692.362	-829.313	1031.848	656.723	-1155.366	977.309	648.232	-1188.746	978.242	565.176	-1181.805	988.194	390.349	-1204.716	1003.57	304.028	-1210.312	1047.351	399.392	-1181.421	883.688	395.938	-801.231	885.499	309.78	-784.838	1062.647	317.35	-1187.15	837.89	604.581	-832.746	1031.573	568.338	-1148.828	1098.284	32.167	-1172.68	1024.806	25.262	-1101.008	935.309	22.307	-780.06	956.531	27.283	-883.578
2072	10.355	923.784	1692.796	-991.465	933.838	1410.432	-816.903	1092.021	1400.524	-1089.772	900.678	1359.253	-1018.502	805.279	912.117	-931.633	927.966	931.808	-1133.627	1009.599	964.241	-952.733	1003.785	475.062	-1165.465	948.653	454.689	-1065.42	849.365	476.072	-847.052	886.213	456.85	-950.003	907.015	102.765	-808.66	726.936	56.452	-868.995	1104.901	34.315	-1104.193	990.253	103.152	-1115.21	1060.774	105.004	-1173.957	786.911	45.32	-907.839	793.465	46.378	-802.804	1001.356	31.422	-814.553	927.186	104.564	-894.529	831.311	388.31	-837.317	829.482	307.658	-819.215	876.013	54.588	-1277.253	900.007	44.52	-1205.402	986.507	37.446	-1275.03	791.678	613.128	-878.371	793.056	696.032	-874.688	837.323	692.372	-829.314	1031.861	656.651	-1155.337	977.3	648.219	-1188.75	978.24	565.14	-1181.774	988.182	390.335	-1204.702	1003.56	304.015	-1210.299	1047.347	399.426	-1181.432	883.7	395.939	-801.217	885.497	309.807	-784.811	1062.651	317.339	-1187.147	837.884	604.522	-832.776	1031.573	568.369	-1148.825	1098.259	32.125	-1172.663	1024.757	25.263	-1101.018	935.325	22.254	-780.092	956.531	27.375	-883.623
2073	10.36	923.775	1692.782	-991.468	933.849	1410.441	-816.9	1092.011	1400.546	-1089.811	900.642	1359.236	-1018.516	805.254	912.137	-931.625	927.963	931.777	-1133.61	1009.543	964.281	-952.747	1003.804	475.046	-1165.457	948.626	454.676	-1065.413	849.38	476.029	-847.03	886.187	456.871	-949.963	907.249	103.168	-808.372	726.923	56.459	-869.006	1104.915	34.287	-1104.188	990.221	103.17	-1115.262	1060.678	104.837	-1173.971	786.918	45.266	-907.831	793.467	46.342	-802.78	1001.33	31.406	-814.534	927.135	104.518	-894.534	831.324	388.278	-837.313	829.461	307.661	-819.2	876.002	54.588	-1277.253	900.018	44.492	-1205.396	986.466	37.427	-1275.009	791.706	613.101	-878.386	793.035	696.004	-874.678	837.309	692.369	-829.307	1031.848	656.692	-1155.397	977.311	648.195	-1188.721	978.241	565.162	-1181.792	988.198	390.343	-1204.685	1003.572	304.052	-1210.291	1047.367	399.393	-1181.403	883.716	395.943	-801.225	885.463	309.812	-784.816	1062.642	317.362	-1187.156	837.88	604.466	-832.772	1031.567	568.366	-1148.815	1098.255	32.152	-1172.662	1024.749	25.26	-1101.023	935.299	22.255	-780.077	956.498	27.298	-883.616
2074	10.365	923.747	1692.791	-991.494	933.791	1410.461	-816.916	1091.977	1400.545	-1089.798	900.623	1359.248	-1018.527	805.234	912.092	-931.646	927.932	931.777	-1133.615	1009.53	964.277	-952.768	1003.801	475.041	-1165.446	948.674	454.693	-1065.409	849.37	476.071	-847.019	886.198	456.88	-949.971	907.043	102.752	-808.628	726.929	56.443	-869.003	1104.91	34.284	-1104.184	990.228	103.165	-1115.251	1060.688	105.043	-1174.006	786.933	45.257	-907.824	793.469	46.369	-802.783	1001.353	31.405	-814.557	927.188	104.522	-894.541	831.341	388.233	-837.293	829.496	307.637	-819.227	876.018	54.562	-1277.249	900.017	44.481	-1205.384	986.487	37.432	-1275.024	791.703	613.09	-878.41	793.026	696.027	-874.7	837.285	692.372	-829.303	1031.854	656.672	-1155.344	977.287	648.222	-1188.726	978.247	565.141	-1181.771	988.197	390.321	-1204.672	1003.584	304.016	-1210.288	1047.333	399.388	-1181.398	883.7	395.933	-801.222	885.502	309.776	-784.83	1062.638	317.347	-1187.142	837.885	604.394	-832.807	1031.587	568.367	-1148.817	1098.266	32.145	-1172.677	1024.788	25.261	-1100.991	935.3	22.274	-780.069	956.512	27.308	-883.6
2075	10.37	923.723	1692.805	-991.534	933.791	1410.47	-816.909	1091.954	1400.527	-1089.825	900.597	1359.224	-1018.527	805.219	912.079	-931.643	927.921	931.804	-1133.631	1009.543	964.279	-952.747	1003.793	475.039	-1165.457	948.686	454.671	-1065.421	849.387	476.061	-847.015	886.189	456.883	-949.99	907.039	102.761	-808.636	726.962	56.433	-869.03	1104.919	34.303	-1104.198	990.234	103.201	-1115.257	1060.779	104.904	-1173.915	786.92	45.272	-907.822	793.448	46.347	-802.769	1001.352	31.42	-814.539	927.192	104.534	-894.554	831.33	388.258	-837.31	829.486	307.668	-819.213	875.985	54.615	-1277.264	900.036	44.513	-1205.397	986.512	37.466	-1275.011	791.675	613.114	-878.364	793.024	696.03	-874.692	837.289	692.381	-829.298	1031.832	656.673	-1155.329	977.27	648.171	-1188.7	978.236	565.154	-1181.772	988.196	390.33	-1204.667	1003.576	304.036	-1210.287	1047.371	399.387	-1181.392	883.685	395.931	-801.223	885.497	309.799	-784.792	1062.654	317.344	-1187.139	837.852	604.328	-832.837	1031.561	568.363	-1148.785	1098.283	32.129	-1172.676	1024.775	25.259	-1100.989	935.297	22.241	-780.104	956.513	27.304	-883.593
2076	10.375	923.71	1692.817	-991.533	933.749	1410.465	-816.922	1091.944	1400.536	-1089.827	900.606	1359.251	-1018.536	805.208	912.073	-931.645	927.916	931.783	-1133.631	1009.495	964.23	-952.755	1003.797	475.023	-1165.442	948.631	454.664	-1065.417	849.348	476.062	-847.047	886.2	456.884	-949.98	907.253	103.168	-808.379	726.933	56.446	-869.011	1104.896	34.298	-1104.203	990.24	103.175	-1115.249	1060.73	104.908	-1173.936	786.929	45.279	-907.824	793.465	46.359	-802.805	1001.379	31.445	-814.544	927.115	104.528	-894.525	831.297	388.272	-837.313	829.489	307.661	-819.203	876.007	54.563	-1277.239	900.025	44.509	-1205.391	986.504	37.371	-1275.01	791.687	613.112	-878.385	793.022	696.034	-874.715	837.291	692.362	-829.326	1031.849	656.673	-1155.334	977.301	648.219	-1188.723	978.221	565.136	-1181.792	988.193	390.315	-1204.671	1003.57	304.046	-1210.294	1047.366	399.428	-1181.411	883.686	395.925	-801.203	885.509	309.82	-784.813	1062.638	317.347	-1187.142	837.846	604.286	-832.822	1031.561	568.332	-1148.817	1098.279	32.15	-1172.685	1024.774	25.288	-1100.994	935.326	22.28	-780.077	956.486	27.276	-883.613
2077	10.38	923.681	1692.808	-991.521	933.708	1410.479	-816.945	1091.923	1400.542	-1089.846	900.596	1359.266	-1018.555	805.186	912.118	-931.659	927.916	931.777	-1133.626	1009.444	964.23	-952.776	1003.794	475.011	-1165.428	948.624	454.644	-1065.412	849.403	476.047	-847.067	886.207	456.89	-949.959	907.03	102.775	-808.636	726.947	56.444	-869.011	1104.922	34.275	-1104.188	990.242	103.193	-1115.285	1060.724	104.923	-1173.957	786.898	45.318	-907.836	793.489	46.366	-802.792	1001.338	31.418	-814.563	927.168	104.576	-894.546	831.338	388.257	-837.335	829.473	307.651	-819.218	875.989	54.564	-1277.26	900.029	44.5	-1205.388	986.502	37.426	-1275.04	791.671	613.088	-878.406	793.007	696.041	-874.699	837.278	692.363	-829.314	1031.817	656.665	-1155.318	977.264	648.221	-1188.721	978.225	565.149	-1181.797	988.193	390.341	-1204.675	1003.559	304.051	-1210.309	1047.352	399.437	-1181.421	883.688	395.944	-801.228	885.5	309.783	-784.803	1062.605	317.306	-1187.122	837.791	604.181	-832.87	1031.549	568.341	-1148.805	1098.294	32.157	-1172.666	1024.781	25.253	-1100.995	935.317	22.248	-780.08	956.515	27.258	-883.587
2078	10.385	923.672	1692.805	-991.548	933.728	1410.497	-816.935	1091.9	1400.552	-1089.858	900.565	1359.263	-1018.548	805.182	912.11	-931.676	927.908	931.784	-1133.645	1009.482	964.297	-952.735	1003.771	475.066	-1165.463	948.642	454.68	-1065.437	849.372	476.077	-847.025	886.23	456.899	-949.956	907.03	102.761	-808.672	726.941	56.429	-869.009	1104.913	34.335	-1104.181	990.229	103.214	-1115.27	1060.658	104.922	-1173.97	786.927	45.316	-907.834	793.451	46.362	-802.785	1001.402	31.438	-814.555	927.176	104.467	-894.552	831.329	388.287	-837.3	829.495	307.638	-819.189	876.016	54.595	-1277.258	900.017	44.519	-1205.407	986.518	37.411	-1275.029	791.658	613.123	-878.395	792.988	696.057	-874.688	837.281	692.383	-829.31	1031.82	656.641	-1155.317	977.298	648.196	-1188.723	978.217	565.136	-1181.763	988.173	390.352	-1204.697	1003.565	304.039	-1210.295	1047.321	399.422	-1181.424	883.692	395.946	-801.211	885.5	309.781	-784.813	1062.634	317.327	-1187.135	837.792	604.187	-832.828	1031.537	568.365	-1148.804	1098.284	32.1	-1172.663	1024.766	25.243	-1101.035	935.326	22.241	-780.083	956.493	27.312	-883.602
2079	10.39	923.668	1692.815	-991.555	933.739	1410.51	-816.974	1091.864	1400.541	-1089.847	900.53	1359.27	-1018.565	805.174	912.084	-931.622	927.887	931.783	-1133.653	1009.444	964.263	-952.771	1003.775	475.063	-1165.465	948.615	454.687	-1065.44	849.37	476.057	-847.049	886.188	456.885	-949.964	907.261	103.175	-808.365	726.936	56.455	-869.011	1104.894	34.317	-1104.196	990.262	103.212	-1115.264	1060.711	104.941	-1173.95	786.917	45.259	-907.832	793.473	46.397	-802.813	1001.361	31.447	-814.573	927.131	104.558	-894.564	831.345	388.278	-837.323	829.479	307.654	-819.213	875.999	54.59	-1277.27	900.035	44.551	-1205.447	986.486	37.454	-1275.033	791.665	613.143	-878.438	792.998	696.044	-874.729	837.256	692.402	-829.318	1031.82	656.653	-1155.332	977.252	648.203	-1188.733	978.203	565.165	-1181.802	988.173	390.353	-1204.683	1003.549	304.079	-1210.304	1047.336	399.427	-1181.41	883.695	395.944	-801.222	885.491	309.835	-784.807	1062.608	317.314	-1187.14	837.677	603.976	-832.883	1031.507	568.305	-1148.816	1098.295	32.128	-1172.652	1024.788	25.27	-1100.981	935.335	22.3	-780.08	956.506	27.28	-883.606
2080	10.395	923.635	1692.828	-991.575	933.684	1410.491	-816.978	1091.847	1400.518	-1089.866	900.518	1359.249	-1018.558	805.154	912.1	-931.654	927.867	931.769	-1133.65	1009.429	964.267	-952.752	1003.768	475.057	-1165.43	948.597	454.662	-1065.425	849.386	476.088	-847.034	886.165	456.89	-949.943	907.022	102.757	-808.663	726.935	56.448	-868.995	1104.903	34.292	-1104.191	990.232	103.23	-1115.276	1060.82	105.064	-1173.9	786.932	45.293	-907.83	793.464	46.385	-802.78	1001.351	31.446	-814.532	927.211	104.546	-894.515	831.295	388.285	-837.314	829.501	307.656	-819.204	876.032	54.571	-1277.257	900.019	44.535	-1205.419	986.499	37.473	-1274.995	791.646	613.136	-878.372	792.996	696.036	-874.718	837.252	692.417	-829.323	1031.809	656.626	-1155.316	977.249	648.207	-1188.728	978.195	565.162	-1181.778	988.157	390.357	-1204.708	1003.528	304.075	-1210.324	1047.31	399.429	-1181.384	883.699	395.94	-801.211	885.493	309.804	-784.84	1062.611	317.368	-1187.161	837.73	604.048	-832.85	1031.5	568.306	-1148.798	1098.269	32.183	-1172.684	1024.761	25.269	-1101.001	935.32	22.274	-780.11	956.499	27.303	-883.625
2081	10.4	923.605	1692.829	-991.604	933.715	1410.511	-816.997	1091.823	1400.503	-1089.873	900.507	1359.247	-1018.528	805.153	912.09	-931.654	927.841	931.779	-1133.651	1009.426	964.293	-952.776	1003.748	475.023	-1165.434	948.627	454.674	-1065.42	849.354	476.086	-847.051	886.177	456.895	-949.968	907.004	102.784	-808.629	726.932	56.498	-869.018	1104.898	34.304	-1104.195	990.194	103.201	-1115.262	1060.701	104.939	-1173.906	786.918	45.305	-907.829	793.471	46.37	-802.779	1001.374	31.407	-814.52	927.171	104.562	-894.543	831.32	388.285	-837.306	829.475	307.648	-819.218	876.013	54.576	-1277.257	900.05	44.53	-1205.412	986.51	37.482	-1275.026	791.633	613.144	-878.429	792.99	696.052	-874.715	837.241	692.389	-829.319	1031.769	656.689	-1155.332	977.228	648.192	-1188.729	978.174	565.184	-1181.776	988.147	390.342	-1204.691	1003.531	304.066	-1210.308	1047.3	399.428	-1181.405	883.681	395.944	-801.219	885.51	309.792	-784.813	1062.598	317.386	-1187.177	837.651	603.903	-832.867	1031.509	568.339	-1148.793	1098.272	32.168	-1172.663	1024.786	25.273	-1100.98	935.341	22.3	-780.043	956.5	27.316	-883.598
2082	10.405	923.609	1692.819	-991.61	933.652	1410.482	-816.992	1091.812	1400.508	-1089.887	900.482	1359.265	-1018.56	805.13	912.069	-931.65	927.841	931.768	-1133.663	1009.401	964.276	-952.783	1003.74	475.063	-1165.449	948.583	454.652	-1065.446	849.351	476.067	-847.039	886.164	456.936	-949.964	907	102.773	-808.631	726.931	56.466	-869.012	1104.914	34.3	-1104.195	990.223	103.216	-1115.267	1060.6	104.909	-1174.002	786.909	45.32	-907.824	793.469	46.379	-802.8	1001.358	31.432	-814.561	927.117	104.546	-894.543	831.282	388.311	-837.294	829.464	307.66	-819.2	875.997	54.608	-1277.256	900.019	44.556	-1205.405	986.517	37.458	-1274.995	791.645	613.126	-878.424	792.985	696.058	-874.738	837.232	692.369	-829.305	1031.748	656.671	-1155.335	977.208	648.216	-1188.752	978.149	565.156	-1181.784	988.125	390.354	-1204.701	1003.511	304.054	-1210.299	1047.292	399.428	-1181.396	883.634	395.955	-801.196	885.47	309.839	-784.809	1062.574	317.386	-1187.171	837.637	603.857	-832.854	1031.469	568.358	-1148.814	1098.286	32.175	-1172.668	1024.772	25.309	-1101.023	935.313	22.291	-780.056	956.503	27.276	-883.576
2083	10.41	923.592	1692.813	-991.634	933.643	1410.507	-816.998	1091.791	1400.529	-1089.888	900.449	1359.259	-1018.579	805.128	912.073	-931.651	927.832	931.772	-1133.667	1009.385	964.265	-952.754	1003.702	475.056	-1165.432	948.558	454.686	-1065.414	849.3	476.072	-847.023	886.145	456.867	-949.963	907.036	102.796	-808.621	726.925	56.483	-869.003	1104.92	34.341	-1104.19	990.233	103.16	-1115.222	1060.704	104.981	-1173.913	786.915	45.274	-907.834	793.473	46.369	-802.791	1001.329	31.448	-814.543	927.201	104.579	-894.511	831.273	388.316	-837.309	829.457	307.657	-819.209	876.016	54.601	-1277.254	900.037	44.535	-1205.379	986.498	37.488	-1275.024	791.626	613.129	-878.431	792.966	696.035	-874.728	837.211	692.383	-829.31	1031.727	656.693	-1155.35	977.197	648.226	-1188.717	978.133	565.14	-1181.778	988.125	390.374	-1204.696	1003.51	304.052	-1210.285	1047.272	399.415	-1181.443	883.647	395.943	-801.201	885.494	309.831	-784.819	1062.568	317.373	-1187.158	837.629	603.812	-832.83	1031.445	568.323	-1148.786	1098.285	32.176	-1172.688	1024.793	25.28	-1100.976	935.336	22.279	-780.076	956.523	27.319	-883.611
2084	10.415	923.565	1692.831	-991.638	933.626	1410.509	-817.002	1091.757	1400.503	-1089.912	900.415	1359.272	-1018.612	805.119	912.109	-931.642	927.806	931.769	-1133.642	1009.407	964.294	-952.796	1003.699	475.059	-1165.485	948.55	454.677	-1065.451	849.284	476.065	-847.07	886.146	456.907	-949.974	907	102.793	-808.637	726.934	56.466	-869.022	1104.901	34.323	-1104.2	990.185	103.244	-1115.272	1060.62	104.878	-1173.982	786.922	45.304	-907.841	793.471	46.38	-802.773	1001.354	31.43	-814.551	927.116	104.582	-894.533	831.265	388.303	-837.304	829.452	307.64	-819.205	875.995	54.591	-1277.255	900.003	44.532	-1205.413	986.48	37.468	-1275.056	791.608	613.122	-878.426	792.968	696.03	-874.731	837.183	692.354	-829.32	1031.723	656.692	-1155.346	977.173	648.183	-1188.738	978.121	565.173	-1181.802	988.095	390.39	-1204.719	1003.482	304.063	-1210.31	1047.247	399.412	-1181.422	883.639	395.966	-801.225	885.473	309.8	-784.8	1062.564	317.39	-1187.156	838.661	602.322	-833.278	1031.436	568.369	-1148.821	1098.273	32.124	-1172.654	1024.776	25.283	-1101.012	935.312	22.266	-780.071	956.509	27.314	-883.584
2085	10.42	923.545	1692.839	-991.646	933.591	1410.508	-816.998	1091.738	1400.491	-1089.881	900.392	1359.277	-1018.573	805.108	912.107	-931.658	927.779	931.766	-1133.652	1009.345	964.27	-952.779	1003.695	475.083	-1165.491	948.567	454.665	-1065.441	849.257	476.075	-847.053	886.111	456.925	-949.992	907.005	102.784	-808.648	726.919	56.487	-869.014	1104.912	34.316	-1104.177	990.206	103.182	-1115.256	1060.759	104.954	-1173.869	786.911	45.322	-907.828	793.458	46.385	-802.802	1001.357	31.455	-814.555	927.117	104.546	-894.543	831.249	388.31	-837.308	829.436	307.627	-819.226	875.99	54.613	-1277.271	900.022	44.532	-1205.409	986.484	37.488	-1275.024	791.577	613.134	-878.418	792.942	696.049	-874.736	837.141	692.37	-829.305	1031.703	656.701	-1155.376	977.138	648.211	-1188.756	978.116	565.17	-1181.803	988.083	390.364	-1204.706	1003.465	304.068	-1210.317	1047.23	399.426	-1181.431	883.6	395.958	-801.219	885.462	309.813	-784.817	1062.566	317.357	-1187.143	838.68	602.291	-833.28	1031.447	568.396	-1148.844	1098.26	32.177	-1172.672	1024.785	25.3	-1100.989	935.288	22.261	-780.064	956.496	27.366	-883.622
2086	10.425	923.557	1692.816	-991.664	933.581	1410.529	-816.989	1091.699	1400.497	-1089.909	900.376	1359.272	-1018.607	805.099	912.096	-931.642	927.751	931.748	-1133.642	1009.354	964.269	-952.804	1003.668	475.083	-1165.492	948.49	454.671	-1065.45	849.276	476.079	-847.047	886.115	456.861	-949.98	907.237	103.197	-808.359	726.916	56.48	-869.005	1104.915	34.331	-1104.196	990.211	103.217	-1115.287	1060.693	104.908	-1173.925	786.917	45.307	-907.848	793.467	46.404	-802.807	1001.353	31.451	-814.563	927.15	104.572	-894.535	831.236	388.307	-837.312	829.433	307.639	-819.191	875.991	54.589	-1277.259	900.008	44.53	-1205.405	986.472	37.468	-1275.034	791.576	613.128	-878.428	792.929	696.04	-874.714	837.173	692.357	-829.294	1031.691	656.706	-1155.352	977.146	648.177	-1188.758	978.097	565.164	-1181.815	988.064	390.356	-1204.714	1003.478	304.077	-1210.32	1047.215	399.404	-1181.42	883.625	395.97	-801.221	885.424	309.794	-784.829	1062.559	317.37	-1187.149	838.718	602.271	-833.25	1031.417	568.368	-1148.811	1098.261	32.165	-1172.676	1024.769	25.296	-1100.99	935.288	22.322	-780.058	956.502	27.334	-883.602
2087	10.43	923.562	1692.814	-991.637	933.562	1410.517	-817.02	1091.702	1400.512	-1089.918	900.332	1359.272	-1018.622	805.074	912.085	-931.625	927.746	931.778	-1133.668	1009.325	964.257	-952.797	1003.674	475.055	-1165.478	948.556	454.704	-1065.434	849.299	476.071	-847.001	886.133	456.921	-949.987	907.21	103.196	-808.367	726.941	56.469	-869	1104.887	34.326	-1104.2	990.243	103.176	-1115.241	1060.692	104.999	-1173.938	786.915	45.317	-907.839	793.46	46.385	-802.784	1001.347	31.478	-814.54	927.124	104.554	-894.559	831.231	388.286	-837.31	829.409	307.641	-819.218	876.009	54.589	-1277.254	900.004	44.538	-1205.424	986.492	37.503	-1275.031	791.574	613.14	-878.394	792.938	696.038	-874.735	837.174	692.362	-829.294	1031.651	656.696	-1155.381	977.118	648.226	-1188.751	978.082	565.169	-1181.821	988.069	390.376	-1204.707	1003.441	304.065	-1210.318	1047.229	399.445	-1181.443	883.61	395.961	-801.203	885.433	309.835	-784.814	1062.567	317.392	-1187.183	838.68	602.228	-833.203	1031.389	568.382	-1148.838	1098.264	32.185	-1172.676	1024.78	25.28	-1101.006	935.305	22.338	-780.044	956.486	27.351	-883.614
2088	10.435	923.528	1692.834	-991.674	933.505	1410.532	-817.037	1091.653	1400.493	-1089.926	900.314	1359.261	-1018.628	805.059	912.083	-931.651	927.707	931.765	-1133.673	1009.309	964.266	-952.818	1003.65	475.042	-1165.468	948.487	454.683	-1065.46	849.295	476.087	-847.027	886.112	456.885	-949.98	906.998	102.773	-808.648	726.936	56.497	-868.999	1104.89	34.34	-1104.186	990.229	103.233	-1115.251	1060.817	105.058	-1173.881	786.914	45.286	-907.845	793.464	46.39	-802.798	1001.345	31.48	-814.547	927.149	104.559	-894.521	831.268	388.284	-837.304	829.414	307.648	-819.219	875.991	54.59	-1277.266	900.009	44.529	-1205.396	986.485	37.477	-1275.027	791.562	613.16	-878.395	792.913	696.022	-874.703	837.153	692.357	-829.296	1031.657	656.711	-1155.406	977.099	648.185	-1188.758	978.065	565.177	-1181.823	988.051	390.365	-1204.707	1003.452	304.038	-1210.323	1047.21	399.433	-1181.448	883.614	395.966	-801.207	885.46	309.798	-784.805	1062.511	317.392	-1187.189	838.748	602.176	-833.197	1031.405	568.346	-1148.82	1098.275	32.198	-1172.703	1024.774	25.292	-1101.005	935.361	22.323	-780.063	956.495	27.319	-883.638
2089	10.44	923.504	1692.816	-991.67	933.519	1410.539	-817.056	1091.652	1400.505	-1089.91	900.308	1359.265	-1018.645	805.044	912.092	-931.634	927.685	931.761	-1133.637	1009.327	964.271	-952.831	1003.64	475.072	-1165.502	948.552	454.694	-1065.426	849.304	476.089	-846.995	886.134	456.916	-949.978	907.025	102.786	-808.644	726.944	56.475	-868.989	1104.906	34.359	-1104.198	990.229	103.222	-1115.257	1060.672	104.923	-1173.923	786.911	45.301	-907.831	793.488	46.396	-802.806	1001.377	31.495	-814.527	927.146	104.563	-894.521	831.235	388.31	-837.275	829.451	307.617	-819.189	875.994	54.618	-1277.261	899.999	44.546	-1205.413	986.497	37.474	-1275.022	791.551	613.124	-878.386	792.899	696.029	-874.698	837.168	692.35	-829.318	1031.632	656.719	-1155.389	977.073	648.186	-1188.747	978.065	565.182	-1181.83	988.048	390.359	-1204.7	1003.433	304.077	-1210.341	1047.21	399.439	-1181.418	883.641	395.96	-801.2	885.443	309.817	-784.809	1062.511	317.359	-1187.179	837.664	603.639	-832.663	1031.39	568.342	-1148.872	1098.269	32.18	-1172.662	1024.761	25.286	-1100.992	935.308	22.326	-780.061	956.497	27.351	-883.612
2090	10.445	923.499	1692.849	-991.737	933.488	1410.527	-817.026	1091.62	1400.51	-1089.921	900.267	1359.274	-1018.637	805.021	912.109	-931.63	927.666	931.764	-1133.66	1009.295	964.279	-952.815	1003.628	475.065	-1165.469	948.525	454.689	-1065.451	849.292	476.031	-847.021	886.119	456.931	-949.97	906.987	102.8	-808.667	726.93	56.48	-869.007	1104.923	34.361	-1104.191	990.24	103.227	-1115.235	1060.713	105.144	-1173.971	786.905	45.318	-907.83	793.461	46.402	-802.785	1001.388	31.469	-814.529	927.122	104.574	-894.542	831.267	388.302	-837.289	829.445	307.654	-819.214	876.007	54.595	-1277.279	900.015	44.584	-1205.422	986.485	37.475	-1275.008	791.534	613.141	-878.374	792.892	696.034	-874.68	837.133	692.351	-829.304	1031.616	656.696	-1155.379	977.055	648.203	-1188.769	978.042	565.188	-1181.836	988.055	390.365	-1204.713	1003.438	304.095	-1210.317	1047.206	399.429	-1181.417	883.634	395.961	-801.213	885.47	309.811	-784.802	1062.507	317.383	-1187.17	838.807	602.181	-833.084	1031.366	568.353	-1148.842	1098.278	32.179	-1172.658	1024.78	25.297	-1101.005	935.349	22.366	-780.055	956.506	27.363	-883.614
2091	10.45	923.489	1692.84	-991.714	933.442	1410.532	-817.075	1091.609	1400.522	-1089.949	900.252	1359.243	-1018.634	804.991	912.086	-931.639	927.634	931.777	-1133.656	1009.242	964.277	-952.826	1003.635	475.077	-1165.478	948.504	454.716	-1065.431	849.307	476.065	-847.024	886.12	456.896	-949.916	907.024	102.782	-808.62	726.926	56.51	-868.998	1104.912	34.347	-1104.195	990.257	103.188	-1115.235	1060.672	104.95	-1173.941	786.928	45.339	-907.849	793.48	46.38	-802.78	1001.358	31.469	-814.573	927.08	104.586	-894.536	831.267	388.307	-837.286	829.436	307.641	-819.205	876.036	54.584	-1277.257	900.006	44.575	-1205.421	986.469	37.493	-1275.013	791.524	613.175	-878.391	792.876	696.026	-874.683	837.158	692.381	-829.304	1031.618	656.719	-1155.383	977.042	648.208	-1188.765	978.047	565.2	-1181.841	988.043	390.377	-1204.698	1003.424	304.099	-1210.312	1047.205	399.41	-1181.429	883.653	395.957	-801.216	885.494	309.854	-784.789	1062.49	317.381	-1187.177	838.838	602.157	-833.076	1031.35	568.322	-1148.837	1098.267	32.221	-1172.71	1024.769	25.303	-1101.001	935.343	22.34	-780.051	956.442	27.379	-883.637
2092	10.455	923.477	1692.854	-991.745	933.417	1410.534	-817.068	1091.584	1400.496	-1089.962	900.234	1359.267	-1018.67	804.993	912.107	-931.626	927.606	931.773	-1133.674	1009.289	964.294	-952.814	1003.617	475.052	-1165.479	948.527	454.688	-1065.465	849.308	476.093	-846.992	886.113	456.895	-949.946	907.003	102.799	-808.65	726.914	56.511	-869.007	1104.913	34.374	-1104.203	990.218	103.261	-1115.31	1060.693	104.962	-1173.916	786.929	45.313	-907.844	793.465	46.395	-802.786	1001.356	31.47	-814.573	927.158	104.56	-894.556	831.264	388.309	-837.276	829.442	307.663	-819.184	876.02	54.612	-1277.268	900.025	44.562	-1205.42	986.481	37.49	-1275.037	791.536	613.146	-878.403	792.865	696.042	-874.688	837.157	692.376	-829.303	1031.563	656.736	-1155.402	977.016	648.195	-1188.746	978.009	565.169	-1181.815	988.027	390.354	-1204.702	1003.422	304.096	-1210.345	1047.203	399.428	-1181.449	883.636	396.001	-801.212	885.453	309.866	-784.821	1062.507	317.42	-1187.204	838.791	602.173	-833.042	1031.348	568.36	-1148.888	1098.281	32.23	-1172.673	1024.781	25.313	-1101.025	935.347	22.344	-780.052	956.504	27.336	-883.621
2093	10.46	923.444	1692.841	-991.757	933.377	1410.532	-817.074	1091.568	1400.513	-1089.963	900.224	1359.258	-1018.627	804.972	912.061	-931.645	927.581	931.754	-1133.658	1009.235	964.269	-952.823	1003.622	475.079	-1165.485	948.471	454.705	-1065.446	849.325	476.077	-846.997	886.102	456.89	-949.948	907.029	102.832	-808.609	726.938	56.479	-868.988	1104.9	34.393	-1104.194	990.225	103.24	-1115.291	1060.716	104.884	-1173.884	786.929	45.325	-907.849	793.446	46.385	-802.807	1001.363	31.476	-814.562	927.14	104.58	-894.543	831.26	388.301	-837.284	829.452	307.638	-819.19	875.994	54.593	-1277.275	900.011	44.592	-1205.423	986.456	37.477	-1275.024	791.512	613.195	-878.39	792.854	696.026	-874.673	837.144	692.383	-829.318	1031.568	656.716	-1155.384	977.009	648.191	-1188.753	977.979	565.205	-1181.813	988.002	390.388	-1204.704	1003.415	304.076	-1210.341	1047.193	399.418	-1181.42	883.637	395.981	-801.214	885.475	309.825	-784.816	1062.494	317.382	-1187.203	838.809	602.126	-833.044	1031.353	568.333	-1148.887	1098.289	32.195	-1172.658	1024.786	25.296	-1100.994	935.319	22.334	-780.069	956.477	27.347	-883.59
2094	10.465	923.423	1692.837	-991.775	933.384	1410.532	-817.061	1091.537	1400.515	-1089.946	900.186	1359.267	-1018.67	804.94	912.086	-931.644	927.575	931.746	-1133.661	1009.18	964.295	-952.827	1003.6	475.074	-1165.499	948.475	454.689	-1065.441	849.313	476.054	-847.007	886.079	456.905	-949.918	907.231	103.208	-808.381	726.933	56.462	-868.994	1104.893	34.361	-1104.208	990.24	103.171	-1115.207	1060.682	104.943	-1173.901	786.915	45.329	-907.852	793.465	46.366	-802.789	1001.36	31.433	-814.572	927.195	104.615	-894.517	831.277	388.305	-837.267	829.447	307.645	-819.177	876.008	54.584	-1277.258	899.994	44.57	-1205.424	986.512	37.472	-1275.025	791.521	613.161	-878.398	792.837	696.026	-874.69	837.157	692.395	-829.303	1031.558	656.751	-1155.39	977	648.188	-1188.747	977.984	565.181	-1181.809	988.017	390.395	-1204.714	1003.385	304.058	-1210.331	1047.2	399.428	-1181.419	883.66	395.948	-801.218	885.454	309.837	-784.793	1062.493	317.423	-1187.165	838.815	602.11	-833.037	1031.338	568.379	-1148.857	1098.288	32.205	-1172.653	1024.784	25.294	-1100.992	935.34	22.299	-780.083	956.509	27.346	-883.621
2095	10.47	923.405	1692.832	-991.792	933.346	1410.536	-817.104	1091.519	1400.506	-1089.971	900.163	1359.263	-1018.665	804.907	912.086	-931.647	927.565	931.756	-1133.68	1009.201	964.296	-952.831	1003.605	475.047	-1165.471	948.454	454.677	-1065.45	849.301	476.073	-846.997	886.068	456.905	-949.929	907.002	102.783	-808.644	726.922	56.466	-868.998	1104.911	34.35	-1104.189	990.199	103.207	-1115.263	1060.581	104.902	-1174.001	786.911	45.282	-907.826	793.441	46.386	-802.803	1001.398	31.474	-814.559	927.211	104.567	-894.533	831.291	388.314	-837.274	829.445	307.649	-819.186	876.018	54.578	-1277.256	900.019	44.508	-1205.383	986.482	37.441	-1275.026	791.504	613.122	-878.407	792.828	696.037	-874.685	837.108	692.365	-829.296	1031.531	656.716	-1155.373	977.001	648.187	-1188.733	977.978	565.173	-1181.805	988.014	390.38	-1204.695	1003.405	304.077	-1210.328	1047.182	399.456	-1181.438	883.647	395.968	-801.203	885.428	309.834	-784.802	1062.5	317.389	-1187.181	838.861	602.1	-833.021	1031.322	568.332	-1148.852	1098.273	32.178	-1172.662	1024.789	25.284	-1100.993	935.326	22.294	-780.094	956.493	27.318	-883.615
2096	10.475	923.378	1692.834	-991.793	933.321	1410.531	-817.127	1091.495	1400.524	-1089.952	900.145	1359.239	-1018.653	804.903	912.069	-931.625	927.512	931.752	-1133.663	1009.157	964.255	-952.841	1003.596	475.066	-1165.476	948.502	454.659	-1065.419	849.284	476.089	-846.978	886.078	456.901	-949.935	907.007	102.785	-808.628	726.925	56.46	-868.995	1104.904	34.363	-1104.166	990.189	103.217	-1115.254	1060.709	104.951	-1173.954	786.914	45.262	-907.825	793.464	46.345	-802.786	1001.355	31.453	-814.543	927.114	104.569	-894.528	831.264	388.294	-837.277	829.456	307.642	-819.161	875.986	54.599	-1277.269	900.023	44.51	-1205.404	986.465	37.454	-1275.017	791.493	613.159	-878.414	792.814	696.004	-874.668	837.091	692.382	-829.297	1031.521	656.699	-1155.368	976.985	648.168	-1188.743	977.951	565.156	-1181.819	988.02	390.354	-1204.692	1003.391	304.057	-1210.292	1047.195	399.443	-1181.413	883.633	395.965	-801.193	885.428	309.821	-784.781	1062.475	317.384	-1187.179	838.877	602.032	-833.06	1031.314	568.343	-1148.85	1098.265	32.219	-1172.695	1024.792	25.291	-1101.012	935.332	22.324	-780.037	956.475	27.303	-883.599
2097	10.48	923.342	1692.84	-991.824	933.316	1410.522	-817.091	1091.468	1400.531	-1090.008	900.13	1359.254	-1018.669	804.891	912.075	-931.653	927.512	931.735	-1133.669	1009.137	964.284	-952.863	1003.599	475.082	-1165.473	948.476	454.682	-1065.412	849.287	476.074	-847.01	886.08	456.909	-949.954	907.036	102.794	-808.626	726.92	56.464	-869.014	1104.905	34.356	-1104.196	990.192	103.212	-1115.302	1060.669	104.88	-1173.904	786.91	45.292	-907.83	793.478	46.356	-802.792	1001.347	31.433	-814.55	927.149	104.558	-894.551	831.248	388.296	-837.256	829.434	307.635	-819.184	876.016	54.553	-1277.27	900.013	44.511	-1205.398	986.486	37.447	-1275.019	791.471	613.133	-878.4	792.809	696.011	-874.669	837.101	692.358	-829.299	1031.525	656.695	-1155.377	976.984	648.148	-1188.727	977.973	565.18	-1181.808	988.047	390.358	-1204.674	1003.418	304.055	-1210.309	1047.194	399.459	-1181.416	883.608	395.958	-801.177	885.45	309.813	-784.778	1062.492	317.368	-1187.148	838.923	602.033	-833.064	1031.311	568.387	-1148.844	1098.279	32.185	-1172.683	1024.778	25.257	-1100.996	935.32	22.295	-780.06	956.508	27.28	-883.599
2098	10.485	923.317	1692.83	-991.82	933.295	1410.561	-817.094	1091.454	1400.53	-1090	900.134	1359.253	-1018.683	804.871	912.048	-931.647	927.481	931.721	-1133.666	1009.133	964.305	-952.864	1003.576	475.051	-1165.466	948.484	454.669	-1065.415	849.252	476.073	-847.009	886.037	456.909	-949.938	907.045	102.757	-808.64	726.926	56.464	-869.018	1104.896	34.32	-1104.193	990.2	103.168	-1115.231	1060.74	104.904	-1173.891	786.893	45.279	-907.823	793.478	46.368	-802.818	1001.34	31.427	-814.562	927.157	104.542	-894.573	831.217	388.308	-837.285	829.434	307.651	-819.193	876.013	54.542	-1277.268	900.014	44.526	-1205.407	986.481	37.45	-1275.02	791.469	613.135	-878.401	792.786	695.997	-874.688	837.053	692.35	-829.298	1031.502	656.673	-1155.342	976.98	648.154	-1188.73	977.987	565.163	-1181.806	988.016	390.352	-1204.667	1003.394	304.073	-1210.323	1047.197	399.383	-1181.399	883.619	395.957	-801.186	885.436	309.82	-784.783	1062.492	317.361	-1187.155	838.912	602.001	-833.01	1031.309	568.385	-1148.831	1098.297	32.18	-1172.642	1024.743	25.286	-1101.005	935.326	22.301	-780.078	956.487	27.274	-883.584
2099	10.49	923.292	1692.817	-991.846	933.292	1410.555	-817.135	1091.444	1400.523	-1090.014	900.121	1359.272	-1018.685	804.841	912.058	-931.639	927.473	931.712	-1133.68	1009.1	964.289	-952.854	1003.597	475.071	-1165.46	948.423	454.717	-1065.438	849.261	476.026	-847.006	886.097	456.917	-949.896	906.997	102.778	-808.673	726.942	56.453	-868.999	1104.919	34.331	-1104.19	990.213	103.184	-1115.249	1060.607	104.781	-1173.94	786.922	45.296	-907.825	793.469	46.375	-802.802	1001.385	31.435	-814.565	927.163	104.52	-894.569	831.239	388.277	-837.285	829.447	307.652	-819.179	876.001	54.518	-1277.263	900.023	44.52	-1205.419	986.489	37.442	-1275.005	791.461	613.13	-878.417	792.782	695.976	-874.676	837.041	692.382	-829.301	1031.486	656.711	-1155.377	976.96	648.146	-1188.736	977.963	565.173	-1181.796	988.02	390.358	-1204.671	1003.389	304.066	-1210.309	1047.183	399.428	-1181.407	883.61	395.929	-801.196	885.421	309.812	-784.808	1062.509	317.371	-1187.139	838.901	602.074	-832.968	1031.31	568.385	-1148.828	1098.294	32.192	-1172.647	1024.78	25.29	-1100.993	935.304	22.286	-780.076	956.497	27.275	-883.586
2100	10.495	923.269	1692.824	-991.874	933.27	1410.542	-817.128	1091.425	1400.523	-1090.015	900.087	1359.256	-1018.694	804.844	912.057	-931.667	927.456	931.719	-1133.689	1009.093	964.275	-952.828	1003.603	475.051	-1165.441	948.448	454.661	-1065.422	849.247	476.031	-847.024	886.059	456.886	-949.949	907.016	102.792	-808.62	726.926	56.431	-869.016	1104.917	34.334	-1104.189	990.225	103.137	-1115.252	1060.75	104.977	-1173.867	786.909	45.304	-907.858	793.477	46.341	-802.801	1001.331	31.465	-814.557	927.184	104.567	-894.541	831.218	388.29	-837.282	829.428	307.638	-819.207	876.008	54.569	-1277.254	900.03	44.494	-1205.402	986.486	37.458	-1275.033	791.449	613.163	-878.457	792.757	696.024	-874.721	837.017	692.341	-829.321	1031.528	656.695	-1155.34	976.974	648.142	-1188.726	977.955	565.132	-1181.806	988.034	390.35	-1204.669	1003.38	304.055	-1210.309	1047.181	399.42	-1181.4	883.628	395.945	-801.192	885.404	309.85	-784.826	1062.504	317.357	-1187.124	838.899	602.083	-832.999	1031.307	568.351	-1148.86	1098.273	32.171	-1172.683	1024.782	25.276	-1101.008	935.301	22.304	-780.065	956.511	27.26	-883.594
2101	10.5	923.24	1692.819	-991.892	933.252	1410.553	-817.165	1091.407	1400.498	-1089.997	900.064	1359.253	-1018.696	804.809	912.067	-931.671	927.448	931.724	-1133.687	1009.095	964.286	-952.843	1003.565	475.053	-1165.469	948.463	454.668	-1065.427	849.255	476.078	-847.045	886.06	456.849	-949.946	907.037	102.791	-808.634	726.939	56.441	-869.005	1104.908	34.354	-1104.197	990.211	103.17	-1115.224	1060.651	104.778	-1173.941	786.901	45.301	-907.845	793.454	46.355	-802.821	1001.344	31.412	-814.588	927.158	104.541	-894.573	831.22	388.277	-837.276	829.407	307.65	-819.21	875.996	54.585	-1277.273	900.019	44.496	-1205.417	986.491	37.419	-1275.031	791.434	613.145	-878.443	792.748	696.001	-874.729	837.026	692.34	-829.312	1031.49	656.711	-1155.374	976.939	648.143	-1188.731	977.942	565.147	-1181.819	988.038	390.336	-1204.664	1003.389	304.036	-1210.276	1047.174	399.406	-1181.387	883.606	395.951	-801.211	885.432	309.807	-784.821	1062.488	317.379	-1187.151	837.897	603.409	-832.413	1031.29	568.292	-1148.832	1098.292	32.157	-1172.671	1024.789	25.294	-1101.02	935.315	22.312	-780.101	956.491	27.267	-883.598
2102	10.505	923.212	1692.822	-991.9	933.271	1410.568	-817.185	1091.394	1400.488	-1089.994	900.025	1359.291	-1018.73	804.783	912.062	-931.676	927.429	931.731	-1133.697	1009.096	964.312	-952.855	1003.6	475.022	-1165.445	948.44	454.66	-1065.428	849.24	476.086	-847.03	886.08	456.873	-949.926	907.024	102.767	-808.66	726.952	56.449	-869.006	1104.897	34.354	-1104.203	990.207	103.183	-1115.263	1060.59	104.852	-1173.984	786.926	45.295	-907.837	793.477	46.355	-802.78	1001.371	31.474	-814.565	927.122	104.559	-894.538	831.223	388.273	-837.282	829.402	307.64	-819.218	876.006	54.565	-1277.27	900.033	44.521	-1205.408	986.476	37.444	-1275.023	791.425	613.125	-878.421	792.725	696.017	-874.732	836.984	692.386	-829.323	1031.49	656.689	-1155.344	976.969	648.134	-1188.709	977.948	565.107	-1181.812	987.991	390.357	-1204.692	1003.39	304.038	-1210.29	1047.187	399.396	-1181.391	883.595	395.937	-801.194	885.407	309.779	-784.819	1062.487	317.359	-1187.17	838.903	602.032	-832.995	1031.303	568.348	-1148.815	1098.295	32.156	-1172.666	1024.797	25.304	-1100.994	935.353	22.291	-780.075	956.494	27.262	-883.586
2103	10.51	923.192	1692.844	-991.909	933.215	1410.559	-817.16	1091.387	1400.501	-1089.984	899.992	1359.238	-1018.696	804.776	912.053	-931.689	927.435	931.685	-1133.666	1009.051	964.285	-952.857	1003.591	475.03	-1165.458	948.491	454.651	-1065.41	849.23	476.076	-847.017	886.047	456.845	-949.948	907.031	102.791	-808.628	726.942	56.43	-869.01	1104.917	34.333	-1104.209	990.194	103.193	-1115.28	1060.644	104.934	-1173.963	786.929	45.311	-907.862	793.461	46.366	-802.793	1001.378	31.447	-814.547	927.151	104.542	-894.56	831.21	388.283	-837.277	829.402	307.62	-819.207	876.056	54.541	-1277.259	900.01	44.533	-1205.427	986.492	37.405	-1274.983	791.419	613.14	-878.467	792.724	696.011	-874.73	836.959	692.371	-829.309	1031.489	656.688	-1155.359	976.968	648.161	-1188.744	977.971	565.117	-1181.773	988.008	390.336	-1204.667	1003.394	304.062	-1210.308	1047.181	399.439	-1181.417	883.551	395.954	-801.223	885.426	309.788	-784.811	1062.478	317.325	-1187.149	838.873	602.118	-832.933	1031.266	568.321	-1148.812	1098.294	32.194	-1172.659	1024.78	25.273	-1100.999	935.329	22.3	-780.071	956.51	27.307	-883.628
2104	10.515	923.141	1692.841	-991.917	933.152	1410.538	-817.194	1091.383	1400.498	-1089.991	899.977	1359.252	-1018.726	804.773	912.031	-931.695	927.419	931.688	-1133.679	1009.05	964.285	-952.857	1003.577	475.034	-1165.474	948.458	454.652	-1065.431	849.191	476.054	-847.035	886.038	456.858	-949.96	907.027	102.78	-808.643	726.934	56.433	-869.005	1104.895	34.301	-1104.191	990.218	103.189	-1115.228	1060.718	104.847	-1173.946	786.922	45.28	-907.847	793.488	46.356	-802.801	1001.386	31.469	-814.541	927.197	104.584	-894.54	831.139	388.274	-837.294	829.365	307.626	-819.21	876.009	54.557	-1277.27	900.03	44.515	-1205.4	986.496	37.43	-1275.036	791.377	613.128	-878.432	792.705	695.992	-874.738	836.96	692.342	-829.308	1031.483	656.681	-1155.361	976.943	648.147	-1188.745	977.927	565.105	-1181.794	988.003	390.354	-1204.668	1003.378	304.06	-1210.315	1047.15	399.412	-1181.414	883.552	395.942	-801.227	885.397	309.813	-784.8	1062.467	317.355	-1187.154	838.869	602.103	-832.903	1031.285	568.34	-1148.873	1098.289	32.187	-1172.672	1024.798	25.281	-1100.992	935.321	22.305	-780.09	956.524	27.23	-883.554
2105	10.52	923.138	1692.828	-991.933	933.149	1410.553	-817.202	1091.346	1400.486	-1089.987	899.974	1359.247	-1018.722	804.763	912.025	-931.692	927.405	931.676	-1133.683	1009.008	964.274	-952.836	1003.559	475.049	-1165.458	948.482	454.62	-1065.418	849.143	476.043	-847.041	886.008	456.834	-949.965	907.005	102.778	-808.628	726.936	56.408	-869.01	1104.903	34.329	-1104.194	990.218	103.215	-1115.278	1060.709	105.022	-1173.885	786.923	45.271	-907.822	793.466	46.367	-802.802	1001.36	31.426	-814.556	927.2	104.557	-894.556	831.172	388.271	-837.299	829.382	307.602	-819.217	875.995	54.582	-1277.275	900.005	44.537	-1205.411	986.487	37.423	-1275.02	791.36	613.138	-878.473	792.691	695.979	-874.766	836.936	692.341	-829.312	1031.447	656.674	-1155.366	976.922	648.15	-1188.747	977.92	565.144	-1181.817	987.999	390.315	-1204.661	1003.365	304.045	-1210.312	1047.163	399.416	-1181.411	883.517	395.929	-801.209	885.391	309.816	-784.818	1062.447	317.343	-1187.142	838.83	602.093	-832.874	1031.236	568.393	-1148.85	1098.29	32.174	-1172.68	1024.798	25.271	-1101.021	935.313	22.303	-780.064	956.52	27.302	-883.602
2106	10.525	923.113	1692.828	-991.932	933.122	1410.547	-817.219	1091.315	1400.482	-1089.97	899.947	1359.273	-1018.764	804.721	912.04	-931.712	927.414	931.7	-1133.675	1008.952	964.256	-952.879	1003.526	475.06	-1165.484	948.427	454.614	-1065.451	849.156	476.043	-847.055	886.007	456.876	-949.95	907.037	102.779	-808.642	726.945	56.444	-869.013	1104.919	34.351	-1104.198	990.235	103.215	-1115.289	1060.642	104.827	-1173.976	786.934	45.295	-907.839	793.454	46.357	-802.801	1001.366	31.458	-814.565	927.153	104.534	-894.559	831.15	388.25	-837.303	829.36	307.612	-819.229	876.026	54.538	-1277.257	900.011	44.516	-1205.411	986.484	37.472	-1275.023	791.36	613.14	-878.47	792.664	696.01	-874.76	836.931	692.333	-829.317	1031.447	656.706	-1155.378	976.905	648.135	-1188.755	977.915	565.153	-1181.83	987.973	390.338	-1204.674	1003.373	304.038	-1210.324	1047.127	399.419	-1181.449	883.515	395.931	-801.222	885.366	309.764	-784.837	1062.447	317.372	-1187.189	837.851	603.428	-832.299	1031.232	568.329	-1148.861	1098.288	32.126	-1172.651	1024.79	25.304	-1101.008	935.321	22.305	-780.088	956.513	27.261	-883.599
2107	10.53	923.074	1692.84	-991.923	933.095	1410.547	-817.225	1091.294	1400.491	-1089.979	899.925	1359.219	-1018.732	804.721	912.019	-931.722	927.387	931.698	-1133.704	1008.991	964.32	-952.835	1003.531	475.044	-1165.46	948.387	454.666	-1065.444	849.126	476.067	-847.053	885.996	456.912	-949.962	907.228	103.186	-808.388	726.944	56.461	-869.023	1104.907	34.342	-1104.202	990.195	103.198	-1115.246	1060.78	105.074	-1173.879	786.896	45.305	-907.867	793.482	46.342	-802.799	1001.364	31.447	-814.556	927.139	104.522	-894.557	831.108	388.28	-837.321	829.357	307.603	-819.245	875.988	54.584	-1277.286	900.007	44.535	-1205.441	986.491	37.45	-1275.033	791.325	613.157	-878.491	792.664	696.021	-874.797	836.864	692.362	-829.321	1031.44	656.736	-1155.413	976.903	648.164	-1188.754	977.907	565.153	-1181.822	987.961	390.321	-1204.67	1003.35	304.057	-1210.333	1047.123	399.415	-1181.416	883.488	395.925	-801.23	885.322	309.8	-784.831	1062.431	317.341	-1187.152	837.789	603.421	-832.293	1031.229	568.348	-1148.846	1098.285	32.164	-1172.667	1024.774	25.28	-1100.996	935.324	22.284	-780.083	956.482	27.315	-883.608
2108	10.535	923.071	1692.85	-991.942	933.047	1410.552	-817.244	1091.28	1400.497	-1089.992	899.898	1359.24	-1018.771	804.703	912.005	-931.715	927.379	931.708	-1133.715	1008.945	964.272	-952.844	1003.506	475.058	-1165.48	948.367	454.657	-1065.437	849.088	476.09	-847.047	885.986	456.893	-949.982	906.989	102.789	-808.649	726.926	56.449	-869.039	1104.901	34.35	-1104.182	990.224	103.175	-1115.264	1060.63	104.783	-1173.924	786.916	45.284	-907.856	793.478	46.365	-802.815	1001.37	31.454	-814.573	927.158	104.562	-894.579	831.114	388.247	-837.35	829.329	307.588	-819.257	876	54.558	-1277.276	899.999	44.54	-1205.433	986.489	37.45	-1275.038	791.316	613.128	-878.517	792.622	695.98	-874.802	836.866	692.323	-829.352	1031.415	656.708	-1155.421	976.89	648.186	-1188.805	977.879	565.151	-1181.829	987.944	390.346	-1204.688	1003.357	304.033	-1210.326	1047.098	399.45	-1181.446	883.474	395.945	-801.23	885.337	309.817	-784.837	1062.399	317.389	-1187.188	837.818	603.415	-832.276	1031.215	568.377	-1148.897	1098.273	32.221	-1172.693	1024.773	25.304	-1100.997	935.325	22.294	-780.09	956.487	27.258	-883.551
2109	10.54	923.03	1692.868	-991.943	933.016	1410.542	-817.267	1091.254	1400.495	-1090.008	899.863	1359.24	-1018.798	804.687	912.023	-931.743	927.372	931.719	-1133.724	1008.953	964.302	-952.872	1003.498	475.061	-1165.49	948.364	454.681	-1065.452	849.076	476.05	-847.079	885.995	456.88	-949.996	906.995	102.783	-808.651	726.935	56.429	-869.028	1104.908	34.338	-1104.195	990.197	103.199	-1115.282	1060.519	104.91	-1174.007	786.916	45.308	-907.837	793.474	46.375	-802.815	1001.339	31.485	-814.562	927.124	104.571	-894.546	831.114	388.261	-837.297	829.316	307.609	-819.222	875.98	54.564	-1277.248	900.009	44.544	-1205.412	986.478	37.438	-1275.015	791.299	613.125	-878.496	792.607	695.979	-874.789	836.82	692.329	-829.38	1031.414	656.706	-1155.404	976.895	648.148	-1188.789	977.878	565.178	-1181.87	987.943	390.354	-1204.694	1003.341	304.063	-1210.359	1047.091	399.436	-1181.451	883.489	395.921	-801.244	885.304	309.782	-784.829	1062.407	317.325	-1187.15	837.777	603.411	-832.235	1031.187	568.323	-1148.879	1098.283	32.204	-1172.672	1024.771	25.288	-1101.012	935.373	22.286	-780.078	956.477	27.279	-883.6
2110	10.545	923.023	1692.849	-991.94	932.976	1410.566	-817.265	1091.23	1400.487	-1090.01	899.842	1359.233	-1018.796	804.664	912.003	-931.741	927.355	931.697	-1133.712	1008.922	964.274	-952.862	1003.477	475.066	-1165.481	948.354	454.691	-1065.465	849.099	476.025	-847.093	885.953	456.917	-949.983	907.012	102.817	-808.633	726.928	56.468	-869.044	1104.911	34.363	-1104.219	990.217	103.2	-1115.245	1060.618	104.933	-1173.944	786.922	45.296	-907.844	793.469	46.369	-802.801	1001.38	31.487	-814.559	927.081	104.597	-894.562	831.098	388.218	-837.333	829.308	307.622	-819.238	876.001	54.588	-1277.269	900.005	44.552	-1205.415	986.472	37.508	-1275.034	791.295	613.112	-878.513	792.589	695.975	-874.81	836.794	692.334	-829.358	1031.405	656.706	-1155.42	976.87	648.172	-1188.795	977.855	565.16	-1181.844	987.9	390.36	-1204.704	1003.329	304.045	-1210.34	1047.098	399.412	-1181.429	883.464	395.933	-801.25	885.309	309.807	-784.851	1062.415	317.372	-1187.201	837.742	603.409	-832.223	1031.2	568.324	-1148.845	1098.268	32.188	-1172.681	1024.753	25.301	-1101.009	935.336	22.307	-780.086	956.458	27.333	-883.624
2111	10.55	923.003	1692.842	-991.965	932.973	1410.577	-817.262	1091.21	1400.509	-1090.023	899.816	1359.231	-1018.831	804.647	912.01	-931.738	927.365	931.693	-1133.723	1008.91	964.283	-952.836	1003.48	475.055	-1165.503	948.37	454.677	-1065.462	849.085	476.058	-847.066	885.974	456.899	-949.976	906.993	102.808	-808.615	726.93	56.456	-869.018	1104.883	34.385	-1104.197	990.212	103.188	-1115.263	1060.664	104.938	-1173.913	786.899	45.299	-907.855	793.475	46.381	-802.822	1001.367	31.497	-814.566	927.133	104.605	-894.547	831.112	388.256	-837.327	829.311	307.623	-819.237	876.007	54.606	-1277.283	900.025	44.518	-1205.415	986.491	37.496	-1275.036	791.252	613.156	-878.551	792.584	695.999	-874.837	836.788	692.349	-829.357	1031.376	656.72	-1155.395	976.87	648.183	-1188.81	977.855	565.166	-1181.865	987.925	390.366	-1204.696	1003.336	304.086	-1210.354	1047.09	399.432	-1181.43	883.465	395.957	-801.24	885.319	309.842	-784.847	1062.391	317.369	-1187.189	837.772	603.412	-832.172	1031.218	568.401	-1148.89	1098.276	32.191	-1172.673	1024.776	25.303	-1101.006	935.331	22.34	-780.053	956.494	27.332	-883.63
2112	10.555	922.968	1692.847	-991.982	932.915	1410.608	-817.282	1091.176	1400.531	-1090.028	899.788	1359.208	-1018.804	804.641	912.016	-931.762	927.348	931.71	-1133.722	1008.849	964.28	-952.835	1003.465	475.076	-1165.479	948.365	454.662	-1065.444	849.085	476.042	-847.086	885.964	456.911	-949.989	907.229	103.207	-808.377	726.942	56.488	-869.008	1104.915	34.372	-1104.2	990.202	103.23	-1115.274	1060.762	104.916	-1173.878	786.927	45.312	-907.837	793.458	46.372	-802.793	1001.366	31.484	-814.547	927.109	104.558	-894.574	831.074	388.248	-837.347	829.293	307.638	-819.235	876.013	54.584	-1277.281	900.015	44.573	-1205.46	986.481	37.437	-1275.041	791.245	613.129	-878.517	792.556	695.985	-874.817	836.77	692.326	-829.374	1031.386	656.741	-1155.417	976.864	648.153	-1188.797	977.846	565.154	-1181.843	987.91	390.379	-1204.709	1003.333	304.065	-1210.332	1047.056	399.446	-1181.445	883.447	395.962	-801.235	885.307	309.804	-784.856	1062.384	317.373	-1187.169	837.743	603.407	-832.147	1031.177	568.361	-1148.886	1098.271	32.209	-1172.675	1024.76	25.315	-1100.984	935.287	22.285	-780.082	956.471	27.385	-883.627
2113	10.56	922.935	1692.856	-991.984	932.871	1410.599	-817.3	1091.133	1400.533	-1090.033	899.779	1359.211	-1018.833	804.631	912.027	-931.785	927.338	931.706	-1133.744	1008.885	964.267	-952.843	1003.468	475.099	-1165.506	948.302	454.689	-1065.46	849.082	476.035	-847.084	885.912	456.905	-950	907.003	102.824	-808.619	726.948	56.447	-869.014	1104.909	34.373	-1104.194	990.203	103.169	-1115.232	1060.694	105.007	-1173.906	786.911	45.335	-907.847	793.473	46.371	-802.788	1001.347	31.501	-814.548	927.188	104.628	-894.527	831.093	388.282	-837.31	829.296	307.612	-819.238	875.998	54.619	-1277.28	899.999	44.552	-1205.431	986.447	37.49	-1275.051	791.259	613.1	-878.568	792.543	695.96	-874.819	836.784	692.312	-829.392	1031.357	656.748	-1155.422	976.853	648.169	-1188.794	977.845	565.14	-1181.831	987.924	390.332	-1204.691	1003.309	304.087	-1210.317	1047.085	399.45	-1181.427	883.451	395.947	-801.249	885.301	309.805	-784.843	1062.401	317.369	-1187.167	837.773	603.393	-832.116	1031.149	568.339	-1148.837	1098.278	32.212	-1172.672	1024.794	25.316	-1100.987	935.359	22.323	-780.083	956.514	27.329	-883.601
2114	10.565	922.915	1692.847	-991.97	932.812	1410.591	-817.331	1091.122	1400.531	-1090.033	899.731	1359.215	-1018.829	804.599	912.011	-931.764	927.323	931.704	-1133.723	1008.825	964.266	-952.843	1003.469	475.048	-1165.475	948.311	454.666	-1065.491	849.05	476.053	-847.075	885.951	456.871	-949.989	907.01	102.793	-808.603	726.932	56.466	-869.036	1104.887	34.381	-1104.193	990.197	103.189	-1115.247	1060.652	104.901	-1173.952	786.922	45.303	-907.84	793.474	46.386	-802.808	1001.384	31.487	-814.531	927.187	104.598	-894.53	831.106	388.254	-837.323	829.304	307.611	-819.231	875.989	54.626	-1277.281	900.032	44.53	-1205.435	986.477	37.464	-1275.019	791.238	613.11	-878.547	792.533	695.971	-874.849	836.73	692.339	-829.388	1031.377	656.687	-1155.393	976.846	648.166	-1188.777	977.851	565.175	-1181.854	987.901	390.355	-1204.691	1003.325	304.018	-1210.314	1047.074	399.452	-1181.444	883.45	395.967	-801.244	885.336	309.838	-784.816	1062.394	317.352	-1187.13	837.749	603.447	-832.065	1031.173	568.365	-1148.881	1098.252	32.214	-1172.684	1024.787	25.346	-1101	935.331	22.292	-780.06	956.477	27.324	-883.62
2115	10.57	922.879	1692.842	-991.984	932.797	1410.584	-817.306	1091.089	1400.547	-1090.049	899.718	1359.207	-1018.846	804.565	911.995	-931.783	927.305	931.701	-1133.728	1008.807	964.294	-952.852	1003.471	475.068	-1165.475	948.31	454.659	-1065.488	849.051	476.036	-847.098	885.962	456.898	-949.987	906.996	102.818	-808.61	726.935	56.489	-869.03	1104.874	34.369	-1104.191	990.208	103.249	-1115.262	1060.801	105.114	-1173.802	786.91	45.309	-907.858	793.494	46.38	-802.797	1001.351	31.481	-814.557	927.138	104.572	-894.541	831.083	388.264	-837.335	829.292	307.624	-819.26	876.009	54.574	-1277.261	900.015	44.535	-1205.41	986.5	37.485	-1275.029	791.224	613.108	-878.541	792.522	695.971	-874.859	836.748	692.33	-829.384	1031.371	656.73	-1155.419	976.838	648.16	-1188.78	977.845	565.14	-1181.834	987.911	390.359	-1204.684	1003.318	304.08	-1210.322	1047.065	399.446	-1181.423	883.431	395.966	-801.255	885.266	309.844	-784.85	1062.385	317.379	-1187.162	837.802	603.51	-831.989	1031.139	568.359	-1148.831	1098.257	32.216	-1172.689	1024.782	25.33	-1100.996	935.332	22.345	-780.043	956.503	27.322	-883.613
2116	10.575	922.837	1692.839	-991.995	932.774	1410.583	-817.344	1091.07	1400.529	-1090.065	899.683	1359.17	-1018.828	804.556	911.992	-931.785	927.312	931.69	-1133.75	1008.806	964.273	-952.859	1003.467	475.082	-1165.473	948.298	454.66	-1065.46	849.024	476.037	-847.108	885.953	456.905	-950.016	907.008	102.833	-808.626	726.928	56.489	-869.023	1104.876	34.372	-1104.194	990.212	103.138	-1115.223	1060.672	104.951	-1173.942	786.905	45.301	-907.845	793.478	46.395	-802.792	1001.361	31.469	-814.574	927.146	104.56	-894.571	831.074	388.257	-837.338	829.308	307.618	-819.252	876.022	54.588	-1277.268	899.999	44.546	-1205.407	986.487	37.446	-1275.048	791.218	613.092	-878.559	792.494	695.951	-874.84	836.73	692.313	-829.403	1031.348	656.715	-1155.369	976.838	648.147	-1188.779	977.832	565.141	-1181.81	987.887	390.357	-1204.687	1003.304	304.088	-1210.312	1047.073	399.45	-1181.426	883.413	395.962	-801.266	885.296	309.85	-784.847	1062.401	317.369	-1187.167	837.816	603.501	-831.987	1031.144	568.393	-1148.855	1098.27	32.206	-1172.689	1024.783	25.327	-1100.982	935.348	22.325	-780.057	956.481	27.331	-883.592
2117	10.58	922.793	1692.834	-992.001	932.772	1410.588	-817.368	1091.053	1400.534	-1090.064	899.67	1359.181	-1018.842	804.545	912.028	-931.815	927.281	931.693	-1133.747	1008.776	964.292	-952.876	1003.452	475.027	-1165.498	948.313	454.671	-1065.482	849.017	476.062	-847.098	885.954	456.874	-949.997	906.951	102.801	-808.634	726.937	56.446	-869.023	1104.88	34.387	-1104.177	990.214	103.175	-1115.204	1060.757	104.947	-1173.92	786.907	45.292	-907.846	793.473	46.373	-802.789	1001.382	31.466	-814.557	927.142	104.582	-894.555	831.045	388.3	-837.358	829.271	307.628	-819.244	875.99	54.589	-1277.26	900.004	44.541	-1205.424	986.478	37.473	-1275.051	791.197	613.1	-878.573	792.493	695.947	-874.843	836.716	692.319	-829.396	1031.339	656.731	-1155.363	976.832	648.133	-1188.768	977.829	565.187	-1181.848	987.909	390.346	-1204.684	1003.316	304.09	-1210.33	1047.072	399.42	-1181.42	883.381	395.959	-801.26	885.3	309.825	-784.871	1062.387	317.365	-1187.133	837.792	603.537	-831.963	1031.133	568.356	-1148.814	1098.265	32.208	-1172.679	1024.778	25.287	-1101.013	935.327	22.32	-780.064	956.478	27.319	-883.613
2118	10.585	922.758	1692.827	-991.991	932.693	1410.567	-817.353	1091.014	1400.553	-1090.087	899.635	1359.181	-1018.847	804.5	912.01	-931.815	927.272	931.687	-1133.746	1008.767	964.297	-952.864	1003.434	475.078	-1165.508	948.277	454.659	-1065.469	849.008	476.051	-847.113	885.892	456.868	-950.019	907	102.803	-808.641	726.937	56.446	-869.02	1104.877	34.382	-1104.179	990.179	103.287	-1115.281	1060.674	104.958	-1173.909	786.914	45.251	-907.811	793.456	46.353	-802.795	1001.348	31.464	-814.573	927.097	104.583	-894.552	831.048	388.27	-837.331	829.258	307.601	-819.265	876.002	54.57	-1277.275	900.003	44.554	-1205.418	986.491	37.442	-1275.031	791.174	613.087	-878.552	792.473	695.991	-874.882	836.705	692.313	-829.427	1031.353	656.712	-1155.362	976.842	648.141	-1188.768	977.826	565.148	-1181.839	987.888	390.335	-1204.679	1003.295	304.049	-1210.328	1047.055	399.413	-1181.434	883.395	395.95	-801.251	885.277	309.8	-784.84	1062.371	317.343	-1187.158	837.777	603.535	-831.953	1031.123	568.328	-1148.824	1098.302	32.18	-1172.651	1024.79	25.293	-1100.995	935.339	22.314	-780.073	956.502	27.298	-883.598
2119	10.59	922.72	1692.826	-992.021	932.666	1410.578	-817.391	1091.003	1400.531	-1090.052	899.616	1359.17	-1018.863	804.497	911.985	-931.785	927.26	931.671	-1133.74	1008.745	964.283	-952.882	1003.446	475.052	-1165.479	948.272	454.637	-1065.489	849.017	476.022	-847.124	885.921	456.879	-950.012	906.992	102.775	-808.658	726.921	56.453	-869.004	1104.911	34.369	-1104.193	990.185	103.177	-1115.257	1060.657	104.898	-1173.929	786.916	45.276	-907.834	793.466	46.354	-802.793	1001.369	31.458	-814.534	927.131	104.571	-894.537	831.021	388.261	-837.365	829.263	307.594	-819.273	875.995	54.567	-1277.279	900.006	44.519	-1205.414	986.47	37.485	-1275.053	791.163	613.108	-878.582	792.456	695.932	-874.844	836.7	692.299	-829.431	1031.328	656.738	-1155.377	976.838	648.16	-1188.783	977.817	565.144	-1181.846	987.899	390.332	-1204.677	1003.302	304.054	-1210.32	1047.033	399.389	-1181.402	883.353	395.946	-801.246	885.249	309.82	-784.866	1062.381	317.332	-1187.138	837.752	603.545	-831.929	1031.126	568.333	-1148.81	1098.26	32.203	-1172.694	1024.79	25.299	-1101	935.35	22.309	-780.062	956.499	27.296	-883.606
2120	10.595	922.687	1692.837	-992.062	932.684	1410.601	-817.394	1090.969	1400.55	-1090.06	899.611	1359.211	-1018.896	804.501	911.963	-931.804	927.257	931.666	-1133.728	1008.774	964.291	-952.889	1003.428	475.078	-1165.497	948.283	454.662	-1065.474	849	476.017	-847.117	885.883	456.85	-950.012	906.985	102.796	-808.616	726.938	56.437	-869.001	1104.89	34.361	-1104.168	990.167	103.203	-1115.255	1060.64	104.962	-1173.953	786.938	45.296	-907.852	793.467	46.363	-802.789	1001.338	31.45	-814.543	927.091	104.582	-894.54	830.984	388.265	-837.366	829.249	307.58	-819.266	876.02	54.542	-1277.282	899.983	44.536	-1205.409	986.474	37.471	-1275.041	791.181	613.068	-878.563	792.451	695.927	-874.854	836.649	692.29	-829.406	1031.301	656.705	-1155.37	976.819	648.142	-1188.772	977.8	565.156	-1181.835	987.869	390.319	-1204.683	1003.284	304.05	-1210.297	1047.026	399.431	-1181.449	883.356	395.916	-801.261	885.26	309.819	-784.856	1062.365	317.354	-1187.165	837.774	603.576	-831.928	1031.094	568.325	-1148.864	1098.282	32.211	-1172.668	1024.769	25.272	-1101.019	935.299	22.325	-780.057	956.466	27.283	-883.59
2121	10.6	922.629	1692.842	-992.079	932.638	1410.575	-817.4	1090.945	1400.54	-1090.091	899.569	1359.162	-1018.858	804.472	911.967	-931.816	927.23	931.643	-1133.735	1008.674	964.261	-952.91	1003.42	475.035	-1165.485	948.245	454.629	-1065.522	848.987	475.991	-847.127	885.88	456.841	-950.02	907.003	102.775	-808.635	726.925	56.447	-869.005	1104.914	34.393	-1104.183	990.151	103.257	-1115.252	1060.596	104.841	-1173.959	786.896	45.275	-907.839	793.476	46.346	-802.791	1001.353	31.49	-814.527	927.117	104.569	-894.548	830.996	388.284	-837.37	829.249	307.579	-819.262	875.986	54.553	-1277.299	900.001	44.513	-1205.398	986.489	37.456	-1275.038	791.154	613.106	-878.581	792.454	695.916	-874.854	836.657	692.306	-829.419	1031.316	656.692	-1155.342	976.82	648.155	-1188.777	977.779	565.13	-1181.822	987.868	390.317	-1204.678	1003.313	304.019	-1210.318	1047.023	399.439	-1181.455	883.35	395.905	-801.275	885.256	309.809	-784.863	1062.374	317.357	-1187.176	837.758	603.514	-831.938	1031.085	568.388	-1148.829	1098.273	32.174	-1172.651	1024.772	25.297	-1100.998	935.279	22.281	-780.057	956.479	27.267	-883.569
2122	10.605	922.584	1692.84	-992.125	932.621	1410.587	-817.423	1090.945	1400.545	-1090.075	899.539	1359.19	-1018.929	804.45	911.973	-931.821	927.219	931.678	-1133.763	1008.73	964.292	-952.903	1003.421	475.049	-1165.507	948.221	454.625	-1065.512	848.961	476.043	-847.118	885.828	456.836	-950.031	906.991	102.781	-808.617	726.897	56.426	-869.025	1104.893	34.359	-1104.191	990.181	103.199	-1115.256	1060.691	104.938	-1173.862	786.913	45.261	-907.846	793.455	46.352	-802.79	1001.348	31.454	-814.539	927.138	104.521	-894.547	830.98	388.232	-837.386	829.259	307.592	-819.265	875.999	54.534	-1277.271	900.017	44.512	-1205.399	986.469	37.454	-1275.023	791.138	613.086	-878.579	792.434	695.927	-874.88	836.633	692.306	-829.408	1031.303	656.696	-1155.35	976.803	648.132	-1188.787	977.789	565.145	-1181.838	987.854	390.342	-1204.692	1003.289	304.032	-1210.33	1047.035	399.423	-1181.412	883.381	395.923	-801.265	885.26	309.808	-784.846	1062.364	317.313	-1187.133	837.749	603.534	-831.929	1031.102	568.301	-1148.794	1098.249	32.196	-1172.676	1024.75	25.28	-1101.005	935.332	22.313	-780.075	956.472	27.271	-883.576
2123	10.61	922.545	1692.83	-992.109	932.599	1410.604	-817.424	1090.908	1400.547	-1090.079	899.542	1359.155	-1018.881	804.436	911.978	-931.821	927.216	931.687	-1133.787	1008.661	964.287	-952.934	1003.397	475.049	-1165.509	948.236	454.636	-1065.52	848.971	476.054	-847.137	885.849	456.866	-950.056	907.012	102.788	-808.612	726.948	56.435	-869.035	1104.883	34.352	-1104.189	990.151	103.239	-1115.254	1060.72	105.035	-1173.862	786.9	45.287	-907.835	793.449	46.354	-802.812	1001.368	31.487	-814.548	927.123	104.53	-894.552	830.993	388.272	-837.356	829.225	307.603	-819.273	876.008	54.523	-1277.278	900.006	44.514	-1205.406	986.513	37.455	-1275.025	791.119	613.105	-878.584	792.424	695.953	-874.911	836.653	692.265	-829.454	1031.306	656.699	-1155.381	976.799	648.131	-1188.795	977.794	565.135	-1181.84	987.846	390.308	-1204.688	1003.28	304.045	-1210.327	1047.006	399.413	-1181.424	883.361	395.898	-801.281	885.241	309.82	-784.871	1062.358	317.392	-1187.189	837.72	603.539	-831.932	1031.067	568.343	-1148.856	1098.279	32.212	-1172.667	1024.782	25.272	-1101.014	935.311	22.266	-780.088	956.485	27.31	-883.592
2124	10.615	922.493	1692.841	-992.13	932.607	1410.608	-817.44	1090.889	1400.549	-1090.072	899.466	1359.192	-1018.904	804.42	911.967	-931.852	927.2	931.645	-1133.777	1008.696	964.322	-952.898	1003.404	475.046	-1165.499	948.236	454.614	-1065.505	848.95	476.036	-847.131	885.85	456.817	-950.025	906.947	102.755	-808.659	726.918	56.442	-869.018	1104.883	34.365	-1104.204	990.198	103.199	-1115.221	1060.677	104.859	-1173.907	786.915	45.243	-907.845	793.447	46.375	-802.818	1001.358	31.465	-814.543	927.061	104.514	-894.58	830.95	388.256	-837.381	829.236	307.575	-819.286	875.999	54.561	-1277.291	900.012	44.493	-1205.417	986.49	37.458	-1275.034	791.116	613.085	-878.62	792.42	695.939	-874.9	836.623	692.3	-829.424	1031.288	656.702	-1155.39	976.793	648.118	-1188.792	977.782	565.12	-1181.86	987.858	390.327	-1204.693	1003.276	304.054	-1210.338	1047.023	399.439	-1181.455	883.358	395.915	-801.285	885.218	309.808	-784.867	1062.341	317.354	-1187.159	837.703	603.543	-831.915	1031.068	568.336	-1148.875	1098.29	32.204	-1172.658	1024.768	25.271	-1101.018	935.315	22.316	-780.075	956.494	27.316	-883.609
2125	10.62	922.441	1692.842	-992.127	932.551	1410.592	-817.466	1090.864	1400.547	-1090.102	899.479	1359.185	-1018.916	804.404	911.99	-931.862	927.188	931.649	-1133.77	1008.675	964.277	-952.921	1003.393	475.049	-1165.504	948.271	454.602	-1065.5	848.955	476.018	-847.132	885.858	456.845	-950.024	906.978	102.796	-808.642	726.93	56.426	-869.027	1104.88	34.373	-1104.198	990.161	103.254	-1115.257	1060.714	104.967	-1173.871	786.907	45.266	-907.84	793.471	46.36	-802.794	1001.35	31.454	-814.565	927.123	104.524	-894.571	830.974	388.223	-837.367	829.221	307.594	-819.322	875.995	54.526	-1277.276	900.026	44.503	-1205.401	986.48	37.434	-1275.03	791.11	613.076	-878.622	792.417	695.951	-874.902	836.609	692.274	-829.446	1031.29	656.675	-1155.381	976.788	648.115	-1188.815	977.782	565.096	-1181.843	987.855	390.299	-1204.686	1003.263	304.016	-1210.342	1047.034	399.441	-1181.473	883.347	395.914	-801.294	885.213	309.778	-784.871	1062.35	317.357	-1187.168	837.709	603.567	-831.891	1031.068	568.345	-1148.884	1098.277	32.194	-1172.66	1024.74	25.259	-1101.031	935.283	22.302	-780.076	956.462	27.271	-883.59
2126	10.625	922.407	1692.827	-992.154	932.54	1410.605	-817.463	1090.834	1400.546	-1090.1	899.465	1359.199	-1018.933	804.405	911.955	-931.844	927.173	931.669	-1133.795	1008.647	964.314	-952.932	1003.378	475.039	-1165.516	948.261	454.63	-1065.506	848.968	476.034	-847.146	885.88	456.868	-950.029	906.979	102.779	-808.66	726.913	56.431	-869.039	1104.891	34.38	-1104.183	990.172	103.204	-1115.254	1060.614	104.802	-1173.99	786.893	45.269	-907.859	793.458	46.367	-802.81	1001.345	31.471	-814.544	927.084	104.532	-894.544	830.997	388.225	-837.384	829.234	307.554	-819.264	875.99	54.515	-1277.266	900.011	44.49	-1205.4	986.486	37.425	-1275.015	791.116	613.059	-878.64	792.399	695.918	-874.894	836.605	692.302	-829.45	1031.267	656.698	-1155.406	976.757	648.129	-1188.821	977.743	565.083	-1181.854	987.84	390.302	-1204.699	1003.273	304.001	-1210.331	1047.025	399.427	-1181.451	883.33	395.909	-801.275	885.21	309.818	-784.887	1062.346	317.349	-1187.149	837.678	603.552	-831.913	1031.052	568.303	-1148.871	1098.255	32.163	-1172.653	1024.785	25.276	-1101.016	935.318	22.276	-780.109	956.494	27.339	-883.64
2127	10.63	922.365	1692.871	-992.227	932.518	1410.604	-817.46	1090.805	1400.549	-1090.098	899.424	1359.164	-1018.941	804.399	911.966	-931.849	927.175	931.636	-1133.777	1008.656	964.279	-952.941	1003.38	475.059	-1165.507	948.216	454.648	-1065.502	848.963	476.016	-847.142	885.839	456.849	-950.028	906.954	102.76	-808.642	726.91	56.429	-869.033	1104.908	34.331	-1104.189	990.182	103.207	-1115.249	1060.667	104.918	-1173.926	786.904	45.278	-907.837	793.435	46.357	-802.804	1001.36	31.461	-814.548	927.106	104.502	-894.547	830.936	388.248	-837.379	829.223	307.58	-819.293	875.994	54.546	-1277.297	899.997	44.522	-1205.401	986.502	37.407	-1275.017	791.091	613.099	-878.618	792.38	695.911	-874.894	836.612	692.294	-829.44	1031.261	656.702	-1155.414	976.748	648.117	-1188.81	977.738	565.079	-1181.868	987.838	390.286	-1204.717	1003.232	303.994	-1210.337	1046.983	399.397	-1181.461	883.326	395.907	-801.285	885.156	309.802	-784.889	1062.35	317.388	-1187.181	837.69	603.515	-831.924	1031.064	568.347	-1148.892	1098.288	32.223	-1172.675	1024.737	25.258	-1101.003	935.302	22.253	-780.093	956.503	27.271	-883.603
2128	10.635	922.331	1692.852	-992.205	932.478	1410.594	-817.452	1090.783	1400.558	-1090.119	899.403	1359.178	-1018.934	804.37	911.947	-931.841	927.13	931.665	-1133.789	1008.655	964.306	-952.943	1003.389	475.024	-1165.52	948.27	454.628	-1065.503	848.961	475.996	-847.138	885.891	456.849	-950.033	906.973	102.769	-808.65	726.92	56.407	-869.008	1104.887	34.359	-1104.185	990.159	103.244	-1115.263	1060.755	105.02	-1173.904	786.911	45.27	-907.841	793.458	46.35	-802.796	1001.38	31.479	-814.542	927.043	104.491	-894.586	830.949	388.215	-837.387	829.232	307.57	-819.299	875.965	54.576	-1277.272	899.998	44.494	-1205.401	986.511	37.407	-1275.028	791.078	613.052	-878.597	792.371	695.917	-874.89	836.6	692.272	-829.427	1031.251	656.72	-1155.408	976.753	648.125	-1188.819	977.752	565.12	-1181.893	987.838	390.297	-1204.705	1003.24	304.015	-1210.363	1046.984	399.414	-1181.452	883.334	395.92	-801.267	885.228	309.803	-784.872	1062.343	317.368	-1187.214	837.706	603.528	-831.9	1031.05	568.31	-1148.859	1098.287	32.189	-1172.673	1024.778	25.28	-1101.01	935.29	22.273	-780.068	956.5	27.316	-883.601
2129	10.64	922.296	1692.834	-992.224	932.472	1410.606	-817.493	1090.755	1400.538	-1090.103	899.355	1359.191	-1018.965	804.351	911.952	-931.878	927.121	931.648	-1133.806	1008.637	964.282	-952.938	1003.394	475.028	-1165.509	948.227	454.623	-1065.514	848.932	476.016	-847.142	885.86	456.863	-950.035	906.984	102.784	-808.653	726.934	56.428	-869.007	1104.919	34.388	-1104.184	990.157	103.243	-1115.279	1060.692	104.963	-1173.917	786.92	45.289	-907.85	793.462	46.351	-802.781	1001.339	31.437	-814.555	927.093	104.491	-894.568	830.964	388.238	-837.383	829.225	307.588	-819.3	876.005	54.522	-1277.285	899.994	44.492	-1205.396	986.505	37.433	-1275.033	791.078	613.057	-878.643	792.366	695.92	-874.908	836.561	692.273	-829.441	1031.236	656.717	-1155.449	976.725	648.121	-1188.829	977.741	565.129	-1181.895	987.817	390.281	-1204.713	1003.245	304	-1210.346	1046.998	399.413	-1181.465	883.327	395.89	-801.273	885.204	309.767	-784.865	1062.31	317.381	-1187.218	837.701	603.516	-831.874	1031.051	568.31	-1148.942	1098.286	32.21	-1172.668	1024.773	25.279	-1100.999	935.278	22.275	-780.085	956.486	27.284	-883.609
2130	10.645	922.263	1692.881	-992.239	932.443	1410.605	-817.477	1090.729	1400.532	-1090.113	899.342	1359.203	-1018.982	804.35	911.954	-931.883	927.125	931.634	-1133.782	1008.612	964.278	-952.955	1003.379	475.046	-1165.529	948.255	454.597	-1065.506	848.959	476.015	-847.11	885.867	456.855	-950.012	906.976	102.756	-808.641	726.928	56.406	-869.027	1104.896	34.345	-1104.189	990.188	103.208	-1115.244	1060.601	104.863	-1173.979	786.907	45.269	-907.829	793.459	46.354	-802.802	1001.343	31.456	-814.561	927.152	104.53	-894.504	830.989	388.221	-837.371	829.221	307.568	-819.302	876.005	54.547	-1277.272	900.016	44.486	-1205.39	986.519	37.389	-1275.026	791.087	613.062	-878.636	792.375	695.913	-874.897	836.568	692.291	-829.436	1031.209	656.718	-1155.452	976.715	648.113	-1188.829	977.736	565.13	-1181.928	987.828	390.286	-1204.734	1003.211	304.046	-1210.351	1046.983	399.426	-1181.479	883.333	395.93	-801.27	885.216	309.804	-784.877	1062.325	317.361	-1187.202	837.694	603.549	-831.861	1031.045	568.361	-1148.918	1098.272	32.208	-1172.685	1024.754	25.269	-1100.989	935.345	22.311	-780.069	956.518	27.312	-883.599
2131	10.65	922.228	1692.856	-992.229	932.423	1410.629	-817.51	1090.685	1400.547	-1090.136	899.308	1359.205	-1018.986	804.345	911.959	-931.876	927.108	931.662	-1133.795	1008.592	964.281	-952.94	1003.374	475.071	-1165.536	948.225	454.65	-1065.513	848.971	476.032	-847.142	885.924	456.886	-950.03	907.019	102.761	-808.644	726.918	56.446	-869.019	1104.889	34.362	-1104.184	990.158	103.264	-1115.293	1060.505	104.804	-1174.015	786.917	45.288	-907.847	793.485	46.345	-802.794	1001.353	31.451	-814.55	927.15	104.509	-894.55	831.017	388.24	-837.367	829.232	307.581	-819.284	876.011	54.54	-1277.262	900.019	44.534	-1205.418	986.522	37.421	-1275.026	791.081	613.049	-878.66	792.359	695.917	-874.937	836.559	692.309	-829.451	1031.201	656.722	-1155.429	976.717	648.125	-1188.872	977.716	565.144	-1181.921	987.809	390.288	-1204.734	1003.232	304.056	-1210.374	1046.996	399.429	-1181.487	883.328	395.924	-801.277	885.237	309.796	-784.853	1062.329	317.351	-1187.196	837.704	603.529	-831.873	1031.017	568.35	-1148.92	1098.25	32.193	-1172.675	1024.771	25.303	-1101.008	935.337	22.289	-780.064	956.479	27.316	-883.612
2132	10.655	922.174	1692.859	-992.243	932.395	1410.614	-817.521	1090.672	1400.526	-1090.124	899.277	1359.192	-1018.977	804.328	911.959	-931.879	927.117	931.68	-1133.828	1008.6	964.276	-952.951	1003.352	475.058	-1165.535	948.233	454.646	-1065.497	848.954	476.007	-847.132	885.902	456.854	-950.032	907.222	103.167	-808.386	726.919	56.421	-869.003	1104.901	34.373	-1104.194	990.193	103.173	-1115.251	1060.686	104.835	-1173.915	786.893	45.265	-907.851	793.486	46.364	-802.803	1001.397	31.48	-814.541	927.143	104.564	-894.55	831.016	388.221	-837.378	829.225	307.585	-819.309	876.008	54.549	-1277.285	900.005	44.515	-1205.407	986.495	37.457	-1275.042	791.079	613.035	-878.63	792.341	695.921	-874.925	836.547	692.297	-829.449	1031.196	656.734	-1155.474	976.7	648.107	-1188.838	977.709	565.11	-1181.889	987.821	390.311	-1204.752	1003.198	304.061	-1210.377	1046.971	399.43	-1181.496	883.329	395.904	-801.272	885.213	309.78	-784.876	1062.308	317.359	-1187.208	837.718	603.521	-831.871	1031.005	568.35	-1148.944	1098.288	32.199	-1172.664	1024.789	25.287	-1100.983	935.304	22.32	-780.069	956.507	27.312	-883.598
2133	10.66	922.155	1692.838	-992.273	932.376	1410.623	-817.535	1090.618	1400.55	-1090.141	899.244	1359.201	-1019.017	804.309	911.949	-931.903	927.087	931.68	-1133.827	1008.608	964.287	-952.955	1003.334	475.046	-1165.539	948.207	454.666	-1065.523	848.962	476.007	-847.132	885.831	456.798	-950.055	906.992	102.811	-808.619	726.936	56.444	-869.01	1104.889	34.38	-1104.203	990.181	103.212	-1115.245	1060.59	104.881	-1174.004	786.903	45.269	-907.841	793.452	46.346	-802.817	1001.359	31.446	-814.548	927.068	104.544	-894.539	830.991	388.222	-837.377	829.213	307.583	-819.293	876.012	54.544	-1277.268	899.986	44.511	-1205.415	986.486	37.483	-1275.035	791.074	613.028	-878.678	792.334	695.895	-874.927	836.537	692.27	-829.451	1031.19	656.736	-1155.473	976.688	648.132	-1188.878	977.678	565.117	-1181.916	987.817	390.311	-1204.741	1003.207	304.065	-1210.389	1046.973	399.427	-1181.488	883.348	395.944	-801.283	885.203	309.809	-784.864	1062.307	317.412	-1187.203	837.708	603.57	-831.826	1031.004	568.329	-1148.928	1098.265	32.191	-1172.701	1024.791	25.3	-1100.976	935.329	22.296	-780.077	956.482	27.307	-883.589
2134	10.665	922.114	1692.843	-992.267	932.33	1410.608	-817.555	1090.587	1400.53	-1090.155	899.232	1359.195	-1019.019	804.316	911.967	-931.896	927.088	931.673	-1133.822	1008.597	964.288	-952.951	1003.323	475.065	-1165.548	948.224	454.652	-1065.502	848.958	476.008	-847.139	885.831	456.838	-950.066	906.981	102.811	-808.628	726.924	56.394	-869.006	1104.891	34.349	-1104.183	990.175	103.214	-1115.273	1060.582	104.833	-1173.935	786.91	45.288	-907.855	793.468	46.37	-802.8	1001.357	31.449	-814.555	927.06	104.538	-894.546	830.938	388.265	-837.377	829.212	307.573	-819.297	875.991	54.553	-1277.287	899.995	44.515	-1205.441	986.492	37.466	-1275.033	791.059	613.036	-878.665	792.346	695.921	-874.939	836.549	692.283	-829.472	1031.168	656.738	-1155.478	976.676	648.118	-1188.867	977.684	565.112	-1181.921	987.79	390.301	-1204.744	1003.208	304.041	-1210.377	1046.962	399.423	-1181.478	883.324	395.95	-801.287	885.198	309.776	-784.907	1062.285	317.388	-1187.205	837.694	603.54	-831.845	1030.994	568.344	-1148.916	1098.278	32.186	-1172.662	1024.757	25.308	-1100.974	935.318	22.307	-780.086	956.481	27.319	-883.596
2135	10.67	922.074	1692.84	-992.297	932.311	1410.629	-817.55	1090.559	1400.543	-1090.172	899.172	1359.201	-1019.021	804.281	911.997	-931.912	927.066	931.677	-1133.852	1008.579	964.281	-952.961	1003.334	475.039	-1165.523	948.21	454.674	-1065.517	848.935	475.995	-847.16	885.756	456.843	-950.064	907.007	102.777	-808.661	726.92	56.43	-869.025	1104.879	34.363	-1104.191	990.152	103.216	-1115.286	1060.712	104.987	-1173.87	786.915	45.271	-907.832	793.463	46.355	-802.792	1001.367	31.469	-814.566	927.091	104.557	-894.534	830.987	388.227	-837.385	829.203	307.541	-819.28	875.999	54.556	-1277.265	899.997	44.519	-1205.415	986.473	37.424	-1275.04	791.042	613.027	-878.642	792.319	695.918	-874.919	836.529	692.294	-829.459	1031.165	656.731	-1155.456	976.674	648.123	-1188.853	977.68	565.168	-1181.929	987.783	390.299	-1204.749	1003.186	304.04	-1210.372	1046.954	399.455	-1181.499	883.309	395.941	-801.291	885.203	309.766	-784.887	1062.285	317.388	-1187.205	837.703	603.557	-831.815	1030.985	568.336	-1148.882	1098.267	32.219	-1172.676	1024.738	25.314	-1101.012	935.334	22.303	-780.041	956.491	27.299	-883.595
2136	10.675	922.041	1692.871	-992.316	932.247	1410.628	-817.531	1090.513	1400.564	-1090.188	899.157	1359.182	-1019.03	804.284	911.975	-931.894	927.062	931.665	-1133.836	1008.559	964.279	-952.989	1003.305	475.063	-1165.545	948.167	454.628	-1065.517	848.904	476.006	-847.163	885.777	456.835	-950.051	906.987	102.8	-808.629	726.92	56.438	-869.01	1104.89	34.362	-1104.182	990.155	103.234	-1115.286	1060.677	104.938	-1173.923	786.897	45.252	-907.826	793.479	46.371	-802.807	1001.338	31.437	-814.545	927.116	104.535	-894.531	830.93	388.243	-837.382	829.198	307.57	-819.314	875.995	54.544	-1277.283	899.997	44.521	-1205.405	986.493	37.438	-1275.034	791.049	613.042	-878.674	792.313	695.888	-874.924	836.538	692.261	-829.444	1031.151	656.721	-1155.485	976.672	648.099	-1188.852	977.657	565.131	-1181.925	987.78	390.318	-1204.747	1003.217	304.036	-1210.351	1046.943	399.404	-1181.48	883.301	395.948	-801.279	885.193	309.8	-784.878	1062.292	317.369	-1187.206	837.701	603.601	-831.79	1030.962	568.344	-1148.912	1098.264	32.217	-1172.698	1024.772	25.265	-1101.009	935.289	22.308	-780.068	956.469	27.326	-883.611
2137	10.68	921.997	1692.865	-992.31	932.218	1410.653	-817.59	1090.459	1400.58	-1090.219	899.101	1359.193	-1019.057	804.28	911.981	-931.9	927.043	931.675	-1133.836	1008.531	964.268	-953.013	1003.288	475.076	-1165.563	948.195	454.638	-1065.518	848.896	476	-847.148	885.797	456.852	-950.074	906.969	102.789	-808.644	726.902	56.452	-869.037	1104.887	34.385	-1104.187	990.152	103.221	-1115.255	1060.58	104.932	-1173.938	786.886	45.273	-907.838	793.464	46.343	-802.801	1001.352	31.472	-814.544	927.121	104.636	-894.521	830.917	388.267	-837.408	829.179	307.58	-819.309	875.988	54.554	-1277.271	899.987	44.525	-1205.404	986.491	37.43	-1274.996	791.029	613.005	-878.654	792.3	695.879	-874.911	836.512	692.281	-829.468	1031.128	656.687	-1155.453	976.655	648.121	-1188.857	977.654	565.153	-1181.948	987.765	390.294	-1204.75	1003.184	304.074	-1210.368	1046.926	399.443	-1181.492	883.278	395.927	-801.317	885.155	309.79	-784.895	1062.292	317.396	-1187.183	837.705	603.583	-831.788	1030.96	568.319	-1148.889	1098.266	32.246	-1172.702	1024.776	25.293	-1100.969	935.309	22.284	-780.093	956.503	27.315	-883.609
2138	10.685	921.948	1692.86	-992.328	932.195	1410.643	-817.591	1090.46	1400.584	-1090.209	899.074	1359.209	-1019.077	804.239	911.956	-931.88	927.018	931.666	-1133.827	1008.531	964.27	-952.982	1003.307	475.053	-1165.539	948.136	454.664	-1065.532	848.913	475.987	-847.166	885.788	456.856	-950.093	906.97	102.772	-808.628	726.901	56.42	-869	1104.883	34.368	-1104.189	990.139	103.229	-1115.259	1060.806	105.165	-1173.841	786.898	45.26	-907.832	793.473	46.358	-802.814	1001.364	31.442	-814.551	927.087	104.573	-894.548	830.929	388.218	-837.406	829.157	307.552	-819.333	876.008	54.545	-1277.268	899.999	44.508	-1205.409	986.479	37.453	-1275.031	791.013	613.012	-878.656	792.294	695.886	-874.936	836.487	692.234	-829.451	1031.101	656.765	-1155.479	976.628	648.117	-1188.84	977.64	565.141	-1181.917	987.76	390.286	-1204.768	1003.175	304.039	-1210.364	1046.92	399.416	-1181.475	883.274	395.927	-801.326	885.155	309.777	-784.912	1062.274	317.419	-1187.207	837.72	603.569	-831.806	1030.962	568.344	-1148.907	1098.27	32.23	-1172.692	1024.785	25.3	-1100.971	935.312	22.3	-780.084	956.503	27.311	-883.618
2139	10.69	921.908	1692.858	-992.335	932.145	1410.653	-817.614	1090.42	1400.591	-1090.241	899.062	1359.203	-1019.062	804.242	911.96	-931.915	927.017	931.662	-1133.838	1008.527	964.281	-952.982	1003.266	475.085	-1165.568	948.133	454.659	-1065.519	848.855	476.002	-847.185	885.777	456.865	-950.096	906.995	102.772	-808.649	726.915	56.45	-869.037	1104.893	34.409	-1104.201	990.164	103.202	-1115.258	1060.685	105.005	-1173.943	786.899	45.242	-907.845	793.458	46.356	-802.803	1001.359	31.464	-814.572	927.055	104.537	-894.543	830.912	388.235	-837.42	829.171	307.533	-819.357	875.988	54.527	-1277.282	899.987	44.51	-1205.408	986.466	37.449	-1275.04	791	613.016	-878.685	792.269	695.88	-874.938	836.499	692.247	-829.471	1031.125	656.747	-1155.447	976.643	648.078	-1188.83	977.626	565.129	-1181.914	987.745	390.298	-1204.751	1003.177	304.058	-1210.375	1046.911	399.461	-1181.511	883.261	395.933	-801.319	885.173	309.801	-784.904	1062.238	317.366	-1187.202	837.706	603.574	-831.8	1030.929	568.308	-1148.872	1098.261	32.225	-1172.715	1024.78	25.289	-1100.986	935.345	22.347	-780.053	956.453	27.341	-883.651
2140	10.695	921.866	1692.853	-992.37	932.112	1410.628	-817.628	1090.391	1400.585	-1090.261	899.002	1359.173	-1019.092	804.219	911.963	-931.911	926.981	931.681	-1133.853	1008.492	964.266	-952.985	1003.275	475.067	-1165.551	948.117	454.614	-1065.536	848.872	475.997	-847.185	885.712	456.87	-950.085	907.202	103.218	-808.377	726.91	56.426	-869.013	1104.889	34.38	-1104.197	990.153	103.209	-1115.241	1060.688	105.093	-1173.908	786.911	45.302	-907.836	793.458	46.341	-802.802	1001.386	31.479	-814.556	927.078	104.566	-894.551	830.882	388.225	-837.443	829.162	307.552	-819.332	875.99	54.582	-1277.252	899.987	44.527	-1205.418	986.479	37.465	-1275.05	790.987	613.011	-878.669	792.255	695.913	-874.944	836.484	692.267	-829.472	1031.114	656.749	-1155.465	976.619	648.12	-1188.841	977.622	565.137	-1181.918	987.736	390.311	-1204.775	1003.18	304.074	-1210.372	1046.896	399.447	-1181.518	883.243	395.932	-801.337	885.137	309.787	-784.906	1062.253	317.407	-1187.239	837.65	603.569	-831.851	1030.945	568.374	-1148.898	1098.253	32.237	-1172.702	1024.764	25.303	-1101.01	935.31	22.328	-780.071	956.502	27.339	-883.612
2141	10.7	921.815	1692.844	-992.386	932.096	1410.64	-817.659	1090.366	1400.581	-1090.232	898.999	1359.171	-1019.078	804.189	911.963	-931.903	926.967	931.663	-1133.853	1008.491	964.274	-952.995	1003.273	475.074	-1165.57	948.108	454.672	-1065.532	848.835	476.024	-847.206	885.716	456.84	-950.127	906.996	102.793	-808.625	726.917	56.427	-869.021	1104.893	34.429	-1104.203	990.133	103.203	-1115.233	1060.778	105.139	-1173.855	786.896	45.273	-907.873	793.462	46.375	-802.812	1001.391	31.499	-814.555	927.109	104.601	-894.534	830.876	388.224	-837.439	829.145	307.573	-819.36	876.001	54.544	-1277.282	899.988	44.542	-1205.411	986.472	37.442	-1275.025	790.972	613	-878.653	792.227	695.881	-874.933	836.465	692.263	-829.457	1031.09	656.734	-1155.465	976.588	648.139	-1188.853	977.608	565.137	-1181.919	987.716	390.31	-1204.763	1003.165	304.094	-1210.385	1046.879	399.463	-1181.488	883.231	395.943	-801.334	885.16	309.81	-784.949	1062.241	317.407	-1187.231	837.645	603.611	-831.836	1030.904	568.321	-1148.906	1098.262	32.194	-1172.677	1024.759	25.313	-1100.996	935.363	22.322	-780.076	956.472	27.309	-883.598
2142	10.705	921.763	1692.857	-992.392	932.08	1410.625	-817.649	1090.348	1400.582	-1090.218	898.979	1359.188	-1019.089	804.182	911.978	-931.915	926.975	931.656	-1133.863	1008.432	964.284	-952.996	1003.296	475.084	-1165.541	948.118	454.646	-1065.522	848.827	476.036	-847.198	885.767	456.842	-950.107	907.173	103.217	-808.378	726.909	56.436	-869.019	1104.901	34.423	-1104.177	990.158	103.185	-1115.216	1060.621	105.021	-1173.94	786.912	45.275	-907.841	793.471	46.363	-802.8	1001.368	31.501	-814.526	927.103	104.589	-894.549	830.866	388.227	-837.432	829.139	307.539	-819.391	875.984	54.565	-1277.284	900.006	44.513	-1205.396	986.488	37.483	-1275.051	790.976	613.032	-878.646	792.23	695.888	-874.94	836.465	692.261	-829.493	1031.062	656.738	-1155.477	976.583	648.108	-1188.837	977.589	565.142	-1181.926	987.719	390.336	-1204.763	1003.168	304.049	-1210.366	1046.887	399.449	-1181.487	883.252	395.942	-801.344	885.143	309.821	-784.933	1062.241	317.399	-1187.238	837.637	603.585	-831.866	1030.91	568.342	-1148.924	1098.26	32.216	-1172.661	1024.79	25.295	-1100.974	935.299	22.331	-780.08	956.467	27.364	-883.634
2143	10.71	921.739	1692.844	-992.41	932.026	1410.641	-817.656	1090.322	1400.616	-1090.247	898.935	1359.198	-1019.121	804.173	911.946	-931.914	926.936	931.662	-1133.855	1008.458	964.287	-953.011	1003.233	475.113	-1165.551	948.142	454.684	-1065.519	848.827	476.033	-847.181	885.745	456.846	-950.111	906.945	102.795	-808.647	726.924	56.45	-869.028	1104.871	34.399	-1104.178	990.143	103.212	-1115.266	1060.548	105.034	-1173.974	786.89	45.291	-907.842	793.463	46.388	-802.798	1001.355	31.518	-814.519	927.117	104.599	-894.559	830.876	388.235	-837.411	829.146	307.535	-819.377	875.989	54.571	-1277.273	899.983	44.523	-1205.385	986.46	37.461	-1275.025	790.959	613.003	-878.675	792.217	695.892	-874.944	836.426	692.232	-829.507	1031.074	656.751	-1155.469	976.574	648.125	-1188.832	977.572	565.142	-1181.912	987.704	390.317	-1204.769	1003.142	304.066	-1210.366	1046.884	399.451	-1181.499	883.231	395.967	-801.332	885.135	309.822	-784.927	1062.217	317.374	-1187.215	837.632	603.587	-831.875	1030.922	568.324	-1148.89	1098.264	32.259	-1172.668	1024.734	25.285	-1101.024	935.358	22.337	-780.066	956.485	27.317	-883.608
2144	10.715	921.694	1692.874	-992.442	932.036	1410.652	-817.656	1090.307	1400.589	-1090.246	898.911	1359.191	-1019.124	804.147	911.95	-931.935	926.933	931.69	-1133.869	1008.416	964.262	-953.014	1003.238	475.07	-1165.559	948.145	454.638	-1065.522	848.841	476.008	-847.176	885.716	456.836	-950.117	907.207	103.193	-808.369	726.923	56.451	-869.016	1104.88	34.434	-1104.178	990.133	103.201	-1115.248	1060.616	105.068	-1173.921	786.906	45.264	-907.823	793.47	46.372	-802.8	1001.33	31.503	-814.543	927.116	104.589	-894.565	830.895	388.244	-837.409	829.136	307.552	-819.322	875.998	54.538	-1277.282	899.979	44.558	-1205.416	986.488	37.49	-1275.037	790.964	613.023	-878.676	792.216	695.893	-874.956	836.433	692.26	-829.467	1031.05	656.728	-1155.45	976.576	648.114	-1188.869	977.574	565.173	-1181.934	987.722	390.319	-1204.773	1003.149	304.033	-1210.348	1046.88	399.458	-1181.498	883.229	395.933	-801.336	885.128	309.801	-784.905	1062.242	317.386	-1187.209	837.599	603.586	-831.935	1030.875	568.328	-1148.934	1098.272	32.253	-1172.677	1024.765	25.317	-1100.989	935.363	22.308	-780.053	956.48	27.339	-883.627
2145	10.72	921.633	1692.881	-992.47	932	1410.623	-817.657	1090.272	1400.6	-1090.251	898.916	1359.165	-1019.122	804.134	911.96	-931.939	926.916	931.648	-1133.861	1008.375	964.293	-953.029	1003.252	475.065	-1165.546	948.089	454.699	-1065.515	848.831	476.017	-847.176	885.755	456.878	-950.119	906.984	102.823	-808.632	726.922	56.432	-869.006	1104.907	34.45	-1104.169	990.135	103.189	-1115.228	1060.607	104.958	-1173.924	786.896	45.276	-907.86	793.46	46.369	-802.809	1001.358	31.487	-814.546	927.131	104.608	-894.516	830.886	388.232	-837.422	829.133	307.528	-819.331	876	54.522	-1277.283	899.981	44.535	-1205.392	986.474	37.484	-1275.019	790.93	613.036	-878.654	792.189	695.885	-874.976	836.416	692.263	-829.493	1031.043	656.744	-1155.453	976.582	648.119	-1188.855	977.58	565.136	-1181.935	987.703	390.334	-1204.787	1003.126	304.063	-1210.369	1046.868	399.443	-1181.494	883.199	395.948	-801.315	885.149	309.813	-784.931	1062.232	317.397	-1187.227	837.561	603.518	-832.004	1030.89	568.36	-1148.896	1098.247	32.231	-1172.686	1024.733	25.312	-1101.004	935.314	22.313	-780.06	956.485	27.338	-883.612
2146	10.725	921.6	1692.869	-992.464	931.964	1410.625	-817.675	1090.253	1400.594	-1090.245	898.866	1359.174	-1019.155	804.103	911.95	-931.936	926.89	931.65	-1133.865	1008.374	964.307	-953.008	1003.236	475.072	-1165.562	948.136	454.645	-1065.524	848.806	476.03	-847.182	885.753	456.839	-950.082	906.992	102.838	-808.623	726.937	56.443	-869.028	1104.889	34.441	-1104.188	990.182	103.142	-1115.242	1060.722	105.106	-1173.887	786.903	45.248	-907.851	793.452	46.375	-802.803	1001.346	31.514	-814.54	927.124	104.589	-894.548	830.862	388.235	-837.391	829.132	307.554	-819.368	875.992	54.565	-1277.31	899.983	44.524	-1205.39	986.482	37.47	-1275.047	790.939	613.036	-878.705	792.193	695.888	-874.962	836.402	692.264	-829.486	1031.042	656.743	-1155.455	976.558	648.107	-1188.862	977.58	565.161	-1181.953	987.705	390.312	-1204.778	1003.153	304.09	-1210.389	1046.875	399.448	-1181.503	883.236	395.926	-801.341	885.116	309.833	-784.937	1062.237	317.41	-1187.242	837.545	603.528	-832.044	1030.873	568.349	-1148.914	1098.281	32.205	-1172.667	1024.762	25.318	-1100.971	935.301	22.345	-780.068	956.461	27.302	-883.614
2147	10.73	921.554	1692.881	-992.493	931.923	1410.599	-817.697	1090.24	1400.587	-1090.238	898.857	1359.175	-1019.155	804.094	911.92	-931.947	926.869	931.66	-1133.88	1008.352	964.32	-953.028	1003.238	475.082	-1165.566	948.103	454.704	-1065.52	848.845	476.025	-847.154	885.753	456.879	-950.093	906.97	102.804	-808.649	726.924	56.415	-868.995	1104.899	34.434	-1104.206	990.142	103.195	-1115.254	1060.671	105.077	-1173.917	786.903	45.29	-907.836	793.461	46.384	-802.824	1001.412	31.505	-814.566	927.104	104.574	-894.567	830.874	388.258	-837.433	829.122	307.543	-819.395	875.988	54.532	-1277.296	899.982	44.529	-1205.427	986.468	37.446	-1275.014	790.907	613.038	-878.692	792.176	695.887	-874.964	836.379	692.265	-829.516	1031.037	656.746	-1155.452	976.561	648.08	-1188.853	977.582	565.111	-1181.925	987.719	390.319	-1204.768	1003.169	304.06	-1210.381	1046.891	399.459	-1181.523	883.208	395.935	-801.323	885.125	309.844	-784.93	1062.244	317.372	-1187.221	837.475	603.463	-832.16	1030.895	568.337	-1148.88	1098.25	32.254	-1172.667	1024.741	25.282	-1101.002	935.347	22.365	-780.053	956.478	27.332	-883.611
2148	10.735	921.51	1692.883	-992.515	931.895	1410.615	-817.686	1090.216	1400.587	-1090.229	898.836	1359.171	-1019.16	804.063	911.913	-931.961	926.838	931.647	-1133.877	1008.339	964.332	-953.015	1003.238	475.114	-1165.56	948.116	454.667	-1065.527	848.824	476.028	-847.175	885.758	456.819	-950.091	906.968	102.829	-808.625	726.933	56.429	-869.003	1104.888	34.425	-1104.189	990.138	103.218	-1115.242	1060.623	105.038	-1173.993	786.911	45.296	-907.846	793.461	46.374	-802.811	1001.369	31.499	-814.557	927.107	104.588	-894.55	830.868	388.221	-837.411	829.141	307.575	-819.342	875.989	54.545	-1277.293	899.999	44.493	-1205.402	986.462	37.441	-1275.037	790.912	613.036	-878.697	792.165	695.872	-874.965	836.366	692.267	-829.514	1031.052	656.732	-1155.455	976.563	648.117	-1188.869	977.599	565.09	-1181.911	987.719	390.319	-1204.744	1003.152	304.072	-1210.37	1046.892	399.448	-1181.498	883.251	395.933	-801.316	885.12	309.795	-784.921	1062.233	317.409	-1187.215	837.428	603.446	-832.235	1030.911	568.361	-1148.906	1098.257	32.192	-1172.665	1024.771	25.302	-1101.009	935.306	22.336	-780.058	956.486	27.349	-883.625
2149	10.74	921.467	1692.898	-992.546	931.877	1410.606	-817.708	1090.213	1400.582	-1090.253	898.808	1359.176	-1019.174	804.032	911.918	-931.956	926.832	931.646	-1133.883	1008.34	964.336	-953.016	1003.255	475.122	-1165.563	948.148	454.651	-1065.527	848.821	476.028	-847.161	885.776	456.822	-950.049	906.985	102.791	-808.668	726.909	56.437	-869.039	1104.909	34.403	-1104.171	990.138	103.232	-1115.298	1060.743	105.153	-1173.901	786.898	45.301	-907.849	793.463	46.365	-802.805	1001.371	31.48	-814.557	927.077	104.597	-894.559	830.874	388.23	-837.407	829.116	307.581	-819.328	875.978	54.518	-1277.3	899.973	44.54	-1205.435	986.516	37.427	-1275.036	790.913	613.024	-878.731	792.164	695.875	-874.994	836.351	692.271	-829.495	1031.044	656.768	-1155.466	976.557	648.101	-1188.868	977.588	565.101	-1181.927	987.722	390.319	-1204.767	1003.148	304.067	-1210.384	1046.895	399.434	-1181.511	883.246	395.926	-801.317	885.128	309.808	-784.908	1062.229	317.382	-1187.216	837.418	603.425	-832.282	1030.916	568.349	-1148.906	1098.267	32.227	-1172.672	1024.756	25.279	-1101.028	935.331	22.283	-780.098	956.505	27.299	-883.629
2150	10.745	921.422	1692.851	-992.531	931.877	1410.601	-817.713	1090.204	1400.576	-1090.228	898.771	1359.179	-1019.163	804.015	911.909	-931.969	926.825	931.612	-1133.88	1008.27	964.28	-953.028	1003.258	475.092	-1165.569	948.132	454.653	-1065.539	848.834	476.031	-847.149	885.777	456.865	-950.096	906.981	102.785	-808.632	726.926	56.414	-869.007	1104.893	34.401	-1104.175	990.145	103.245	-1115.294	1060.723	105.104	-1173.905	786.883	45.277	-907.842	793.445	46.366	-802.798	1001.347	31.5	-814.533	927.072	104.554	-894.554	830.876	388.242	-837.401	829.131	307.552	-819.31	875.993	54.532	-1277.296	899.996	44.494	-1205.41	986.485	37.453	-1275.036	790.901	613.029	-878.688	792.153	695.874	-874.973	836.387	692.258	-829.504	1031.03	656.745	-1155.43	976.555	648.077	-1188.856	977.574	565.133	-1181.928	987.726	390.326	-1204.762	1003.153	304.081	-1210.356	1046.907	399.427	-1181.488	883.242	395.92	-801.301	885.146	309.787	-784.896	1062.239	317.384	-1187.22	837.451	603.476	-832.331	1030.903	568.423	-1148.914	1098.286	32.21	-1172.676	1024.742	25.292	-1101.021	935.321	22.34	-780.057	956.475	27.284	-883.603
2151	10.75	921.393	1692.882	-992.579	931.857	1410.587	-817.72	1090.174	1400.578	-1090.253	898.756	1359.183	-1019.153	804.005	911.924	-931.987	926.818	931.604	-1133.868	1008.316	964.316	-953.041	1003.286	475.058	-1165.537	948.134	454.653	-1065.512	848.811	476.02	-847.151	885.786	456.862	-950.077	906.964	102.818	-808.639	726.928	56.422	-869.017	1104.91	34.425	-1104.168	990.153	103.189	-1115.255	1060.581	104.95	-1173.973	786.896	45.255	-907.855	793.466	46.366	-802.814	1001.355	31.484	-814.551	927.074	104.602	-894.538	830.884	388.223	-837.396	829.142	307.561	-819.338	875.966	54.528	-1277.293	899.997	44.487	-1205.41	986.494	37.431	-1275.033	790.907	613.011	-878.699	792.162	695.879	-874.99	836.351	692.269	-829.47	1031.044	656.741	-1155.454	976.58	648.072	-1188.814	977.583	565.136	-1181.931	987.73	390.333	-1204.745	1003.148	304.08	-1210.369	1046.9	399.421	-1181.473	883.234	395.912	-801.288	885.126	309.794	-784.895	1062.249	317.418	-1187.242	837.504	603.637	-832.451	1030.895	568.374	-1148.928	1098.293	32.207	-1172.662	1024.771	25.289	-1100.993	935.361	22.294	-780.08	956.473	27.302	-883.629
2152	10.755	921.353	1692.876	-992.575	931.85	1410.6	-817.735	1090.168	1400.559	-1090.237	898.733	1359.178	-1019.185	803.988	911.934	-931.982	926.789	931.627	-1133.889	1008.254	964.332	-953.028	1003.302	475.084	-1165.528	948.172	454.62	-1065.509	848.841	476.032	-847.139	885.797	456.844	-950.055	907.209	103.178	-808.379	726.932	56.426	-869.014	1104.893	34.376	-1104.192	990.16	103.167	-1115.226	1060.777	105.148	-1173.927	786.899	45.259	-907.849	793.464	46.343	-802.796	1001.364	31.474	-814.577	927.114	104.561	-894.547	830.888	388.205	-837.389	829.136	307.546	-819.318	875.992	54.512	-1277.279	899.993	44.512	-1205.415	986.498	37.434	-1275.033	790.911	613.018	-878.71	792.137	695.892	-874.981	836.331	692.287	-829.472	1031.029	656.774	-1155.46	976.54	648.114	-1188.867	977.598	565.114	-1181.922	987.743	390.312	-1204.741	1003.171	304.096	-1210.369	1046.902	399.434	-1181.488	883.249	395.945	-801.297	885.115	309.805	-784.907	1062.248	317.387	-1187.232	837.48	604.683	-833.592	1030.901	568.369	-1148.888	1098.272	32.188	-1172.676	1024.767	25.286	-1101.009	935.317	22.336	-780.06	956.5	27.326	-883.602
2153	10.76	921.32	1692.909	-992.614	931.828	1410.591	-817.739	1090.15	1400.57	-1090.213	898.706	1359.174	-1019.197	803.958	911.911	-931.983	926.776	931.616	-1133.891	1008.21	964.317	-953.064	1003.288	475.074	-1165.539	948.146	454.615	-1065.511	848.816	476.012	-847.153	885.742	456.818	-950.041	906.981	102.773	-808.61	726.904	56.406	-869.039	1104.901	34.405	-1104.167	990.162	103.211	-1115.247	1060.624	104.974	-1173.947	786.895	45.27	-907.854	793.467	46.345	-802.789	1001.378	31.493	-814.544	927.123	104.599	-894.509	830.877	388.206	-837.368	829.117	307.546	-819.312	875.998	54.507	-1277.277	899.997	44.509	-1205.401	986.493	37.476	-1275.046	790.903	612.999	-878.684	792.137	695.887	-874.96	836.331	692.266	-829.503	1031.029	656.746	-1155.445	976.556	648.101	-1188.851	977.597	565.124	-1181.925	987.711	390.346	-1204.733	1003.143	304.068	-1210.358	1046.903	399.441	-1181.49	883.252	395.93	-801.275	885.149	309.768	-784.877	1062.253	317.382	-1187.222	837.45	604.689	-833.668	1030.91	568.422	-1148.892	1098.27	32.236	-1172.644	1024.774	25.278	-1101.008	935.322	22.311	-780.079	956.488	27.339	-883.633
2154	10.765	921.285	1692.879	-992.601	931.806	1410.582	-817.723	1090.125	1400.561	-1090.22	898.676	1359.203	-1019.209	803.951	911.911	-931.993	926.755	931.629	-1133.901	1008.169	964.321	-953.044	1003.271	475.055	-1165.525	948.186	454.623	-1065.486	848.817	476.022	-847.151	885.785	456.849	-950.048	906.973	102.831	-808.609	726.944	56.398	-869.034	1104.906	34.394	-1104.212	990.162	103.148	-1115.221	1060.811	105.213	-1173.885	786.89	45.26	-907.852	793.465	46.349	-802.801	1001.39	31.469	-814.563	927.066	104.558	-894.533	830.883	388.267	-837.391	829.136	307.585	-819.294	876.004	54.514	-1277.283	900.002	44.485	-1205.401	986.487	37.415	-1275.042	790.881	612.977	-878.685	792.127	695.874	-874.987	836.307	692.309	-829.486	1031.012	656.779	-1155.462	976.546	648.056	-1188.833	977.584	565.124	-1181.916	987.727	390.352	-1204.734	1003.152	304.074	-1210.364	1046.896	399.452	-1181.481	883.257	395.924	-801.29	885.159	309.774	-784.874	1062.218	317.415	-1187.247	837.437	604.641	-833.73	1030.909	568.381	-1148.924	1098.285	32.228	-1172.661	1024.753	25.284	-1101.023	935.315	22.264	-780.074	956.477	27.308	-883.596
2155	10.77	921.246	1692.899	-992.631	931.775	1410.592	-817.764	1090.091	1400.556	-1090.212	898.657	1359.171	-1019.19	803.927	911.914	-931.991	926.73	931.633	-1133.901	1008.216	964.34	-953.033	1003.285	475.067	-1165.527	948.151	454.659	-1065.476	848.847	476.018	-847.153	885.773	456.889	-950.071	906.981	102.815	-808.64	726.926	56.413	-869.006	1104.896	34.408	-1104.199	990.151	103.17	-1115.232	1060.715	105.064	-1173.921	786.912	45.286	-907.877	793.477	46.375	-802.812	1001.372	31.507	-814.532	927.119	104.576	-894.553	830.853	388.231	-837.384	829.125	307.569	-819.317	876.016	54.506	-1277.279	899.999	44.503	-1205.418	986.511	37.458	-1275.051	790.864	613.025	-878.69	792.124	695.885	-875.01	836.293	692.279	-829.494	1030.991	656.744	-1155.436	976.524	648.089	-1188.86	977.57	565.124	-1181.909	987.703	390.333	-1204.766	1003.145	304.082	-1210.375	1046.89	399.471	-1181.488	883.228	395.919	-801.303	885.13	309.826	-784.877	1062.232	317.403	-1187.227	837.366	604.595	-833.81	1030.89	568.356	-1148.9	1098.281	32.253	-1172.67	1024.776	25.329	-1101.01	935.312	22.311	-780.065	956.503	27.253	-883.585
2156	10.775	921.214	1692.929	-992.669	931.75	1410.61	-817.763	1090.083	1400.571	-1090.232	898.607	1359.176	-1019.217	803.929	911.928	-932.004	926.734	931.644	-1133.91	1008.204	964.334	-953.072	1003.287	475.066	-1165.526	948.16	454.647	-1065.472	848.809	476.017	-847.14	885.753	456.84	-950.056	906.992	102.782	-808.64	726.913	56.405	-869.028	1104.899	34.404	-1104.195	990.151	103.222	-1115.311	1060.615	104.972	-1173.954	786.915	45.292	-907.855	793.459	46.35	-802.796	1001.365	31.465	-814.58	927.079	104.591	-894.505	830.871	388.246	-837.377	829.11	307.573	-819.309	875.994	54.53	-1277.295	899.997	44.503	-1205.421	986.492	37.434	-1275.028	790.877	612.988	-878.721	792.114	695.877	-874.975	836.271	692.285	-829.469	1030.993	656.766	-1155.461	976.507	648.098	-1188.862	977.573	565.113	-1181.921	987.698	390.324	-1204.745	1003.149	304.081	-1210.383	1046.877	399.467	-1181.504	883.234	395.912	-801.31	885.123	309.826	-784.865	1062.253	317.375	-1187.229	837.336	604.549	-833.836	1030.886	568.382	-1148.917	1098.27	32.195	-1172.673	1024.769	25.306	-1101.004	935.31	22.331	-780.059	956.499	27.297	-883.584
2157	10.78	921.192	1692.935	-992.659	931.724	1410.598	-817.781	1090.063	1400.582	-1090.245	898.619	1359.177	-1019.205	803.913	911.918	-931.974	926.72	931.626	-1133.914	1008.156	964.332	-953.076	1003.253	475.06	-1165.521	948.167	454.652	-1065.491	848.781	475.992	-847.159	885.733	456.858	-950.062	906.976	102.792	-808.639	726.913	56.39	-869.031	1104.907	34.406	-1104.198	990.126	103.203	-1115.255	1060.741	105.137	-1173.931	786.899	45.271	-907.869	793.464	46.347	-802.827	1001.392	31.501	-814.56	927.066	104.541	-894.559	830.826	388.255	-837.391	829.082	307.567	-819.324	875.978	54.521	-1277.317	900.005	44.537	-1205.419	986.502	37.446	-1275.035	790.869	612.986	-878.703	792.082	695.865	-874.982	836.246	692.268	-829.478	1030.964	656.74	-1155.476	976.48	648.118	-1188.876	977.549	565.148	-1181.93	987.683	390.321	-1204.738	1003.117	304.102	-1210.393	1046.863	399.474	-1181.489	883.18	395.914	-801.308	885.107	309.788	-784.899	1062.212	317.459	-1187.264	837.277	604.523	-833.848	1030.881	568.378	-1148.881	1098.249	32.188	-1172.665	1024.788	25.311	-1101.012	935.349	22.322	-780.088	956.476	27.339	-883.633
2158	10.785	921.169	1692.909	-992.679	931.699	1410.566	-817.794	1090.027	1400.594	-1090.219	898.574	1359.195	-1019.237	803.907	911.927	-931.977	926.709	931.633	-1133.902	1008.155	964.356	-953.052	1003.222	475.076	-1165.556	948.102	454.671	-1065.483	848.786	476.009	-847.159	885.744	456.844	-950.049	907.184	103.199	-808.379	726.911	56.427	-869.014	1104.892	34.398	-1104.17	990.163	103.217	-1115.282	1060.828	105.14	-1173.807	786.906	45.28	-907.861	793.453	46.333	-802.809	1001.375	31.498	-814.558	927.086	104.56	-894.543	830.835	388.24	-837.393	829.1	307.588	-819.295	875.981	54.493	-1277.295	899.997	44.487	-1205.41	986.487	37.43	-1275.067	790.84	612.967	-878.688	792.071	695.859	-874.979	836.229	692.255	-829.486	1030.949	656.776	-1155.456	976.458	648.113	-1188.866	977.539	565.119	-1181.912	987.688	390.344	-1204.738	1003.133	304.086	-1210.384	1046.863	399.463	-1181.51	883.196	395.937	-801.286	885.093	309.754	-784.895	1062.201	317.395	-1187.242	837.228	604.453	-833.897	1030.845	568.301	-1148.88	1098.279	32.264	-1172.666	1024.774	25.327	-1100.989	935.321	22.339	-780.059	956.508	27.325	-883.635
2159	10.79	921.132	1692.938	-992.695	931.655	1410.602	-817.809	1089.993	1400.589	-1090.229	898.539	1359.215	-1019.26	803.873	911.948	-931.999	926.713	931.641	-1133.924	1008.17	964.351	-953.083	1003.198	475.074	-1165.551	948.12	454.666	-1065.489	848.765	475.992	-847.168	885.733	456.858	-950.062	906.972	102.822	-808.622	726.926	56.377	-869.018	1104.876	34.437	-1104.179	990.123	103.217	-1115.317	1060.655	104.937	-1173.951	786.905	45.253	-907.857	793.455	46.334	-802.81	1001.382	31.493	-814.56	927.055	104.572	-894.532	830.834	388.273	-837.392	829.088	307.57	-819.304	875.971	54.509	-1277.292	899.983	44.5	-1205.421	986.477	37.417	-1275.037	790.843	612.964	-878.677	792.053	695.829	-874.976	836.248	692.262	-829.467	1030.945	656.756	-1155.475	976.457	648.094	-1188.876	977.513	565.125	-1181.92	987.665	390.352	-1204.733	1003.114	304.063	-1210.384	1046.852	399.474	-1181.518	883.167	395.912	-801.292	885.047	309.808	-784.901	1062.199	317.41	-1187.231	837.201	604.456	-833.928	1030.829	568.361	-1148.901	1098.271	32.259	-1172.684	1024.768	25.329	-1100.991	935.331	22.306	-780.071	956.474	27.365	-883.626
2160	10.795	921.103	1692.945	-992.691	931.657	1410.605	-817.794	1089.96	1400.629	-1090.257	898.502	1359.202	-1019.265	803.847	911.941	-931.984	926.697	931.647	-1133.896	1008.135	964.331	-953.072	1003.196	475.074	-1165.547	948.094	454.64	-1065.517	848.767	476.026	-847.155	885.742	456.84	-950.04	906.953	102.787	-808.653	726.898	56.39	-869.004	1104.882	34.426	-1104.193	990.143	103.234	-1115.261	1060.679	104.972	-1173.845	786.915	45.263	-907.849	793.475	46.345	-802.799	1001.343	31.473	-814.56	927.08	104.585	-894.567	830.827	388.25	-837.386	829.065	307.566	-819.325	875.977	54.494	-1277.298	899.992	44.475	-1205.421	986.496	37.417	-1275.037	790.813	612.98	-878.68	792.025	695.827	-874.971	836.208	692.257	-829.455	1030.92	656.765	-1155.472	976.429	648.093	-1188.863	977.499	565.167	-1181.927	987.648	390.353	-1204.759	1003.1	304.041	-1210.388	1046.847	399.477	-1181.541	883.148	395.903	-801.279	885.087	309.795	-784.878	1062.17	317.408	-1187.24	837.124	604.419	-833.976	1030.811	568.376	-1148.906	1098.272	32.242	-1172.661	1024.763	25.292	-1100.997	935.33	22.286	-780.051	956.477	27.312	-883.63
2161	10.8	921.061	1692.966	-992.734	931.616	1410.612	-817.813	1089.929	1400.599	-1090.255	898.491	1359.181	-1019.271	803.848	911.938	-932.001	926.67	931.609	-1133.894	1008.088	964.34	-953.052	1003.184	475.084	-1165.559	948.07	454.645	-1065.53	848.771	476.021	-847.154	885.73	456.846	-950.034	906.971	102.833	-808.599	726.903	56.397	-869.023	1104.879	34.447	-1104.155	990.086	103.289	-1115.316	1060.598	104.939	-1173.94	786.892	45.254	-907.863	793.456	46.349	-802.801	1001.358	31.51	-814.526	927.071	104.542	-894.54	830.813	388.239	-837.402	829.058	307.578	-819.298	875.995	54.471	-1277.291	899.988	44.483	-1205.425	986.488	37.441	-1275.019	790.828	612.985	-878.694	792.041	695.854	-874.964	836.206	692.262	-829.472	1030.896	656.767	-1155.477	976.417	648.129	-1188.893	977.487	565.12	-1181.917	987.642	390.334	-1204.755	1003.054	304.049	-1210.39	1046.806	399.487	-1181.534	883.142	395.92	-801.3	885.054	309.803	-784.888	1062.16	317.447	-1187.267	837.103	604.388	-834.006	1030.779	568.314	-1148.934	1098.264	32.257	-1172.681	1024.754	25.337	-1100.975	935.302	22.325	-780.084	956.484	27.322	-883.613
2162	10.805	921.045	1692.956	-992.751	931.582	1410.627	-817.836	1089.881	1400.633	-1090.261	898.454	1359.199	-1019.293	803.834	911.917	-931.989	926.657	931.633	-1133.879	1008.074	964.34	-953.038	1003.154	475.094	-1165.551	948.033	454.655	-1065.511	848.75	475.998	-847.144	885.691	456.871	-950.053	907.182	103.179	-808.377	726.894	56.385	-869.027	1104.886	34.44	-1104.176	990.11	103.282	-1115.306	1060.661	104.977	-1173.923	786.887	45.271	-907.851	793.453	46.356	-802.812	1001.357	31.517	-814.53	927.092	104.591	-894.553	830.799	388.244	-837.407	829.079	307.56	-819.362	875.99	54.496	-1277.312	899.998	44.472	-1205.414	986.463	37.42	-1275.037	790.813	612.997	-878.7	792.005	695.828	-874.976	836.196	692.261	-829.46	1030.888	656.764	-1155.463	976.404	648.12	-1188.879	977.466	565.133	-1181.922	987.631	390.342	-1204.757	1003.049	304.086	-1210.406	1046.803	399.486	-1181.533	883.157	395.937	-801.303	885.041	309.849	-784.893	1062.151	317.419	-1187.278	837.069	604.375	-834.077	1030.771	568.377	-1148.929	1098.26	32.263	-1172.63	1024.764	25.3	-1100.985	935.349	22.351	-780.04	956.494	27.349	-883.62
2163	10.81	921.016	1692.962	-992.756	931.529	1410.647	-817.854	1089.844	1400.647	-1090.262	898.42	1359.197	-1019.298	803.802	911.948	-931.994	926.643	931.653	-1133.914	1008.128	964.383	-953.054	1003.148	475.119	-1165.58	948.019	454.69	-1065.491	848.759	476.038	-847.152	885.698	456.873	-950.043	906.946	102.79	-808.658	726.914	56.399	-869.04	1104.879	34.447	-1104.182	990.117	103.236	-1115.263	1060.723	105.239	-1173.894	786.891	45.273	-907.872	793.457	46.353	-802.804	1001.367	31.539	-814.563	927.098	104.62	-894.564	830.819	388.255	-837.409	829.044	307.579	-819.337	876.002	54.47	-1277.307	899.978	44.494	-1205.433	986.481	37.458	-1275.057	790.783	612.992	-878.715	791.991	695.862	-874.974	836.192	692.265	-829.462	1030.87	656.78	-1155.484	976.389	648.12	-1188.872	977.437	565.133	-1181.927	987.597	390.374	-1204.763	1003.074	304.087	-1210.389	1046.772	399.504	-1181.564	883.141	395.916	-801.31	885.058	309.858	-784.88	1062.125	317.438	-1187.298	837.011	604.316	-834.098	1030.731	568.409	-1148.934	1098.262	32.246	-1172.662	1024.769	25.334	-1101.027	935.345	22.372	-780.076	956.474	27.327	-883.593
2164	10.815	920.99	1692.953	-992.762	931.495	1410.634	-817.875	1089.817	1400.678	-1090.278	898.393	1359.212	-1019.349	803.788	911.945	-931.995	926.615	931.645	-1133.898	1008.041	964.348	-953.04	1003.129	475.087	-1165.548	948.004	454.638	-1065.553	848.742	476.012	-847.144	885.657	456.885	-950.06	906.96	102.797	-808.669	726.914	56.404	-869.03	1104.859	34.467	-1104.181	990.115	103.246	-1115.305	1060.544	105.03	-1173.907	786.885	45.256	-907.864	793.459	46.341	-802.796	1001.349	31.501	-814.565	927.084	104.565	-894.54	830.777	388.229	-837.411	829.053	307.584	-819.309	875.959	54.502	-1277.319	899.976	44.516	-1205.431	986.486	37.458	-1275.032	790.779	612.995	-878.703	791.994	695.853	-874.968	836.157	692.276	-829.456	1030.861	656.775	-1155.491	976.369	648.097	-1188.869	977.447	565.146	-1181.937	987.607	390.36	-1204.772	1003.033	304.098	-1210.397	1046.78	399.489	-1181.542	883.131	395.94	-801.301	885.052	309.815	-784.906	1062.108	317.429	-1187.275	836.988	604.231	-834.154	1030.716	568.352	-1148.943	1098.249	32.279	-1172.7	1024.738	25.34	-1101.007	935.333	22.383	-780.058	956.464	27.368	-883.636
2165	10.82	920.97	1692.951	-992.786	931.439	1410.634	-817.858	1089.786	1400.674	-1090.297	898.343	1359.179	-1019.32	803.764	911.95	-932.006	926.621	931.658	-1133.918	1008.049	964.413	-953.046	1003.093	475.128	-1165.586	948.03	454.665	-1065.518	848.727	476.034	-847.15	885.676	456.882	-950.031	907.152	103.221	-808.38	726.893	56.411	-869.021	1104.865	34.49	-1104.188	990.099	103.236	-1115.308	1060.777	105.14	-1173.856	786.9	45.262	-907.848	793.46	46.374	-802.803	1001.334	31.536	-814.517	927.091	104.589	-894.572	830.775	388.256	-837.401	829.06	307.594	-819.321	875.967	54.476	-1277.299	899.975	44.507	-1205.413	986.461	37.476	-1275.056	790.776	612.991	-878.705	791.983	695.824	-874.985	836.17	692.257	-829.483	1030.858	656.793	-1155.483	976.364	648.087	-1188.872	977.414	565.132	-1181.94	987.588	390.348	-1204.75	1003.002	304.107	-1210.418	1046.762	399.492	-1181.531	883.114	395.947	-801.293	885.025	309.821	-784.917	1062.119	317.437	-1187.276	836.976	604.216	-834.174	1030.736	568.343	-1148.922	1098.243	32.248	-1172.65	1024.742	25.34	-1101.009	935.329	22.343	-780.055	956.492	27.322	-883.613
2166	10.825	920.922	1692.956	-992.799	931.433	1410.64	-817.886	1089.738	1400.704	-1090.3	898.334	1359.185	-1019.329	803.733	911.907	-931.982	926.602	931.627	-1133.88	1008.017	964.408	-953.01	1003.12	475.092	-1165.54	947.989	454.679	-1065.532	848.726	476.045	-847.127	885.613	456.872	-950.043	906.961	102.847	-808.613	726.88	56.404	-869.04	1104.877	34.471	-1104.165	990.096	103.254	-1115.271	1060.718	105.083	-1173.898	786.878	45.269	-907.845	793.447	46.356	-802.807	1001.356	31.495	-814.547	927.071	104.595	-894.556	830.777	388.236	-837.413	829.033	307.58	-819.339	875.956	54.508	-1277.327	899.967	44.489	-1205.433	986.465	37.457	-1275.044	790.747	612.993	-878.655	791.971	695.834	-874.989	836.157	692.262	-829.474	1030.832	656.758	-1155.467	976.33	648.147	-1188.903	977.408	565.138	-1181.934	987.572	390.366	-1204.768	1003.006	304.123	-1210.408	1046.752	399.483	-1181.527	883.097	395.907	-801.291	885.004	309.833	-784.89	1062.111	317.47	-1187.303	836.92	604.154	-834.252	1030.705	568.333	-1148.926	1098.252	32.283	-1172.698	1024.76	25.312	-1100.991	935.33	22.364	-780.037	956.462	27.357	-883.619
2167	10.83	920.906	1692.923	-992.812	931.427	1410.627	-817.91	1089.721	1400.68	-1090.314	898.284	1359.182	-1019.34	803.723	911.932	-931.966	926.597	931.655	-1133.907	1007.974	964.362	-953.017	1003.102	475.087	-1165.555	948.006	454.617	-1065.519	848.698	476.048	-847.144	885.625	456.876	-950.042	906.939	102.772	-808.656	726.895	56.409	-869.011	1104.855	34.451	-1104.157	990.119	103.191	-1115.295	1060.596	104.95	-1173.925	786.885	45.275	-907.842	793.457	46.356	-802.784	1001.337	31.506	-814.524	927.071	104.594	-894.565	830.776	388.252	-837.388	829.023	307.563	-819.344	875.958	54.507	-1277.314	899.957	44.535	-1205.426	986.442	37.447	-1275.034	790.75	612.96	-878.673	791.96	695.827	-874.967	836.139	692.249	-829.466	1030.838	656.762	-1155.464	976.344	648.117	-1188.877	977.391	565.155	-1181.939	987.545	390.38	-1204.76	1003.005	304.114	-1210.407	1046.727	399.507	-1181.522	883.082	395.924	-801.293	885.034	309.808	-784.897	1062.105	317.47	-1187.281	836.876	604.149	-834.242	1030.701	568.343	-1148.944	1098.242	32.267	-1172.667	1024.755	25.303	-1101.005	935.33	22.383	-780.029	956.478	27.346	-883.617
2168	10.835	920.856	1692.931	-992.831	931.376	1410.638	-817.885	1089.683	1400.694	-1090.322	898.266	1359.137	-1019.335	803.711	911.927	-931.987	926.557	931.628	-1133.899	1007.996	964.458	-953.04	1003.103	475.089	-1165.55	948	454.661	-1065.521	848.739	476.048	-847.134	885.627	456.858	-950.051	906.925	102.836	-808.612	726.91	56.401	-869.001	1104.857	34.461	-1104.171	990.107	103.245	-1115.271	1060.479	105.002	-1173.997	786.874	45.249	-907.822	793.451	46.367	-802.78	1001.374	31.514	-814.559	927.026	104.593	-894.541	830.777	388.251	-837.379	829.017	307.586	-819.319	875.96	54.491	-1277.295	899.975	44.469	-1205.407	986.437	37.469	-1275.024	790.75	612.925	-878.671	791.945	695.827	-874.963	836.133	692.243	-829.49	1030.828	656.779	-1155.493	976.33	648.125	-1188.876	977.38	565.131	-1181.918	987.559	390.352	-1204.735	1003.006	304.072	-1210.391	1046.72	399.501	-1181.528	883.11	395.934	-801.299	885.016	309.802	-784.876	1062.091	317.427	-1187.282	836.837	604.122	-834.222	1030.685	568.373	-1148.927	1098.243	32.287	-1172.689	1024.753	25.313	-1100.986	935.316	22.362	-780.053	956.481	27.33	-883.62
2169	10.84	920.81	1692.934	-992.833	931.361	1410.649	-817.919	1089.647	1400.704	-1090.319	898.25	1359.149	-1019.382	803.685	911.92	-931.992	926.552	931.611	-1133.883	1007.981	964.457	-953.038	1003.082	475.088	-1165.553	948.012	454.639	-1065.502	848.685	476.019	-847.151	885.606	456.865	-950.09	906.968	102.824	-808.62	726.901	56.391	-869.039	1104.88	34.464	-1104.172	990.091	103.226	-1115.317	1060.688	105.254	-1173.953	786.91	45.264	-907.828	793.437	46.344	-802.793	1001.331	31.514	-814.521	927.086	104.625	-894.56	830.77	388.276	-837.392	829.028	307.544	-819.332	875.966	54.488	-1277.311	899.969	44.495	-1205.41	986.47	37.463	-1275.051	790.716	612.973	-878.674	791.921	695.81	-874.964	836.128	692.225	-829.498	1030.816	656.787	-1155.475	976.332	648.099	-1188.867	977.384	565.176	-1181.917	987.532	390.368	-1204.742	1002.993	304.07	-1210.385	1046.723	399.478	-1181.541	883.067	395.917	-801.285	884.988	309.797	-784.868	1062.077	317.505	-1187.285	836.83	604.094	-834.273	1030.692	568.35	-1148.922	1098.26	32.27	-1172.669	1024.73	25.334	-1100.994	935.313	22.335	-780.057	956.467	27.361	-883.622
2170	10.845	920.77	1692.934	-992.863	931.341	1410.639	-817.935	1089.612	1400.688	-1090.313	898.227	1359.147	-1019.363	803.674	911.928	-932.013	926.531	931.593	-1133.879	1007.982	964.426	-953.035	1003.102	475.1	-1165.567	947.993	454.665	-1065.508	848.692	476.027	-847.137	885.627	456.839	-950.065	906.951	102.819	-808.605	726.904	56.377	-869.008	1104.873	34.462	-1104.158	990.071	103.222	-1115.308	1060.554	105.155	-1173.944	786.899	45.26	-907.866	793.434	46.355	-802.796	1001.354	31.535	-814.527	927.039	104.641	-894.539	830.734	388.273	-837.387	829.032	307.559	-819.324	875.954	54.466	-1277.312	899.971	44.467	-1205.42	986.46	37.453	-1275.026	790.711	612.938	-878.678	791.922	695.805	-875.003	836.112	692.248	-829.503	1030.795	656.743	-1155.454	976.305	648.107	-1188.876	977.38	565.117	-1181.921	987.539	390.34	-1204.734	1003.017	304.044	-1210.376	1046.71	399.521	-1181.546	883.064	395.921	-801.289	884.983	309.77	-784.895	1062.088	317.493	-1187.305	836.78	604.023	-834.292	1030.669	568.287	-1148.865	1098.243	32.282	-1172.689	1024.74	25.315	-1100.998	935.319	22.338	-780.041	956.487	27.329	-883.586
2171	10.85	920.727	1692.941	-992.885	931.297	1410.62	-817.93	1089.615	1400.685	-1090.338	898.212	1359.14	-1019.349	803.636	911.918	-932.004	926.518	931.612	-1133.882	1007.939	964.417	-953.014	1003.071	475.12	-1165.571	947.961	454.61	-1065.517	848.675	476.027	-847.153	885.574	456.847	-950.079	906.938	102.828	-808.609	726.891	56.4	-869.007	1104.879	34.53	-1104.192	990.105	103.209	-1115.284	1060.604	105.087	-1173.946	786.932	45.26	-907.837	793.451	46.373	-802.799	1001.326	31.518	-814.554	927.074	104.604	-894.528	830.73	388.24	-837.404	829.005	307.575	-819.342	875.985	54.482	-1277.3	899.974	44.491	-1205.399	986.458	37.463	-1275.049	790.71	612.967	-878.712	791.916	695.827	-874.999	836.108	692.244	-829.51	1030.776	656.745	-1155.455	976.291	648.095	-1188.843	977.341	565.108	-1181.894	987.499	390.322	-1204.73	1002.984	304.091	-1210.362	1046.697	399.521	-1181.554	883.055	395.93	-801.3	885.023	309.814	-784.906	1062.057	317.435	-1187.29	836.753	603.966	-834.324	1030.663	568.38	-1148.92	1098.229	32.277	-1172.69	1024.752	25.317	-1101.019	935.327	22.382	-780.021	956.464	27.333	-883.615
2172	10.855	920.667	1692.939	-992.892	931.315	1410.604	-817.922	1089.59	1400.697	-1090.339	898.183	1359.135	-1019.364	803.63	911.896	-932.015	926.519	931.582	-1133.876	1007.911	964.47	-953.023	1003.076	475.142	-1165.546	947.999	454.623	-1065.488	848.672	476.026	-847.17	885.554	456.838	-950.076	906.952	102.799	-808.654	726.884	56.403	-869.027	1104.863	34.494	-1104.178	990.106	103.248	-1115.301	1060.514	104.96	-1174.002	786.892	45.275	-907.809	793.45	46.345	-802.798	1001.353	31.511	-814.547	927.014	104.65	-894.55	830.731	388.241	-837.411	828.987	307.56	-819.336	875.984	54.485	-1277.29	899.97	44.465	-1205.416	986.459	37.447	-1275.023	790.708	612.97	-878.692	791.897	695.834	-875.005	836.077	692.223	-829.525	1030.754	656.773	-1155.483	976.305	648.092	-1188.833	977.353	565.132	-1181.911	987.513	390.364	-1204.73	1002.988	304.073	-1210.376	1046.699	399.499	-1181.536	883.068	395.906	-801.287	884.983	309.81	-784.895	1062.069	317.455	-1187.279	836.705	603.943	-834.342	1030.671	568.353	-1148.887	1098.237	32.298	-1172.708	1024.745	25.3	-1101.003	935.349	22.33	-780.086	956.472	27.341	-883.617
2173	10.86	920.624	1692.938	-992.917	931.288	1410.636	-817.946	1089.584	1400.698	-1090.33	898.177	1359.127	-1019.348	803.627	911.913	-932.024	926.504	931.605	-1133.885	1007.888	964.418	-953.026	1003.061	475.098	-1165.517	948.02	454.628	-1065.495	848.676	476.015	-847.138	885.573	456.839	-950.06	906.96	102.832	-808.598	726.891	56.387	-869.044	1104.871	34.472	-1104.183	990.097	103.233	-1115.297	1060.709	105.213	-1173.931	786.91	45.227	-907.789	793.449	46.327	-802.814	1001.365	31.521	-814.562	927.074	104.616	-894.572	830.709	388.231	-837.404	828.972	307.563	-819.345	875.948	54.506	-1277.306	899.987	44.461	-1205.413	986.457	37.469	-1275.039	790.689	612.981	-878.704	791.885	695.828	-874.999	836.036	692.24	-829.526	1030.751	656.715	-1155.461	976.284	648.078	-1188.845	977.353	565.12	-1181.897	987.526	390.34	-1204.696	1002.986	304.068	-1210.363	1046.706	399.528	-1181.554	883.049	395.893	-801.282	884.953	309.814	-784.883	1062.06	317.44	-1187.279	837.867	601.94	-835.35	1030.669	568.385	-1148.907	1098.241	32.262	-1172.665	1024.749	25.295	-1101.01	935.318	22.35	-780.057	956.448	27.339	-883.612
2174	10.865	920.568	1692.965	-992.971	931.287	1410.609	-817.934	1089.573	1400.693	-1090.319	898.16	1359.125	-1019.372	803.599	911.907	-932.007	926.484	931.579	-1133.871	1007.899	964.484	-953.011	1003.069	475.099	-1165.52	947.999	454.629	-1065.505	848.655	476.015	-847.142	885.616	456.843	-950.059	906.927	102.801	-808.607	726.9	56.385	-869.024	1104.866	34.467	-1104.172	990.1	103.218	-1115.245	1060.591	105.078	-1173.934	786.929	45.231	-907.788	793.444	46.338	-802.809	1001.323	31.49	-814.545	927.063	104.595	-894.551	830.716	388.24	-837.403	828.969	307.547	-819.329	875.967	54.454	-1277.284	899.979	44.488	-1205.423	986.467	37.459	-1275.041	790.66	612.933	-878.734	791.866	695.819	-874.994	836.046	692.265	-829.503	1030.787	656.769	-1155.463	976.259	648.082	-1188.844	977.341	565.085	-1181.877	987.511	390.341	-1204.718	1002.971	304.092	-1210.375	1046.708	399.501	-1181.533	883.045	395.905	-801.299	884.975	309.758	-784.864	1062.071	317.455	-1187.275	836.833	603.234	-833.945	1030.637	568.385	-1148.897	1098.263	32.279	-1172.665	1024.746	25.305	-1100.997	935.3	22.334	-780.047	956.498	27.323	-883.592
2175	10.87	920.518	1692.949	-992.952	931.334	1410.616	-817.932	1089.546	1400.7	-1090.317	898.145	1359.149	-1019.373	803.589	911.895	-931.992	926.487	931.563	-1133.871	1007.87	964.433	-953.025	1003.052	475.109	-1165.541	948.022	454.631	-1065.464	848.673	476.011	-847.129	885.636	456.827	-950.027	906.926	102.816	-808.615	726.884	56.386	-869.039	1104.876	34.468	-1104.16	990.072	103.274	-1115.296	1060.628	105.116	-1173.968	786.928	45.195	-907.728	793.455	46.316	-802.797	1001.359	31.489	-814.57	927.049	104.601	-894.533	830.73	388.213	-837.408	828.956	307.575	-819.332	875.978	54.492	-1277.295	899.969	44.495	-1205.424	986.466	37.444	-1275.038	790.657	612.928	-878.695	791.872	695.821	-874.99	836.03	692.227	-829.512	1030.758	656.754	-1155.447	976.272	648.079	-1188.834	977.339	565.135	-1181.911	987.527	390.362	-1204.736	1002.971	304.076	-1210.357	1046.685	399.487	-1181.529	883.017	395.915	-801.291	884.939	309.843	-784.89	1062.07	317.435	-1187.294	836.798	603.188	-833.979	1030.663	568.389	-1148.92	1098.259	32.279	-1172.676	1024.756	25.291	-1100.973	935.293	22.316	-780.075	956.501	27.29	-883.599
2176	10.875	920.47	1692.96	-992.979	931.275	1410.582	-817.926	1089.54	1400.698	-1090.31	898.107	1359.15	-1019.38	803.572	911.893	-932.008	926.465	931.576	-1133.871	1007.823	964.4	-953	1003.059	475.094	-1165.525	947.999	454.636	-1065.438	848.651	475.985	-847.146	885.602	456.815	-950	906.929	102.787	-808.614	726.897	56.368	-869.016	1104.863	34.445	-1104.174	990.102	103.223	-1115.233	1060.518	104.967	-1173.982	786.95	45.199	-907.694	793.43	46.348	-802.807	1001.364	31.535	-814.546	927.043	104.598	-894.519	830.724	388.216	-837.404	828.985	307.553	-819.322	875.983	54.447	-1277.278	899.961	44.467	-1205.407	986.461	37.455	-1275.018	790.634	612.922	-878.727	791.847	695.816	-874.98	835.993	692.248	-829.496	1030.757	656.78	-1155.451	976.248	648.099	-1188.829	977.318	565.142	-1181.878	987.522	390.328	-1204.723	1002.961	304.093	-1210.36	1046.701	399.496	-1181.553	883.021	395.886	-801.281	884.935	309.768	-784.897	1062.08	317.458	-1187.284	836.593	603.827	-834.303	1030.651	568.376	-1148.89	1098.282	32.28	-1172.679	1024.752	25.324	-1100.991	935.277	22.3	-780.066	956.463	27.327	-883.606
2177	10.88	920.435	1692.948	-993.002	931.289	1410.571	-817.919	1089.52	1400.672	-1090.293	898.094	1359.165	-1019.393	803.546	911.898	-932.026	926.469	931.55	-1133.865	1007.774	964.364	-953.04	1003.07	475.09	-1165.519	948.004	454.603	-1065.45	848.677	475.994	-847.11	885.645	456.864	-950.019	906.928	102.805	-808.597	726.897	56.372	-869.057	1104.849	34.454	-1104.156	990.097	103.241	-1115.274	1060.688	105.164	-1173.922	786.977	45.181	-907.679	793.454	46.324	-802.788	1001.339	31.471	-814.54	927.062	104.574	-894.532	830.722	388.236	-837.405	828.968	307.55	-819.334	875.966	54.459	-1277.307	899.947	44.472	-1205.431	986.47	37.398	-1275.033	790.637	612.941	-878.727	791.831	695.809	-875.02	835.962	692.246	-829.489	1030.736	656.752	-1155.454	976.251	648.085	-1188.813	977.33	565.172	-1181.884	987.501	390.344	-1204.704	1002.955	304.059	-1210.382	1046.698	399.496	-1181.525	883.034	395.901	-801.295	884.949	309.768	-784.894	1062.062	317.425	-1187.291	836.728	603.077	-833.962	1030.631	568.404	-1148.873	1098.247	32.276	-1172.692	1024.73	25.327	-1101.019	935.299	22.293	-780.078	956.479	27.313	-883.596
2178	10.885	920.386	1692.971	-993.023	931.291	1410.578	-817.936	1089.503	1400.681	-1090.302	898.064	1359.175	-1019.397	803.518	911.913	-932.016	926.486	931.58	-1133.879	1007.806	964.423	-952.987	1003.067	475.082	-1165.512	948.022	454.625	-1065.454	848.691	476	-847.113	885.634	456.873	-950.023	906.902	102.79	-808.635	726.908	56.372	-869.026	1104.872	34.459	-1104.173	990.078	103.245	-1115.268	1060.661	104.9	-1173.902	786.949	45.185	-907.641	793.443	46.328	-802.806	1001.332	31.512	-814.57	927.015	104.541	-894.544	830.735	388.234	-837.396	828.988	307.545	-819.335	875.963	54.462	-1277.307	899.962	44.467	-1205.422	986.45	37.44	-1275.038	790.63	612.907	-878.71	791.807	695.819	-875.017	835.942	692.24	-829.491	1030.771	656.763	-1155.418	976.258	648.072	-1188.843	977.346	565.127	-1181.861	987.5	390.36	-1204.711	1002.961	304.091	-1210.368	1046.697	399.484	-1181.514	883.038	395.892	-801.273	884.95	309.788	-784.89	1062.044	317.462	-1187.307	836.685	603.071	-833.954	1030.642	568.362	-1148.881	1098.248	32.255	-1172.695	1024.76	25.291	-1101.014	935.297	22.304	-780.08	956.503	27.32	-883.589
2179	10.89	920.341	1692.974	-993.039	931.279	1410.589	-817.925	1089.503	1400.681	-1090.293	898.066	1359.153	-1019.398	803.513	911.9	-932.018	926.456	931.567	-1133.891	1007.807	964.428	-953.007	1003.075	475.091	-1165.505	948.025	454.613	-1065.445	848.659	475.991	-847.114	885.643	456.851	-950.017	906.907	102.784	-808.616	726.889	56.355	-869.026	1104.88	34.464	-1104.185	990.061	103.23	-1115.289	1060.647	105.156	-1173.879	787.003	45.188	-907.573	793.45	46.337	-802.796	1001.391	31.515	-814.533	927.022	104.581	-894.556	830.707	388.183	-837.406	828.997	307.542	-819.311	875.992	54.453	-1277.291	899.95	44.474	-1205.426	986.47	37.451	-1275.028	790.64	612.895	-878.725	791.802	695.819	-875.003	835.954	692.243	-829.484	1030.744	656.789	-1155.458	976.254	648.074	-1188.817	977.336	565.113	-1181.867	987.503	390.36	-1204.71	1002.969	304.111	-1210.372	1046.703	399.505	-1181.547	883.037	395.915	-801.272	884.992	309.782	-784.883	1062.057	317.492	-1187.317	836.676	603.036	-833.977	1030.626	568.396	-1148.892	1098.236	32.271	-1172.678	1024.742	25.3	-1100.995	935.305	22.308	-780.083	956.487	27.314	-883.587
2180	10.895	920.302	1692.987	-993.058	931.266	1410.568	-817.947	1089.489	1400.664	-1090.286	898.044	1359.173	-1019.404	803.489	911.902	-932.03	926.449	931.581	-1133.878	1007.778	964.509	-952.999	1003.058	475.095	-1165.504	948.001	454.632	-1065.444	848.687	476.009	-847.072	885.634	456.833	-950.011	906.915	102.781	-808.618	726.904	56.38	-869.049	1104.841	34.473	-1104.178	990.065	103.205	-1115.247	1060.594	105.059	-1173.947	787.017	45.143	-907.495	793.457	46.336	-802.81	1001.355	31.453	-814.565	927.026	104.572	-894.516	830.727	388.236	-837.362	828.99	307.576	-819.301	875.983	54.449	-1277.295	899.976	44.449	-1205.414	986.489	37.429	-1275.044	790.648	612.922	-878.724	791.798	695.802	-875.011	835.925	692.265	-829.465	1030.748	656.766	-1155.411	976.259	648.073	-1188.807	977.348	565.104	-1181.848	987.511	390.35	-1204.703	1002.965	304.108	-1210.385	1046.698	399.529	-1181.524	883.045	395.879	-801.282	884.94	309.789	-784.868	1062.076	317.469	-1187.287	836.618	602.983	-833.991	1030.656	568.421	-1148.879	1098.256	32.288	-1172.665	1024.757	25.306	-1100.99	935.295	22.262	-780.094	956.492	27.39	-883.653
2181	10.9	920.275	1692.984	-993.044	931.266	1410.557	-817.941	1089.447	1400.676	-1090.298	898.031	1359.173	-1019.426	803.493	911.904	-932.007	926.451	931.584	-1133.885	1007.731	964.437	-952.984	1003.071	475.09	-1165.508	948.034	454.624	-1065.407	848.689	476.011	-847.045	885.631	456.858	-949.986	907.143	103.201	-808.352	726.918	56.35	-869.047	1104.872	34.434	-1104.173	990.118	103.226	-1115.241	1060.64	105.178	-1173.959	787.072	45.1	-907.396	793.449	46.358	-802.802	1001.361	31.471	-814.538	927.081	104.563	-894.53	830.723	388.198	-837.378	828.995	307.591	-819.296	875.969	54.477	-1277.315	899.978	44.48	-1205.399	986.458	37.46	-1275.034	790.616	612.909	-878.681	791.804	695.838	-874.997	835.914	692.26	-829.435	1030.761	656.797	-1155.446	976.256	648.088	-1188.811	977.328	565.117	-1181.857	987.503	390.354	-1204.702	1002.98	304.093	-1210.347	1046.706	399.507	-1181.53	883.067	395.887	-801.272	884.952	309.768	-784.872	1062.077	317.517	-1187.314	836.582	602.949	-833.987	1030.639	568.339	-1148.863	1098.264	32.263	-1172.678	1024.744	25.317	-1101.008	935.283	22.291	-780.071	956.497	27.345	-883.604
2182	10.905	920.233	1692.985	-993.073	931.246	1410.568	-817.929	1089.434	1400.675	-1090.294	898.01	1359.202	-1019.43	803.479	911.904	-932.04	926.434	931.579	-1133.867	1007.752	964.448	-953.01	1003.08	475.141	-1165.539	948.004	454.646	-1065.438	848.711	476.037	-847.017	885.652	456.845	-949.963	907.159	103.176	-808.344	726.89	56.362	-869.037	1104.867	34.465	-1104.161	990.111	103.174	-1115.245	1060.56	104.993	-1173.99	787.125	45.082	-907.253	793.45	46.338	-802.781	1001.369	31.502	-814.566	927.075	104.578	-894.522	830.737	388.228	-837.376	828.97	307.577	-819.293	875.974	54.441	-1277.297	899.97	44.463	-1205.413	986.493	37.425	-1275.028	790.598	612.924	-878.683	791.778	695.808	-875.015	835.897	692.262	-829.461	1030.761	656.768	-1155.421	976.241	648.072	-1188.792	977.346	565.118	-1181.834	987.54	390.365	-1204.705	1002.977	304.089	-1210.354	1046.714	399.505	-1181.537	883.034	395.905	-801.244	884.961	309.79	-784.826	1062.076	317.468	-1187.29	836.571	602.982	-833.987	1030.665	568.419	-1148.865	1098.253	32.295	-1172.69	1024.748	25.309	-1101.005	935.31	22.314	-780.06	956.499	27.365	-883.59
2183	10.91	920.2	1692.973	-993.09	931.237	1410.564	-817.943	1089.426	1400.681	-1090.286	897.961	1359.165	-1019.416	803.463	911.885	-932.019	926.439	931.557	-1133.88	1007.707	964.516	-952.996	1003.079	475.102	-1165.479	948.024	454.66	-1065.425	848.771	476.018	-846.981	885.654	456.867	-949.983	906.93	102.799	-808.606	726.893	56.365	-869.019	1104.864	34.466	-1104.167	990.075	103.296	-1115.324	1060.589	105.043	-1174.018	787.184	45.031	-907.141	793.447	46.338	-802.8	1001.354	31.492	-814.55	927.059	104.572	-894.534	830.733	388.217	-837.351	829.004	307.558	-819.274	875.982	54.442	-1277.297	899.959	44.459	-1205.413	986.463	37.407	-1275.017	790.612	612.887	-878.666	791.78	695.805	-874.961	835.934	692.245	-829.456	1030.757	656.824	-1155.412	976.269	648.09	-1188.798	977.356	565.133	-1181.817	987.528	390.357	-1204.689	1002.979	304.084	-1210.326	1046.721	399.5	-1181.53	883.031	395.89	-801.23	884.928	309.802	-784.842	1062.068	317.468	-1187.308	836.564	602.945	-833.971	1030.662	568.369	-1148.837	1098.253	32.271	-1172.68	1024.738	25.335	-1100.984	935.329	22.271	-780.062	956.468	27.421	-883.628
2184	10.915	920.166	1692.964	-993.063	931.208	1410.58	-817.966	1089.407	1400.666	-1090.293	897.959	1359.164	-1019.436	803.425	911.865	-932.021	926.397	931.553	-1133.873	1007.682	964.512	-952.982	1003.071	475.11	-1165.489	948.049	454.621	-1065.421	848.737	476.031	-846.942	885.664	456.84	-949.968	906.92	102.792	-808.617	726.897	56.37	-869.004	1104.865	34.438	-1104.166	990.105	103.23	-1115.269	1060.573	105.134	-1173.996	787.245	45.025	-907.015	793.463	46.322	-802.796	1001.362	31.492	-814.538	927.076	104.541	-894.52	830.693	388.251	-837.329	828.977	307.549	-819.284	875.974	54.438	-1277.329	899.963	44.457	-1205.407	986.471	37.405	-1275.02	790.622	612.909	-878.665	791.769	695.798	-874.978	835.906	692.242	-829.459	1030.763	656.773	-1155.382	976.266	648.092	-1188.771	977.356	565.115	-1181.828	987.533	390.36	-1204.691	1002.978	304.114	-1210.36	1046.737	399.519	-1181.513	883.056	395.91	-801.24	884.963	309.793	-784.826	1062.092	317.466	-1187.284	836.571	602.974	-833.937	1030.663	568.357	-1148.819	1098.257	32.27	-1172.681	1024.735	25.327	-1101.003	935.308	22.286	-780.061	956.493	27.321	-883.568
2185	10.92	920.144	1692.987	-993.1	931.181	1410.562	-817.985	1089.39	1400.691	-1090.321	897.927	1359.159	-1019.438	803.43	911.863	-932.014	926.392	931.547	-1133.862	1007.677	964.552	-952.984	1003.093	475.134	-1165.484	948.072	454.64	-1065.395	848.772	476.015	-846.903	885.623	456.839	-949.979	907.135	103.206	-808.345	726.883	56.384	-869.021	1104.889	34.457	-1104.169	990.108	103.183	-1115.234	1060.672	105.12	-1173.912	787.279	44.975	-906.905	793.446	46.314	-802.801	1001.349	31.529	-814.551	927.011	104.595	-894.515	830.696	388.202	-837.374	828.978	307.559	-819.292	875.982	54.468	-1277.299	899.976	44.469	-1205.417	986.47	37.428	-1275.026	790.589	612.913	-878.666	791.762	695.78	-874.985	835.916	692.239	-829.443	1030.753	656.788	-1155.357	976.254	648.106	-1188.784	977.347	565.144	-1181.836	987.553	390.371	-1204.695	1002.981	304.108	-1210.383	1046.748	399.52	-1181.499	883.021	395.905	-801.23	884.966	309.798	-784.824	1062.082	317.518	-1187.299	836.575	602.942	-833.933	1030.667	568.374	-1148.832	1098.247	32.292	-1172.697	1024.756	25.289	-1101.004	935.304	22.284	-780.085	956.504	27.329	-883.584
2186	10.925	920.119	1692.962	-993.068	931.162	1410.559	-817.948	1089.364	1400.677	-1090.313	897.923	1359.164	-1019.443	803.406	911.858	-932.036	926.376	931.574	-1133.893	1007.627	964.53	-952.985	1003.12	475.071	-1165.473	948.041	454.635	-1065.395	848.754	476.008	-846.878	885.612	456.83	-949.97	906.944	102.762	-808.627	726.896	56.367	-869.021	1104.869	34.471	-1104.175	990.101	103.233	-1115.305	1060.618	105.085	-1173.974	787.285	44.9	-906.789	793.454	46.326	-802.792	1001.367	31.482	-814.54	927.034	104.572	-894.52	830.676	388.224	-837.355	828.952	307.556	-819.304	875.981	54.463	-1277.298	899.952	44.453	-1205.418	986.499	37.432	-1275.039	790.583	612.914	-878.689	791.75	695.782	-874.959	835.901	692.231	-829.45	1030.743	656.778	-1155.346	976.259	648.13	-1188.778	977.361	565.118	-1181.805	987.528	390.371	-1204.668	1002.993	304.136	-1210.364	1046.741	399.501	-1181.484	883.023	395.878	-801.235	884.955	309.773	-784.848	1062.108	317.475	-1187.27	836.542	602.92	-833.934	1030.676	568.462	-1148.79	1098.244	32.266	-1172.702	1024.751	25.316	-1100.991	935.283	22.27	-780.086	956.502	27.293	-883.59
2187	10.93	920.094	1692.961	-993.09	931.177	1410.553	-817.975	1089.351	1400.675	-1090.297	897.882	1359.158	-1019.444	803.398	911.877	-932.022	926.36	931.548	-1133.862	1007.625	964.486	-952.98	1003.094	475.138	-1165.477	948.05	454.632	-1065.397	848.799	476	-846.853	885.633	456.83	-949.976	906.93	102.785	-808.614	726.897	56.359	-868.999	1104.875	34.449	-1104.193	990.102	103.2	-1115.255	1060.597	104.886	-1173.967	787.373	44.879	-906.644	793.452	46.324	-802.785	1001.331	31.485	-814.559	927.094	104.596	-894.524	830.687	388.216	-837.373	828.942	307.576	-819.308	875.968	54.455	-1277.304	899.955	44.467	-1205.423	986.492	37.456	-1275.04	790.578	612.892	-878.65	791.728	695.795	-874.956	835.89	692.226	-829.447	1030.741	656.805	-1155.344	976.251	648.091	-1188.763	977.356	565.122	-1181.811	987.543	390.385	-1204.67	1003.009	304.112	-1210.34	1046.742	399.501	-1181.508	883.004	395.899	-801.219	884.955	309.785	-784.847	1062.096	317.455	-1187.281	836.523	602.936	-833.92	1030.666	568.379	-1148.816	1098.242	32.259	-1172.685	1024.75	25.3	-1101.021	935.316	22.298	-780.083	956.477	27.32	-883.599
2188	10.935	920.073	1692.956	-993.064	931.133	1410.557	-817.996	1089.305	1400.676	-1090.325	897.861	1359.161	-1019.459	803.385	911.868	-932.019	926.359	931.581	-1133.887	1007.581	964.521	-952.971	1003.118	475.125	-1165.459	948.01	454.627	-1065.403	848.801	475.975	-846.81	885.6	456.867	-949.983	906.907	102.774	-808.612	726.908	56.347	-868.999	1104.854	34.417	-1104.153	990.115	103.202	-1115.252	1060.707	104.983	-1173.892	787.415	44.895	-906.546	793.451	46.321	-802.8	1001.377	31.504	-814.531	927.069	104.554	-894.542	830.643	388.227	-837.349	828.947	307.538	-819.285	875.957	54.491	-1277.313	899.944	44.506	-1205.415	986.485	37.43	-1275.048	790.558	612.922	-878.656	791.734	695.776	-874.977	835.872	692.243	-829.467	1030.74	656.819	-1155.336	976.229	648.096	-1188.755	977.359	565.109	-1181.802	987.538	390.369	-1204.686	1002.987	304.126	-1210.347	1046.71	399.494	-1181.479	882.995	395.882	-801.238	884.913	309.805	-784.867	1062.089	317.498	-1187.301	836.464	602.95	-833.907	1030.661	568.369	-1148.811	1098.24	32.284	-1172.715	1024.763	25.312	-1101.011	935.331	22.311	-780.083	956.486	27.316	-883.582
2189	10.94	920.048	1692.968	-993.056	931.089	1410.545	-817.98	1089.294	1400.65	-1090.337	897.816	1359.157	-1019.473	803.379	911.859	-932.002	926.349	931.563	-1133.858	1007.634	964.453	-952.985	1003.085	475.116	-1165.443	948.023	454.609	-1065.387	848.801	475.986	-846.757	885.612	456.848	-949.982	906.945	102.784	-808.636	726.902	56.329	-868.984	1104.867	34.451	-1104.17	990.095	103.261	-1115.296	1060.671	105.157	-1173.951	787.459	44.919	-906.489	793.471	46.339	-802.784	1001.368	31.544	-814.556	927.048	104.6	-894.523	830.669	388.226	-837.364	828.938	307.546	-819.302	875.99	54.479	-1277.298	899.971	44.45	-1205.419	986.464	37.454	-1275.044	790.547	612.903	-878.667	791.717	695.808	-874.979	835.873	692.228	-829.457	1030.727	656.802	-1155.335	976.233	648.084	-1188.745	977.362	565.14	-1181.8	987.493	390.401	-1204.689	1002.985	304.12	-1210.334	1046.725	399.512	-1181.469	882.985	395.866	-801.25	884.896	309.786	-784.855	1062.089	317.506	-1187.29	836.474	602.93	-833.905	1030.658	568.328	-1148.777	1098.264	32.248	-1172.668	1024.77	25.286	-1101.005	935.281	22.302	-780.085	956.472	27.296	-883.617
2190	10.945	920.016	1692.96	-993.066	931.066	1410.56	-817.982	1089.256	1400.662	-1090.363	897.82	1359.142	-1019.455	803.362	911.871	-931.993	926.347	931.575	-1133.872	1007.57	964.451	-952.961	1003.076	475.153	-1165.487	948.022	454.594	-1065.409	848.836	475.958	-846.706	885.579	456.854	-949.97	906.923	102.794	-808.611	726.891	56.341	-868.969	1104.879	34.465	-1104.174	990.12	103.209	-1115.281	1060.623	105.083	-1173.951	787.491	44.907	-906.476	793.438	46.311	-802.785	1001.359	31.545	-814.539	927.023	104.558	-894.519	830.65	388.22	-837.364	828.912	307.523	-819.328	875.983	54.445	-1277.296	899.971	44.472	-1205.416	986.464	37.425	-1275.049	790.549	612.897	-878.63	791.714	695.796	-874.952	835.851	692.236	-829.437	1030.712	656.791	-1155.312	976.229	648.113	-1188.745	977.331	565.123	-1181.787	987.505	390.385	-1204.657	1002.977	304.069	-1210.316	1046.695	399.53	-1181.477	882.96	395.896	-801.24	884.886	309.785	-784.855	1062.079	317.51	-1187.278	836.508	602.99	-833.896	1030.63	568.454	-1148.779	1098.272	32.259	-1172.689	1024.744	25.304	-1101.006	935.348	22.323	-780.058	956.478	27.304	-883.596
2191	10.95	919.995	1692.959	-993.08	931.039	1410.539	-817.994	1089.242	1400.667	-1090.349	897.807	1359.156	-1019.5	803.367	911.859	-931.981	926.314	931.558	-1133.828	1007.566	964.438	-952.949	1003.043	475.165	-1165.471	948.013	454.606	-1065.384	848.822	475.942	-846.696	885.591	456.852	-949.986	906.94	102.793	-808.616	726.9	56.349	-868.938	1104.863	34.455	-1104.172	990.084	103.243	-1115.269	1060.657	105.239	-1173.94	787.444	44.896	-906.569	793.448	46.343	-802.79	1001.371	31.524	-814.532	927.054	104.618	-894.521	830.619	388.207	-837.381	828.941	307.546	-819.3	875.97	54.472	-1277.315	899.957	44.46	-1205.406	986.462	37.436	-1275.045	790.526	612.914	-878.654	791.701	695.776	-874.975	835.87	692.21	-829.466	1030.708	656.803	-1155.314	976.203	648.105	-1188.731	977.344	565.126	-1181.773	987.516	390.38	-1204.664	1002.958	304.123	-1210.321	1046.697	399.533	-1181.476	882.936	395.883	-801.242	884.918	309.784	-784.86	1062.075	317.502	-1187.259	836.466	603.047	-833.879	1030.626	568.377	-1148.744	1098.239	32.297	-1172.712	1024.748	25.274	-1101.017	935.33	22.331	-780.05	956.475	27.305	-883.603
2192	10.955	919.972	1692.964	-993.084	931.055	1410.578	-818.006	1089.213	1400.685	-1090.393	897.779	1359.151	-1019.497	803.35	911.891	-931.993	926.309	931.538	-1133.848	1007.573	964.48	-952.965	1003.038	475.158	-1165.498	948.02	454.627	-1065.377	848.854	475.966	-846.66	885.624	456.87	-949.997	906.929	102.799	-808.617	726.914	56.319	-868.917	1104.879	34.468	-1104.173	990.108	103.199	-1115.24	1060.724	105.283	-1173.902	787.334	45.031	-906.876	793.441	46.324	-802.787	1001.347	31.48	-814.558	927.074	104.624	-894.499	830.652	388.216	-837.381	828.934	307.541	-819.307	875.959	54.484	-1277.31	899.952	44.467	-1205.395	986.456	37.456	-1275.046	790.531	612.881	-878.683	791.693	695.797	-874.983	835.862	692.225	-829.438	1030.702	656.825	-1155.31	976.196	648.114	-1188.739	977.292	565.136	-1181.792	987.506	390.383	-1204.675	1002.96	304.115	-1210.335	1046.703	399.524	-1181.496	882.939	395.895	-801.239	884.919	309.784	-784.841	1062.055	317.546	-1187.272	836.496	603.071	-833.841	1030.609	568.417	-1148.759	1098.23	32.248	-1172.676	1024.749	25.308	-1101.03	935.318	22.385	-780.006	956.466	27.303	-883.585
2193	10.96	919.963	1692.976	-993.098	931.04	1410.554	-818.01	1089.157	1400.671	-1090.373	897.771	1359.129	-1019.484	803.348	911.882	-931.98	926.333	931.558	-1133.847	1007.581	964.523	-952.972	1003.052	475.109	-1165.452	947.937	454.616	-1065.388	848.872	475.994	-846.635	885.527	456.865	-950.019	906.919	102.81	-808.594	726.934	56.29	-868.86	1104.869	34.49	-1104.161	990.079	103.215	-1115.272	1060.615	105.125	-1173.896	786.525	45.473	-908.732	793.45	46.348	-802.779	1001.352	31.528	-814.557	927.044	104.605	-894.543	830.628	388.223	-837.392	828.906	307.581	-819.343	875.964	54.472	-1277.288	899.972	44.477	-1205.403	986.471	37.447	-1275.039	790.52	612.884	-878.654	791.694	695.81	-874.985	835.85	692.226	-829.435	1030.672	656.814	-1155.325	976.172	648.101	-1188.731	977.304	565.116	-1181.808	987.464	390.384	-1204.658	1002.954	304.131	-1210.351	1046.679	399.531	-1181.468	882.955	395.897	-801.243	884.861	309.822	-784.875	1062.039	317.488	-1187.258	836.465	603.065	-833.83	1030.604	568.378	-1148.741	1098.238	32.278	-1172.66	1024.719	25.32	-1101.026	935.312	22.347	-780.014	956.464	27.328	-883.611
2194	10.965	919.934	1692.966	-993.076	930.997	1410.551	-818.023	1089.135	1400.674	-1090.387	897.739	1359.115	-1019.469	803.331	911.883	-931.981	926.323	931.567	-1133.86	1007.601	964.488	-952.98	1003.011	475.155	-1165.477	947.965	454.608	-1065.399	848.904	475.983	-846.601	885.536	456.875	-950.006	906.93	102.814	-808.622	726.939	56.282	-868.827	1104.855	34.472	-1104.178	990.104	103.174	-1115.235	1060.557	105.254	-1174.025	786.364	45.476	-908.893	793.447	46.345	-802.781	1001.35	31.548	-814.558	927.077	104.62	-894.552	830.601	388.216	-837.392	828.907	307.542	-819.343	875.936	54.523	-1277.338	899.953	44.477	-1205.446	986.443	37.43	-1275.022	790.521	612.907	-878.658	791.693	695.802	-874.956	835.834	692.207	-829.454	1030.68	656.786	-1155.309	976.172	648.116	-1188.725	977.26	565.144	-1181.778	987.452	390.391	-1204.66	1002.962	304.121	-1210.321	1046.673	399.501	-1181.472	882.961	395.905	-801.244	884.874	309.803	-784.88	1062.048	317.49	-1187.269	836.487	603.081	-833.771	1030.592	568.415	-1148.776	1098.242	32.285	-1172.692	1024.751	25.328	-1100.996	935.336	22.352	-780.054	956.466	27.315	-883.581
2195	10.97	919.923	1692.973	-993.096	930.978	1410.579	-818.015	1089.11	1400.679	-1090.386	897.721	1359.115	-1019.483	803.331	911.874	-931.972	926.301	931.58	-1133.849	1007.519	964.524	-952.98	1003.021	475.131	-1165.471	947.952	454.638	-1065.391	848.947	475.955	-846.554	885.547	456.888	-949.999	906.924	102.871	-808.601	726.967	56.243	-868.761	1104.847	34.526	-1104.189	990.062	103.216	-1115.279	1060.566	105.167	-1173.951	786.306	45.414	-908.965	793.47	46.352	-802.81	1001.367	31.53	-814.56	927.055	104.645	-894.548	830.629	388.204	-837.38	828.917	307.546	-819.319	875.961	54.473	-1277.32	899.957	44.475	-1205.417	986.473	37.468	-1275.041	790.511	612.919	-878.664	791.668	695.803	-874.973	835.824	692.205	-829.444	1030.66	656.797	-1155.337	976.167	648.101	-1188.741	977.265	565.121	-1181.762	987.485	390.407	-1204.66	1002.934	304.123	-1210.316	1046.674	399.543	-1181.47	882.967	395.925	-801.251	884.904	309.829	-784.862	1062.011	317.535	-1187.254	836.47	603.091	-833.723	1030.551	568.4	-1148.75	1098.23	32.3	-1172.679	1024.74	25.305	-1101.018	935.306	22.334	-780.078	956.472	27.344	-883.631
2196	10.975	919.897	1692.959	-993.098	930.946	1410.6	-818.027	1089.107	1400.672	-1090.389	897.697	1359.128	-1019.496	803.318	911.878	-931.997	926.304	931.589	-1133.865	1007.561	964.524	-952.956	1003.005	475.153	-1165.475	947.934	454.649	-1065.394	848.932	476	-846.511	885.61	456.868	-949.972	906.911	102.844	-808.616	726.992	56.246	-868.663	1104.865	34.497	-1104.178	990.103	103.172	-1115.237	1060.614	105.241	-1173.951	786.279	45.394	-909.005	793.43	46.351	-802.815	1001.371	31.549	-814.558	927.042	104.645	-894.528	830.638	388.238	-837.388	828.915	307.554	-819.32	875.955	54.471	-1277.319	899.944	44.521	-1205.413	986.448	37.491	-1275.061	790.534	612.933	-878.669	791.667	695.781	-874.949	835.849	692.24	-829.444	1030.655	656.796	-1155.339	976.151	648.127	-1188.729	977.272	565.159	-1181.789	987.466	390.415	-1204.662	1002.95	304.122	-1210.321	1046.668	399.54	-1181.458	882.948	395.891	-801.251	884.915	309.804	-784.846	1062.032	317.507	-1187.256	836.48	603.15	-833.68	1030.567	568.405	-1148.791	1098.232	32.29	-1172.695	1024.722	25.32	-1101.003	935.315	22.343	-780.088	956.459	27.364	-883.614
2197	10.98	919.876	1692.981	-993.12	930.932	1410.589	-818.043	1089.082	1400.679	-1090.398	897.683	1359.095	-1019.489	803.313	911.891	-931.973	926.282	931.569	-1133.851	1007.561	964.467	-952.959	1003.002	475.144	-1165.477	947.919	454.617	-1065.391	848.977	475.946	-846.484	885.525	456.853	-949.991	906.919	102.813	-808.623	727.015	56.233	-868.573	1104.849	34.521	-1104.185	990.098	103.158	-1115.251	1060.605	105.202	-1173.867	786.326	45.417	-908.931	793.428	46.359	-802.82	1001.361	31.539	-814.559	927.013	104.604	-894.548	830.621	388.223	-837.391	828.909	307.569	-819.331	875.958	54.521	-1277.303	899.952	44.467	-1205.439	986.466	37.469	-1275.058	790.514	612.922	-878.664	791.669	695.79	-874.943	835.845	692.218	-829.44	1030.653	656.814	-1155.359	976.157	648.08	-1188.72	977.247	565.139	-1181.783	987.458	390.415	-1204.672	1002.931	304.138	-1210.32	1046.642	399.536	-1181.469	882.939	395.916	-801.236	884.899	309.788	-784.868	1062.027	317.487	-1187.249	836.465	603.173	-833.633	1030.539	568.473	-1148.796	1098.239	32.278	-1172.674	1024.722	25.334	-1101.012	935.307	22.342	-780.06	956.46	27.338	-883.621
2198	10.985	919.858	1692.973	-993.138	930.926	1410.606	-817.993	1089.061	1400.666	-1090.403	897.666	1359.127	-1019.524	803.304	911.873	-931.953	926.291	931.576	-1133.842	1007.518	964.51	-952.969	1003.016	475.14	-1165.454	947.914	454.645	-1065.365	848.987	475.957	-846.441	885.599	456.872	-949.992	906.946	102.834	-808.621	727.034	56.185	-868.527	1104.876	34.489	-1104.16	990.045	103.266	-1115.282	1060.521	105.055	-1173.979	786.36	45.378	-908.821	793.449	46.341	-802.799	1001.383	31.563	-814.549	927.049	104.619	-894.537	830.623	388.253	-837.353	828.912	307.573	-819.29	875.946	54.49	-1277.287	899.965	44.502	-1205.406	986.443	37.462	-1275.027	790.523	612.883	-878.618	791.677	695.8	-874.957	835.835	692.255	-829.436	1030.655	656.777	-1155.325	976.143	648.096	-1188.722	977.241	565.147	-1181.808	987.462	390.379	-1204.656	1002.928	304.12	-1210.307	1046.658	399.54	-1181.449	882.968	395.891	-801.227	884.9	309.793	-784.854	1062.038	317.515	-1187.235	836.479	603.186	-833.583	1030.535	568.341	-1148.778	1098.251	32.291	-1172.655	1024.734	25.31	-1101.019	935.295	22.318	-780.084	956.461	27.351	-883.593
2199	10.99	919.826	1692.978	-993.13	930.906	1410.617	-818.006	1089.05	1400.678	-1090.403	897.619	1359.092	-1019.496	803.308	911.882	-931.987	926.277	931.575	-1133.848	1007.512	964.529	-952.947	1003.028	475.133	-1165.439	947.882	454.641	-1065.369	849.014	475.962	-846.364	885.547	456.87	-949.987	906.944	102.807	-808.589	727.051	56.157	-868.46	1104.86	34.489	-1104.179	990.112	103.198	-1115.257	1060.485	104.936	-1173.929	786.39	45.303	-908.689	793.432	46.36	-802.81	1001.349	31.533	-814.565	927.071	104.677	-894.534	830.625	388.273	-837.331	828.923	307.573	-819.29	875.963	54.469	-1277.299	899.972	44.489	-1205.422	986.45	37.468	-1275.02	790.508	612.955	-878.652	791.673	695.799	-874.951	835.831	692.232	-829.422	1030.638	656.822	-1155.311	976.146	648.129	-1188.726	977.262	565.164	-1181.794	987.465	390.385	-1204.656	1002.93	304.137	-1210.306	1046.641	399.536	-1181.469	882.962	395.918	-801.236	884.851	309.833	-784.837	1062.021	317.519	-1187.237	836.499	603.172	-833.498	1030.54	568.433	-1148.791	1098.244	32.288	-1172.692	1024.736	25.313	-1101.015	935.323	22.36	-780.049	956.469	27.328	-883.609
2200	10.995	919.813	1692.981	-993.144	930.917	1410.625	-818.022	1089.013	1400.677	-1090.407	897.621	1359.101	-1019.502	803.315	911.873	-931.957	926.265	931.549	-1133.83	1007.468	964.444	-952.94	1003.017	475.123	-1165.45	947.923	454.638	-1065.378	849.042	475.971	-846.346	885.6	456.831	-949.955	906.916	102.832	-808.594	727.046	56.148	-868.425	1104.883	34.494	-1104.155	990.082	103.193	-1115.285	1060.467	104.94	-1174.025	786.421	45.287	-908.607	793.447	46.333	-802.794	1001.372	31.554	-814.553	927.018	104.627	-894.515	830.636	388.221	-837.305	828.911	307.557	-819.293	875.972	54.502	-1277.312	899.972	44.489	-1205.408	986.456	37.424	-1275.021	790.513	612.911	-878.649	791.669	695.78	-874.911	835.83	692.223	-829.414	1030.641	656.821	-1155.313	976.131	648.103	-1188.738	977.249	565.141	-1181.8	987.465	390.398	-1204.652	1002.936	304.129	-1210.297	1046.668	399.535	-1181.465	882.974	395.923	-801.224	884.893	309.828	-784.822	1062.006	317.515	-1187.247	836.494	603.238	-833.467	1030.568	568.385	-1148.764	1098.231	32.255	-1172.665	1024.751	25.314	-1101.009	935.33	22.312	-780.094	956.464	27.344	-883.588
